2026-09-15T12:23:07.9003079Z Current runner version: '2.337.0'
2026-09-15T12:23:07.9023058Z ##[group]Runner Image Provisioner
2026-09-15T12:23:07.9023793Z Hosted Compute Agent
2026-09-15T12:23:07.9024322Z Version: 20260828.587
2026-09-15T12:23:07.9024849Z Commit: abac92662cab4cc7352de4f9f9d2e2419aad9c29
2026-09-15T12:23:07.9025497Z Build Date: 2026-08-28T16:44:25Z
2026-09-15T12:23:07.9026050Z Worker ID: {e8d8e095-329b-42e8-8890-53b9c5f89e43}
2026-09-15T12:23:07.9026616Z Azure Region: westcentralus
2026-09-15T12:23:07.9027186Z ##[endgroup]
2026-09-15T12:23:07.9028500Z ##[group]Operating System
2026-09-15T12:23:07.9029120Z Ubuntu
2026-09-15T12:23:07.9029557Z 24.04.5
2026-09-15T12:23:07.9029967Z LTS
2026-09-15T12:23:07.9030480Z ##[endgroup]
2026-09-15T12:23:07.9030935Z ##[group]Runner Image
2026-09-15T12:23:07.9031712Z Image: ubuntu-24.04
2026-09-15T12:23:07.9032192Z Version: 20260907.300.1
2026-09-15T12:23:07.9033245Z Included Software: https://github.com/actions/runner-images/blob/ubuntu24/20260907.300/images/ubuntu/Ubuntu2404-Readme.md
2026-09-15T12:23:07.9034485Z Image Release: https://github.com/actions/runner-images/releases/tag/ubuntu24%2F20260907.300
2026-09-15T12:23:07.9035286Z ##[endgroup]
2026-09-15T12:23:07.9037719Z ##[group]GITHUB_TOKEN Permissions
2026-09-15T12:23:07.9039936Z Actions: write
2026-09-15T12:23:07.9040449Z ArtifactMetadata: write
2026-09-15T12:23:07.9040939Z Attestations: write
2026-09-15T12:23:07.9041470Z Checks: write
2026-09-15T12:23:07.9041928Z CodeQuality: write
2026-09-15T12:23:07.9042442Z Contents: write
2026-09-15T12:23:07.9042920Z CopilotRequests: write
2026-09-15T12:23:07.9043404Z Deployments: write
2026-09-15T12:23:07.9043934Z Discussions: write
2026-09-15T12:23:07.9044390Z Drives: write
2026-09-15T12:23:07.9044875Z Issues: write
2026-09-15T12:23:07.9045327Z Metadata: read
2026-09-15T12:23:07.9045847Z Models: read
2026-09-15T12:23:07.9046327Z Packages: write
2026-09-15T12:23:07.9046775Z Pages: write
2026-09-15T12:23:07.9047232Z PullRequests: write
2026-09-15T12:23:07.9047805Z RepositoryProjects: write
2026-09-15T12:23:07.9048644Z SecurityEvents: write
2026-09-15T12:23:07.9049166Z Statuses: write
2026-09-15T12:23:07.9049626Z VulnerabilityAlerts: read
2026-09-15T12:23:07.9050126Z ##[endgroup]
2026-09-15T12:23:07.9051870Z Secret source: Actions
2026-09-15T12:23:07.9052615Z Cache mode: write
2026-09-15T12:23:07.9053416Z Prepare workflow directory
2026-09-15T12:23:07.9666536Z Prepare all required actions
2026-09-15T12:23:07.9704559Z Getting action download info
2026-09-15T12:23:08.2688478Z Download action repository 'actions/checkout@v7' (SHA:3d3c42e5aac5ba805825da76410c181273ba90b1)
2026-09-15T12:23:08.4114222Z Download action repository 'docker/setup-buildx-action@v4' (SHA:594f3bf4285d9ea8dc53c9a0c9c4092420091003)
2026-09-15T12:23:09.1328976Z Download action repository 'docker/login-action@v4' (SHA:dbcb813823bdd20940b903addbd779551569679f)
2026-09-15T12:23:09.9316522Z Download action repository 'actions/cache@v6' (SHA:55cc8345863c7cc4c66a329aec7e433d2d1c52a9)
2026-09-15T12:23:10.0861276Z Download action repository 'docker/build-push-action@v7' (SHA:c3c9e263c25d99ce0380d002d59b67737d91b0dc)
2026-09-15T12:23:11.0419594Z Download action repository 'BtbN/delete-untagged-ghcr-action@main' (SHA:79f27c09227ba426d0588966adef0717f8dd0424)
2026-09-15T12:23:11.3590855Z Getting action download info
2026-09-15T12:23:11.5075073Z Download action repository 'actions/setup-python@v6' (SHA:ece7cb06caefa5fff74198d8649806c4678c61a1)
2026-09-15T12:23:11.6699734Z Complete job name: Build target-variant image (ubuntu-latest, win64, lgpl 9.0)
2026-09-15T12:23:11.7236312Z ##[group]Run df -h && sudo apt-get clean && docker system prune -a -f && sudo rm -rf /opt/ghc /usr/local/.ghcup /usr/local/lib/android && df -h
2026-09-15T12:23:11.7237131Z [36;1mdf -h && sudo apt-get clean && docker system prune -a -f && sudo rm -rf /opt/ghc /usr/local/.ghcup /usr/local/lib/android && df -h[0m
2026-09-15T12:23:11.7271229Z shell: /usr/bin/bash -e {0}
2026-09-15T12:23:11.7271611Z env:
2026-09-15T12:23:11.7271797Z   DOCKER_BUILDKIT: 1
2026-09-15T12:23:11.7272204Z ##[endgroup]
2026-09-15T12:23:11.7459491Z Filesystem       Size  Used Avail Use% Mounted on
2026-09-15T12:23:11.7459915Z /dev/root        145G   59G   87G  41% /
2026-09-15T12:23:11.7460196Z tmpfs            7.9G   84K  7.9G   1% /dev/shm
2026-09-15T12:23:11.7460454Z tmpfs            3.2G 1020K  3.2G   1% /run
2026-09-15T12:23:11.7460707Z tmpfs            5.0M     0  5.0M   0% /run/lock
2026-09-15T12:23:11.7461005Z efivarfs         128M   32K  128M   1% /sys/firmware/efi/efivars
2026-09-15T12:23:11.7461346Z /dev/nvme0n1p16  881M   64M  756M   8% /boot
2026-09-15T12:23:11.7461604Z /dev/nvme0n1p15  105M  6.2M   99M   6% /boot/efi
2026-09-15T12:23:11.7461868Z tmpfs            1.6G   12K  1.6G   1% /run/user/1001
2026-09-15T12:23:16.4510128Z Deleted Images:
2026-09-15T12:23:16.4510694Z untagged: ghcr.io/dependabot/dependabot-updater-core:latest
2026-09-15T12:23:16.4511526Z untagged: ghcr.io/dependabot/dependabot-updater-core@sha256:2fba19978e4b0b2a9829597be4a15fb1fe19878b241e97a9b4d1317692940c45
2026-09-15T12:23:16.4512318Z deleted: sha256:5c1f9f1da87f5427dd6e2ec5a1ab97d0748fdbafcf57eb9055a943a414b545d8
2026-09-15T12:23:16.4512751Z deleted: sha256:a658acc81f7c03694e92f11ffe3716ab1e1828fefcd8c38e16b0baf9e7dd855e
2026-09-15T12:23:16.4513184Z deleted: sha256:3deacaf32289cd96e22b8c126f3b6798c10b13e95573345a6541e0f2e06dbf1a
2026-09-15T12:23:16.4513626Z deleted: sha256:6de7bde6a77f7425104bebf13d2245e8c979466b5950850850bb2b59e2a446ef
2026-09-15T12:23:16.4514319Z deleted: sha256:801974b9383c04d0b062eabda4fa89aea90d7f81014a5132bea9ad5af432e63a
2026-09-15T12:23:16.4515018Z deleted: sha256:f4f67dbe94c5027b91e62a87b484094ec5edf89c6500d22a5db8fa4eec67175c
2026-09-15T12:23:16.4515431Z deleted: sha256:ca382568e43dbf58df9081d87644fe890c310ca466d7dc521182e9ffbdc7b114
2026-09-15T12:23:16.4515914Z deleted: sha256:86729f28930c476a1c6e36572c8868f9e040f26ded9dbf3a95280883a792c9ac
2026-09-15T12:23:16.4516402Z deleted: sha256:0a693f8c5976fbc1ff090ea7c2a54a5956d68ae24bea0bd7398f66ad8037b0a1
2026-09-15T12:23:16.4516806Z deleted: sha256:52fd024951e481afa63bd5ef23d13c98812d030e58f07f476d5ee729d5be5a99
2026-09-15T12:23:16.4517353Z deleted: sha256:d4169ad79fb7d65bbcd18dc7612d3535f417ef5d6b352bdece28ca9bd4f5645e
2026-09-15T12:23:16.4517798Z deleted: sha256:e1f9b984a3f8762d623f4fbbf0b14bdeb4b68aafb0bdaaa89bc6c374e0ce9265
2026-09-15T12:23:16.4518531Z deleted: sha256:b9a65b3c65ab22d490085bd0bf5490e2409da8748b406870f2463bdc41cd6795
2026-09-15T12:23:16.4518868Z untagged: ghcr.io/github/gh-aw-mcpg:latest
2026-09-15T12:23:16.4519310Z untagged: ghcr.io/github/gh-aw-mcpg@sha256:85b940556a8faa4e1fdbef124bfd75f2c4ebd855a10b88a1c3b6f3e97f6f1a53
2026-09-15T12:23:16.4519838Z deleted: sha256:5f22df3c4a888854cfd7514774684e882b961e11d319d1f4039684ad541d054c
2026-09-15T12:23:16.4520255Z deleted: sha256:6c37d32d6b128c746188851ba4212d149ce39981c0b766b2d3c447b8490d7a04
2026-09-15T12:23:16.4520656Z deleted: sha256:3ca287a3624a33e972668a5d6b7700a8c8dc3041aeadb0fcfe3848f38b2f668a
2026-09-15T12:23:16.4521055Z deleted: sha256:5c67f508406e6a9bf44788025c431b8006e32ed767e703b025caca793dbfedb1
2026-09-15T12:23:16.4521451Z deleted: sha256:8dd0a643b90751a901f6982738612594e618ba48ea971098e8d4e7468d9cc450
2026-09-15T12:23:16.4521841Z deleted: sha256:c48e7d23f5f6b9133896e262a510ef3f4288e11d98705c1f52b8cc19fb7af6f8
2026-09-15T12:23:16.4522243Z deleted: sha256:09df3d36d3df02c2be99898ac9e632f91e02fb8262d715c6c0e25927ed2e5dd6
2026-09-15T12:23:16.4522651Z deleted: sha256:6ccd0f9257b0a94f3e50f50a9cdc766408da9d5ded13721abdac5fc34f663f49
2026-09-15T12:23:16.4533360Z deleted: sha256:4b35d13cdd93533c08ba296080135dfc555c64a3a0a4284ac739b93e53ee63f6
2026-09-15T12:23:16.4533852Z deleted: sha256:70834cf3bba44803e61e4c9d424992d91e06c34dcbfa92d388fc493c51c26e3a
2026-09-15T12:23:16.4534416Z deleted: sha256:1a597abbdca4511eb22f2e0b00a5d8b6d6129e7669ed56d751b9d1d611d80bfa
2026-09-15T12:23:16.4534895Z deleted: sha256:d5c28ed9f7e287d23038493d8b2dbea75a712162b907ec2fab74295d6bbf77fc
2026-09-15T12:23:16.4535487Z untagged: ghcr.io/github/gh-aw-firewall/api-proxy:latest
2026-09-15T12:23:16.4535983Z untagged: ghcr.io/github/gh-aw-firewall/api-proxy@sha256:6f95e2234dd9bd6333a8ff28ccea7ecf0204acd4a09108723844dbd2bf6268c5
2026-09-15T12:23:16.4536705Z deleted: sha256:9d8f8fbebb4891599e5e95a55878c77d12c4c321a715acb61dfbb6560b9a55f7
2026-09-15T12:23:16.4537248Z deleted: sha256:3f6dbad59a0bd4729965d9c16c261d980e14162bf000dbcafe8ed7db2fedff6a
2026-09-15T12:23:16.4537662Z deleted: sha256:80b79f0f8bc3d5c3cdf69acd5dce576d05f85a637a80a7c3100757747995da79
2026-09-15T12:23:16.4538378Z deleted: sha256:a53eb6ed7d6102b7a56089598e8984dccdce769642ab8b7483de9b9ad2f9759b
2026-09-15T12:23:16.4538803Z deleted: sha256:0f25ce44464c0e2c078afd7b11f2b8858d4723083e360476d0492fed5a43c55e
2026-09-15T12:23:16.4539277Z deleted: sha256:dc9c32836ca3a5bd64bbd358dddf58538bd478e0b1056d9788811fdefe4760dc
2026-09-15T12:23:16.4539728Z deleted: sha256:78b6d979c4416462cbea914957db2a0d0ffbbf13ebef0396e96f87f6a04c1c83
2026-09-15T12:23:16.4540151Z deleted: sha256:dafd7f59462c952a062aee22b121678c09db1270c06099a530ffc0e4f15757d5
2026-09-15T12:23:16.4540657Z deleted: sha256:34447b7d6e1dbe8676ba1a182208e48cb136db5173a7b4e9db844e8cacfabd01
2026-09-15T12:23:16.4541083Z deleted: sha256:5da802879903f2d623b671bd10f7b817b6f35c8bec8adaebfd89a117e42f5781
2026-09-15T12:23:16.4541538Z deleted: sha256:a696aa1bb46d54f27a28325e84b65909a50b909fc457649fbc8301a7aca37895
2026-09-15T12:23:16.4541984Z deleted: sha256:3d64c014648b8444862bc8607a2495744e9a5ed3b0f900a312000966a0c1b848
2026-09-15T12:23:16.4542406Z deleted: sha256:3cb5ff4e2dd3664e916daf13ba79b8104cae6c95e940f30b22eba2e1c9700055
2026-09-15T12:23:16.4542935Z deleted: sha256:67ff5491d21a37e76f730c473545e7d4143c28cf7ee18a80d44fd9e21780b860
2026-09-15T12:23:16.4543444Z untagged: ghcr.io/github/gh-aw-firewall/agent:latest
2026-09-15T12:23:16.4543998Z untagged: ghcr.io/github/gh-aw-firewall/agent@sha256:f7df036c86575527b61f3f7df91c4412349a12b2a74988d929eafa2999230c98
2026-09-15T12:23:16.4544541Z deleted: sha256:bd7acdea59363f831eae4896982d7476af675c9d5c281ebc9b739af5fc72f561
2026-09-15T12:23:16.4545070Z deleted: sha256:835524e93c1a21bb17de1be07498df8d9871fc242bf9e75d990bdc56575672ef
2026-09-15T12:23:16.4545487Z deleted: sha256:30707983df40fb4ab43c2cc153cdcfea8188eb564e21860b2df0b8126e02d191
2026-09-15T12:23:16.4545895Z deleted: sha256:89f02a183f5fcabb96e9ffc11f0af77c566e6a25a0c69835a869897ca6fe5e37
2026-09-15T12:23:16.4546305Z deleted: sha256:a7fb1fe985b36be7d31d4323c87dca4e179fc6ca3c74b5f687ea91a09487c34c
2026-09-15T12:23:16.4546712Z deleted: sha256:14310bdf1e1c5dbd600be902d4d3aadbf17b69f5f098cf6a78e63b36ea0fe968
2026-09-15T12:23:16.4547128Z deleted: sha256:a688db3e7bd99824d7a8d208d1bfbbadfe138f7da289ffaa0be99b340d5f7791
2026-09-15T12:23:16.4547542Z deleted: sha256:bbd6fa1ee3c6cb08bdedaf327da02cffa2de419399df715530156c65c828dd9d
2026-09-15T12:23:16.4548159Z deleted: sha256:ae5095c15a582692fe26c98943591c570c8e01ecade1fbc1afbeb91fc5b30083
2026-09-15T12:23:16.4548570Z deleted: sha256:48607de80178970f04b8070234715afcb462d1ebae0e35d7706e90e363fad8f1
2026-09-15T12:23:16.4549039Z deleted: sha256:e36cc363bb33bde2cb93c5453d4102143425469dbe4235bceb7838c3f3884087
2026-09-15T12:23:16.4549467Z deleted: sha256:fe127748fc7c38aca97b5d62ea80f1a94d595b1d507034d16c50fa0edf34a3f9
2026-09-15T12:23:16.4549871Z deleted: sha256:76b449524758f19bbee8ab573533946790535760522180774a52ff4a9ab3ced6
2026-09-15T12:23:16.4550281Z deleted: sha256:8704049c6b08fb4b480f629085bdcc79048f5cda6f1fadb0f93699371b34bb0d
2026-09-15T12:23:16.4550798Z deleted: sha256:b612b26fad33bce77de9e47ebdf2b07b5cbe468fa5860b74c1ff635c9194c74a
2026-09-15T12:23:16.4551609Z deleted: sha256:328120eca40f8b857f0e1a3cd8f3d8fd9bcd5c2c0f4776647796eb37f24a40d7
2026-09-15T12:23:16.4552292Z deleted: sha256:9d26eb37d23413f641be146794b1b8ecdd9b1fcd9a8f110842c0038f5f440206
2026-09-15T12:23:16.4553009Z deleted: sha256:c0359c5b6ede84d4a083d06d35ee77f0b338dfb17423771854d007d89953fb3e
2026-09-15T12:23:16.4553561Z untagged: ghcr.io/github/gh-aw-firewall/squid:latest
2026-09-15T12:23:16.4554266Z untagged: ghcr.io/github/gh-aw-firewall/squid@sha256:2ce8df3abf3e9b76e9c0cf5863da41f1ab3f89b20ad14b988806ab89e7bf2cd5
2026-09-15T12:23:16.4554984Z deleted: sha256:ebc9c9e5ccbd12daa23000ec1af4118fe64bc6ac61a25a39552e86f2941ec108
2026-09-15T12:23:16.4555402Z deleted: sha256:985778c0df7e26510751d7fca1e46b01ec5cd13716dfb4ebaa293b6e617da6ce
2026-09-15T12:23:16.4555814Z deleted: sha256:801a15b59b64ce9d2896f9e9f9dab7e99be9e94e56ad8e75df7113dbae5d461b
2026-09-15T12:23:16.4556228Z deleted: sha256:8b7ce8ae5ead69d566b03fa43c47d34fcd3081bb208ef7c4619b82f54d882c1a
2026-09-15T12:23:16.4556649Z deleted: sha256:a8913d3fe0eda67eda6a098eedb907e803a207157ddf88c54da79d8ac15ce580
2026-09-15T12:23:16.4557063Z deleted: sha256:34884abbe92863fce933ed7c39c0e045631af0ed86d5cc0dfbdf9fdca426ce3c
2026-09-15T12:23:16.4557410Z untagged: ghcr.io/github/github-mcp-server:latest
2026-09-15T12:23:16.4558112Z untagged: ghcr.io/github/github-mcp-server@sha256:46cdbbd810faf6f7aed1745ea04057443f5cb9fcadc15c7308add18cf9a83e33
2026-09-15T12:23:16.4558725Z deleted: sha256:3e165e25be8d461c06268b9fb30e93cf91f791acf7e3889f41b20f4896357dc0
2026-09-15T12:23:16.4559124Z deleted: sha256:e6795b1026263703aab7615e3710f9506ec5f018544150b68778c93b75375b85
2026-09-15T12:23:16.4559540Z deleted: sha256:1e1cabb4a65e50fb84bc4612619b0025e4a1d06d5e38699d1e67e5a8e4f333db
2026-09-15T12:23:16.4559939Z deleted: sha256:86766d6a6e947f4a599c6e23307470f8f75732fc3d143ec1f3260e4406202bee
2026-09-15T12:23:16.4560334Z deleted: sha256:2944471a0bbdfb4985f84f8d287edb5cd982d1060589e707a6cb0cbe82cdfe89
2026-09-15T12:23:16.4560733Z deleted: sha256:5e555e7975e2202f21fb93d460d701a340ade876f3afccb70d702f1dc5ab80db
2026-09-15T12:23:16.4561130Z deleted: sha256:2a080d78a1c5e3615170178f1c6f4c726340da9d5ff2926cb66e2fd97851da9d
2026-09-15T12:23:16.4561531Z deleted: sha256:af4a114029fbf94a3cf75c5cfaa5e947019cd6faae4b800c9306ac9079363def
2026-09-15T12:23:16.4561934Z deleted: sha256:c7b875d3de914680ec64ba55be5865955ec595e7370812894ee68a502e2e8391
2026-09-15T12:23:16.4562325Z deleted: sha256:85d9b4c1ef131ee259952a35027e942f79626303ab143eff7ef00d55201bd06f
2026-09-15T12:23:16.4562733Z deleted: sha256:492c6420fd79f4cd4e761bec1e74db6044d45adb5b073a82289af68aa3162e3f
2026-09-15T12:23:16.4563140Z deleted: sha256:14b282df61c0316a80216cec27e753777da93de1d7e062072ef3b517f984fcf1
2026-09-15T12:23:16.4563542Z deleted: sha256:fdaace00fc3f072b9060f703047b30a2c14d8bde7dbbf31a396802c032923732
2026-09-15T12:23:16.4563950Z deleted: sha256:7f73eafc455b691b504d4d3c3f3c7be90e135c1d0ba4988b2cac29579cd6b567
2026-09-15T12:23:16.4564357Z deleted: sha256:32a12b65383df6b6553c8d59f691675ca1980f8cec9c51cce163c3c8f7665a41
2026-09-15T12:23:16.4564758Z deleted: sha256:5217b01660b515ac25ea055a8bd04a20790c7d6bd6085374b59b9081283911af
2026-09-15T12:23:16.4565152Z deleted: sha256:7223ea1323e8c1159ec17f07d35acc27bdd1cc2bc3ed425b44ef21dac9915db0
2026-09-15T12:23:16.4565395Z 
2026-09-15T12:23:16.4565521Z Total reclaimed space: 1.88GB
2026-09-15T12:23:45.7172646Z Filesystem       Size  Used Avail Use% Mounted on
2026-09-15T12:23:45.7173144Z /dev/root        145G   42G  103G  29% /
2026-09-15T12:23:45.7173512Z tmpfs            7.9G   84K  7.9G   1% /dev/shm
2026-09-15T12:23:45.7173945Z tmpfs            3.2G 1012K  3.2G   1% /run
2026-09-15T12:23:45.7174329Z tmpfs            5.0M     0  5.0M   0% /run/lock
2026-09-15T12:23:45.7174749Z efivarfs         128M   32K  128M   1% /sys/firmware/efi/efivars
2026-09-15T12:23:45.7175135Z /dev/nvme0n1p16  881M   64M  756M   8% /boot
2026-09-15T12:23:45.7175482Z /dev/nvme0n1p15  105M  6.2M   99M   6% /boot/efi
2026-09-15T12:23:45.7175735Z tmpfs            1.6G   12K  1.6G   1% /run/user/1001
2026-09-15T12:23:45.7335224Z ##[group]Run actions/checkout@v7
2026-09-15T12:23:45.7335470Z with:
2026-09-15T12:23:45.7335659Z   repository: BtbN/FFmpeg-Builds
2026-09-15T12:23:45.7337561Z   token: ***
2026-09-15T12:23:45.7337760Z   ssh-strict: true
2026-09-15T12:23:45.7338138Z   ssh-user: git
2026-09-15T12:23:45.7338319Z   persist-credentials: true
2026-09-15T12:23:45.7338517Z   clean: true
2026-09-15T12:23:45.7338701Z   sparse-checkout-cone-mode: true
2026-09-15T12:23:45.7338909Z   fetch-depth: 1
2026-09-15T12:23:45.7339077Z   fetch-tags: false
2026-09-15T12:23:45.7339424Z   show-progress: true
2026-09-15T12:23:45.7339601Z   lfs: false
2026-09-15T12:23:45.7339760Z   submodules: false
2026-09-15T12:23:45.7339937Z   set-safe-directory: true
2026-09-15T12:23:45.7340141Z   allow-unsafe-pr-checkout: false
2026-09-15T12:23:45.7340372Z env:
2026-09-15T12:23:45.7340532Z   DOCKER_BUILDKIT: 1
2026-09-15T12:23:45.7340707Z ##[endgroup]
2026-09-15T12:23:45.8084377Z Syncing repository: BtbN/FFmpeg-Builds
2026-09-15T12:23:45.8085814Z ##[group]Getting Git version info
2026-09-15T12:23:45.8086206Z Working directory is '/home/runner/work/FFmpeg-Builds/FFmpeg-Builds'
2026-09-15T12:23:45.8086686Z [command]/usr/bin/git version
2026-09-15T12:23:45.8151099Z git version 2.55.0
2026-09-15T12:23:45.8165570Z ##[endgroup]
2026-09-15T12:23:45.8173480Z Temporarily overriding HOME='/home/runner/work/_temp/4cb5825f-9296-470d-90e2-baf4f540fddf' before making global git config changes
2026-09-15T12:23:45.8174455Z Adding repository directory to the temporary git global config as a safe directory
2026-09-15T12:23:45.8177943Z [command]/usr/bin/git config --global --add safe.directory /home/runner/work/FFmpeg-Builds/FFmpeg-Builds
2026-09-15T12:23:45.8217626Z Deleting the contents of '/home/runner/work/FFmpeg-Builds/FFmpeg-Builds'
2026-09-15T12:23:45.8220335Z ##[group]Determining repository object format
2026-09-15T12:23:45.8221379Z ##[endgroup]
2026-09-15T12:23:45.8221822Z ##[group]Initializing the repository
2026-09-15T12:23:45.8224647Z [command]/usr/bin/git init /home/runner/work/FFmpeg-Builds/FFmpeg-Builds
2026-09-15T12:23:45.8312022Z hint: Using 'master' as the name for the initial branch. This default branch name
2026-09-15T12:23:45.8312804Z hint: will change to "main" in Git 3.0. To configure the initial branch name
2026-09-15T12:23:45.8313390Z hint: to use in all of your new repositories, which will suppress this warning,
2026-09-15T12:23:45.8313703Z hint: call:
2026-09-15T12:23:45.8313874Z hint:
2026-09-15T12:23:45.8314114Z hint: 	git config --global init.defaultBranch <name>
2026-09-15T12:23:45.8314542Z hint:
2026-09-15T12:23:45.8314906Z hint: Names commonly chosen instead of 'master' are 'main', 'trunk' and
2026-09-15T12:23:45.8315487Z hint: 'development'. The just-created branch can be renamed via this command:
2026-09-15T12:23:45.8315785Z hint:
2026-09-15T12:23:45.8315957Z hint: 	git branch -m <name>
2026-09-15T12:23:45.8316177Z hint:
2026-09-15T12:23:45.8316445Z hint: Disable this message with "git config set advice.defaultBranchName false"
2026-09-15T12:23:45.8316901Z Initialized empty Git repository in /home/runner/work/FFmpeg-Builds/FFmpeg-Builds/.git/
2026-09-15T12:23:45.8322963Z [command]/usr/bin/git remote add origin https://github.com/BtbN/FFmpeg-Builds
2026-09-15T12:23:45.8362105Z ##[endgroup]
2026-09-15T12:23:45.8362614Z ##[group]Disabling automatic garbage collection
2026-09-15T12:23:45.8365796Z [command]/usr/bin/git config --local gc.auto 0
2026-09-15T12:23:45.8388767Z ##[endgroup]
2026-09-15T12:23:45.8389114Z ##[group]Setting up auth
2026-09-15T12:23:45.8389440Z Removing SSH command configuration
2026-09-15T12:23:45.8393161Z [command]/usr/bin/git config --local --name-only --get-regexp core\.sshCommand
2026-09-15T12:23:45.8417464Z [command]/usr/bin/git submodule foreach --recursive sh -c "git config --local --name-only --get-regexp 'core\.sshCommand' && git config --local --unset-all 'core.sshCommand' || :"
2026-09-15T12:23:45.8702682Z Removing HTTP extra header
2026-09-15T12:23:45.8706948Z [command]/usr/bin/git config --local --name-only --get-regexp http\.https\:\/\/github\.com\/\.extraheader
2026-09-15T12:23:45.8731140Z [command]/usr/bin/git submodule foreach --recursive sh -c "git config --local --name-only --get-regexp 'http\.https\:\/\/github\.com\/\.extraheader' && git config --local --unset-all 'http.https://github.com/.extraheader' || :"
2026-09-15T12:23:45.8905703Z Removing includeIf entries pointing to credentials config files
2026-09-15T12:23:45.8909600Z [command]/usr/bin/git config --local --name-only --get-regexp ^includeIf\.gitdir:
2026-09-15T12:23:45.8934994Z [command]/usr/bin/git submodule foreach --recursive git config --local --show-origin --name-only --get-regexp remote.origin.url
2026-09-15T12:23:45.9122908Z [command]/usr/bin/git config --file /home/runner/work/_temp/git-credentials-9fe6ce14-41ab-4cac-814b-f43dfca4e499.config http.https://github.com/.extraheader AUTHORIZATION: basic ***
2026-09-15T12:23:45.9151214Z [command]/usr/bin/git config --local includeIf.gitdir:/home/runner/work/FFmpeg-Builds/FFmpeg-Builds/.git.path /home/runner/work/_temp/git-credentials-9fe6ce14-41ab-4cac-814b-f43dfca4e499.config
2026-09-15T12:23:45.9174685Z [command]/usr/bin/git config --local includeIf.gitdir:/home/runner/work/FFmpeg-Builds/FFmpeg-Builds/.git/worktrees/*.path /home/runner/work/_temp/git-credentials-9fe6ce14-41ab-4cac-814b-f43dfca4e499.config
2026-09-15T12:23:45.9202543Z [command]/usr/bin/git config --local includeIf.gitdir:/github/workspace/.git.path /github/runner_temp/git-credentials-9fe6ce14-41ab-4cac-814b-f43dfca4e499.config
2026-09-15T12:23:45.9227614Z [command]/usr/bin/git config --local includeIf.gitdir:/github/workspace/.git/worktrees/*.path /github/runner_temp/git-credentials-9fe6ce14-41ab-4cac-814b-f43dfca4e499.config
2026-09-15T12:23:45.9248746Z ##[endgroup]
2026-09-15T12:23:45.9249073Z ##[group]Fetching the repository
2026-09-15T12:23:45.9254803Z [command]/usr/bin/git -c protocol.version=2 fetch --no-tags --prune --no-recurse-submodules --depth=1 origin +3e6685eda92f9288c15ac320139622dcedca09a4:refs/remotes/origin/master
2026-09-15T12:23:46.9274322Z From https://github.com/BtbN/FFmpeg-Builds
2026-09-15T12:23:46.9274781Z  * [new ref]         3e6685eda92f9288c15ac320139622dcedca09a4 -> origin/master
2026-09-15T12:23:46.9285819Z [command]/usr/bin/git branch --list --remote origin/master
2026-09-15T12:23:46.9309356Z   origin/master
2026-09-15T12:23:46.9318042Z [command]/usr/bin/git rev-parse refs/remotes/origin/master
2026-09-15T12:23:46.9340016Z 3e6685eda92f9288c15ac320139622dcedca09a4
2026-09-15T12:23:46.9349297Z ##[endgroup]
2026-09-15T12:23:46.9349886Z ##[group]Determining the checkout info
2026-09-15T12:23:46.9350458Z ##[endgroup]
2026-09-15T12:23:46.9350774Z [command]/usr/bin/git sparse-checkout disable
2026-09-15T12:23:46.9391960Z [command]/usr/bin/git config --local --unset-all extensions.worktreeConfig
2026-09-15T12:23:46.9416368Z ##[group]Checking out the ref
2026-09-15T12:23:46.9419959Z [command]/usr/bin/git checkout --progress --force -B master refs/remotes/origin/master
2026-09-15T12:23:46.9542606Z Reset branch 'master'
2026-09-15T12:23:46.9548042Z branch 'master' set up to track 'origin/master'.
2026-09-15T12:23:46.9562733Z ##[endgroup]
2026-09-15T12:23:46.9588890Z [command]/usr/bin/git log -1 --format=%H
2026-09-15T12:23:46.9612910Z 3e6685eda92f9288c15ac320139622dcedca09a4
2026-09-15T12:23:46.9749221Z ##[group]Run docker/setup-buildx-action@v4
2026-09-15T12:23:46.9749467Z with:
2026-09-15T12:23:46.9749649Z   buildkitd-config: .github/buildkit.toml
2026-09-15T12:23:46.9749964Z   driver: docker-container
2026-09-15T12:23:46.9750184Z   use: true
2026-09-15T12:23:46.9750367Z   keep-state: false
2026-09-15T12:23:46.9750536Z   cache-binary: true
2026-09-15T12:23:46.9750706Z   cleanup: true
2026-09-15T12:23:46.9750867Z env:
2026-09-15T12:23:46.9751107Z   DOCKER_BUILDKIT: 1
2026-09-15T12:23:46.9751282Z ##[endgroup]
2026-09-15T12:23:47.1312853Z ##[group]Docker info
2026-09-15T12:23:47.1330598Z [command]/usr/bin/docker version
2026-09-15T12:23:47.1503215Z Client: Docker Engine - Community
2026-09-15T12:23:47.1505287Z  Version:           28.0.4
2026-09-15T12:23:47.1505634Z  API version:       1.48
2026-09-15T12:23:47.1505932Z  Go version:        go1.23.7
2026-09-15T12:23:47.1506228Z  Git commit:        b8034c0
2026-09-15T12:23:47.1506521Z  Built:             Tue Mar 25 15:07:16 2025
2026-09-15T12:23:47.1506960Z  OS/Arch:           linux/amd64
2026-09-15T12:23:47.1507245Z  Context:           default
2026-09-15T12:23:47.1507411Z 
2026-09-15T12:23:47.1507539Z Server: Docker Engine - Community
2026-09-15T12:23:47.1507966Z  Engine:
2026-09-15T12:23:47.1508184Z   Version:          28.0.4
2026-09-15T12:23:47.1508822Z   API version:      1.48 (minimum version 1.24)
2026-09-15T12:23:47.1509152Z   Go version:       go1.23.7
2026-09-15T12:23:47.1509416Z   Git commit:       6430e49
2026-09-15T12:23:47.1509707Z   Built:            Tue Mar 25 15:07:16 2025
2026-09-15T12:23:47.1510008Z   OS/Arch:          linux/amd64
2026-09-15T12:23:47.1510292Z   Experimental:     false
2026-09-15T12:23:47.1510567Z  containerd:
2026-09-15T12:23:47.1510793Z   Version:          v2.3.4
2026-09-15T12:23:47.1511133Z   GitCommit:        db8809540e1a7a9da5d518876894933ff55692ab
2026-09-15T12:23:47.1511515Z  runc:
2026-09-15T12:23:47.1511741Z   Version:          1.5.1
2026-09-15T12:23:47.1512021Z   GitCommit:        v1.5.1-0-g8f2685a4
2026-09-15T12:23:47.1512332Z  docker-init:
2026-09-15T12:23:47.1512576Z   Version:          0.19.0
2026-09-15T12:23:47.1512849Z   GitCommit:        de40ad0
2026-09-15T12:23:47.1545109Z [command]/usr/bin/docker info
2026-09-15T12:23:47.4358174Z Client: Docker Engine - Community
2026-09-15T12:23:47.4358895Z  Version:    28.0.4
2026-09-15T12:23:47.4359388Z  Context:    default
2026-09-15T12:23:47.4359684Z  Debug Mode: false
2026-09-15T12:23:47.4359947Z  Plugins:
2026-09-15T12:23:47.4360212Z   buildx: Docker Buildx (Docker Inc.)
2026-09-15T12:23:47.4360538Z     Version:  v0.37.0
2026-09-15T12:23:47.4360821Z     Path:     /usr/libexec/docker/cli-plugins/docker-buildx
2026-09-15T12:23:47.4361184Z   compose: Docker Compose (Docker Inc.)
2026-09-15T12:23:47.4361436Z     Version:  v2.38.2
2026-09-15T12:23:47.4361680Z     Path:     /usr/libexec/docker/cli-plugins/docker-compose
2026-09-15T12:23:47.4361867Z 
2026-09-15T12:23:47.4361939Z Server:
2026-09-15T12:23:47.4362134Z  Containers: 0
2026-09-15T12:23:47.4362372Z   Running: 0
2026-09-15T12:23:47.4362533Z   Paused: 0
2026-09-15T12:23:47.4362693Z   Stopped: 0
2026-09-15T12:23:47.4362847Z  Images: 0
2026-09-15T12:23:47.4363005Z  Server Version: 28.0.4
2026-09-15T12:23:47.4363282Z  Storage Driver: overlay2
2026-09-15T12:23:47.4363481Z   Backing Filesystem: extfs
2026-09-15T12:23:47.4363677Z   Supports d_type: true
2026-09-15T12:23:47.4363864Z   Using metacopy: false
2026-09-15T12:23:47.4364045Z   Native Overlay Diff: false
2026-09-15T12:23:47.4364299Z   userxattr: false
2026-09-15T12:23:47.4364525Z  Logging Driver: json-file
2026-09-15T12:23:47.4364717Z  Cgroup Driver: systemd
2026-09-15T12:23:47.4364892Z  Cgroup Version: 2
2026-09-15T12:23:47.4365085Z  Plugins:
2026-09-15T12:23:47.4365285Z   Volume: local
2026-09-15T12:23:47.4365538Z   Network: bridge host ipvlan macvlan null overlay
2026-09-15T12:23:47.4365864Z   Log: awslogs fluentd gcplogs gelf journald json-file local splunk syslog
2026-09-15T12:23:47.4366168Z  Swarm: inactive
2026-09-15T12:23:47.4366784Z  Runtimes: io.containerd.runc.v2 runc
2026-09-15T12:23:47.4367044Z  Default Runtime: runc
2026-09-15T12:23:47.4367240Z  Init Binary: docker-init
2026-09-15T12:23:47.4367586Z  containerd version: db8809540e1a7a9da5d518876894933ff55692ab
2026-09-15T12:23:47.4368019Z  runc version: v1.5.1-0-g8f2685a4
2026-09-15T12:23:47.4368243Z  init version: de40ad0
2026-09-15T12:23:47.4368487Z  Security Options:
2026-09-15T12:23:47.4368690Z   apparmor
2026-09-15T12:23:47.4368846Z   seccomp
2026-09-15T12:23:47.4369007Z    Profile: builtin
2026-09-15T12:23:47.4369180Z   cgroupns
2026-09-15T12:23:47.4369343Z  Kernel Version: 6.17.0-1022-azure
2026-09-15T12:23:47.4369671Z  Operating System: Ubuntu 24.04.5 LTS
2026-09-15T12:23:47.4369891Z  OSType: linux
2026-09-15T12:23:47.4370060Z  Architecture: x86_64
2026-09-15T12:23:47.4370233Z  CPUs: 4
2026-09-15T12:23:47.4370390Z  Total Memory: 15.61GiB
2026-09-15T12:23:47.4370663Z  Name: runnervmlun5p
2026-09-15T12:23:47.4370856Z  ID: a4efb8b6-20f9-46f4-b827-91ac0547be3a
2026-09-15T12:23:47.4371087Z  Docker Root Dir: /var/lib/docker
2026-09-15T12:23:47.4371287Z  Debug Mode: false
2026-09-15T12:23:47.4371492Z  Username: githubactions
2026-09-15T12:23:47.4371746Z  Experimental: false
2026-09-15T12:23:47.4371921Z  Insecure Registries:
2026-09-15T12:23:47.4377127Z   ::1/128
2026-09-15T12:23:47.4377565Z   127.0.0.0/8
2026-09-15T12:23:47.4377755Z  Live Restore Enabled: false
2026-09-15T12:23:47.4378084Z 
2026-09-15T12:23:47.4378937Z ##[endgroup]
2026-09-15T12:23:47.4903994Z ##[group]Buildx version
2026-09-15T12:23:47.4922836Z [command]/usr/bin/docker buildx version
2026-09-15T12:23:47.5292040Z github.com/docker/buildx v0.37.0 ac30b249211430b85fb8f37b6e7154b5c47ba0b6
2026-09-15T12:23:47.5316216Z ##[endgroup]
2026-09-15T12:23:47.5443624Z ##[group]Inspecting default docker context
2026-09-15T12:23:47.5555911Z [
2026-09-15T12:23:47.5556110Z   {
2026-09-15T12:23:47.5556272Z     "Name": "default",
2026-09-15T12:23:47.5556473Z     "Metadata": {},
2026-09-15T12:23:47.5556654Z     "Endpoints": {
2026-09-15T12:23:47.5556860Z       "docker": {
2026-09-15T12:23:47.5557175Z         "Host": "unix:///var/run/docker.sock",
2026-09-15T12:23:47.5557488Z         "SkipTLSVerify": false
2026-09-15T12:23:47.5557686Z       }
2026-09-15T12:23:47.5558047Z     },
2026-09-15T12:23:47.5558292Z     "TLSMaterial": {},
2026-09-15T12:23:47.5558545Z     "Storage": {
2026-09-15T12:23:47.5558736Z       "MetadataPath": "<IN MEMORY>",
2026-09-15T12:23:47.5559053Z       "TLSPath": "<IN MEMORY>"
2026-09-15T12:23:47.5559285Z     }
2026-09-15T12:23:47.5559479Z   }
2026-09-15T12:23:47.5559674Z ]
2026-09-15T12:23:47.5560092Z ##[endgroup]
2026-09-15T12:23:47.6051334Z ##[group]Pulling BuildKit image(s)
2026-09-15T12:23:47.6073275Z [command]/usr/bin/docker pull moby/buildkit:buildx-stable-1
2026-09-15T12:23:48.3664593Z buildx-stable-1: Pulling from moby/buildkit
2026-09-15T12:23:48.6551242Z e6f31ffc071e: Pulling fs layer
2026-09-15T12:23:48.6551864Z 58699b5d8a46: Pulling fs layer
2026-09-15T12:23:48.6552342Z 79330c0ded89: Pulling fs layer
2026-09-15T12:23:48.6552715Z 524a9b2a3071: Pulling fs layer
2026-09-15T12:23:48.6553004Z da08d5134795: Pulling fs layer
2026-09-15T12:23:48.6553282Z c83f748d995d: Pulling fs layer
2026-09-15T12:23:48.6553552Z 9a6fe4fcb2cb: Pulling fs layer
2026-09-15T12:23:48.6553806Z da08d5134795: Waiting
2026-09-15T12:23:48.6554052Z c83f748d995d: Waiting
2026-09-15T12:23:48.6554308Z 524a9b2a3071: Waiting
2026-09-15T12:23:48.6554569Z 9a6fe4fcb2cb: Waiting
2026-09-15T12:23:48.8617354Z 79330c0ded89: Verifying Checksum
2026-09-15T12:23:48.8617697Z 79330c0ded89: Download complete
2026-09-15T12:23:49.0194196Z e6f31ffc071e: Verifying Checksum
2026-09-15T12:23:49.0194915Z e6f31ffc071e: Download complete
2026-09-15T12:23:49.0554843Z 524a9b2a3071: Verifying Checksum
2026-09-15T12:23:49.0558498Z 524a9b2a3071: Download complete
2026-09-15T12:23:49.0941303Z 58699b5d8a46: Verifying Checksum
2026-09-15T12:23:49.0942720Z 58699b5d8a46: Download complete
2026-09-15T12:23:49.1162467Z e6f31ffc071e: Pull complete
2026-09-15T12:23:49.2678349Z c83f748d995d: Download complete
2026-09-15T12:23:49.2892966Z 9a6fe4fcb2cb: Verifying Checksum
2026-09-15T12:23:49.2893389Z 9a6fe4fcb2cb: Download complete
2026-09-15T12:23:49.7285028Z da08d5134795: Verifying Checksum
2026-09-15T12:23:49.7285322Z da08d5134795: Download complete
2026-09-15T12:23:50.7967250Z 58699b5d8a46: Pull complete
2026-09-15T12:23:50.8046910Z 79330c0ded89: Pull complete
2026-09-15T12:23:50.8170786Z 524a9b2a3071: Pull complete
2026-09-15T12:23:52.6703073Z da08d5134795: Pull complete
2026-09-15T12:23:52.6798521Z c83f748d995d: Pull complete
2026-09-15T12:23:52.6897621Z 9a6fe4fcb2cb: Pull complete
2026-09-15T12:23:52.7059335Z Digest: sha256:28a898719c18a33f4e8000685287fa36fd0dd9560c6440227d3a732d79bb41d8
2026-09-15T12:23:52.7070513Z Status: Downloaded newer image for moby/buildkit:buildx-stable-1
2026-09-15T12:23:52.7076023Z docker.io/moby/buildkit:buildx-stable-1
2026-09-15T12:23:52.7091436Z ##[endgroup]
2026-09-15T12:23:52.7091801Z ##[group]Creating a new builder instance
2026-09-15T12:23:52.7639497Z [command]/usr/bin/docker buildx create --name builder-a16d9762-b3a1-43a9-8bdc-6bf3883a455b --driver docker-container --buildkitd-flags --allow-insecure-entitlement security.insecure --allow-insecure-entitlement network.host --use --config /home/runner/work/_temp/docker-actions-toolkit-fxEUBo/tmp-2141-O2ruZRJgXB9G
2026-09-15T12:23:52.8182896Z builder-a16d9762-b3a1-43a9-8bdc-6bf3883a455b
2026-09-15T12:23:52.8212219Z ##[endgroup]
2026-09-15T12:23:52.8212687Z ##[group]Booting builder
2026-09-15T12:23:52.8235238Z [command]/usr/bin/docker buildx inspect --bootstrap --builder builder-a16d9762-b3a1-43a9-8bdc-6bf3883a455b
2026-09-15T12:23:52.8620624Z #1 [internal] booting buildkit
2026-09-15T12:23:53.0124926Z #1 pulling image moby/buildkit:buildx-stable-1
2026-09-15T12:23:53.4234184Z #1 pulling image moby/buildkit:buildx-stable-1 0.6s done
2026-09-15T12:23:53.5749755Z #1 creating container buildx_buildkit_builder-a16d9762-b3a1-43a9-8bdc-6bf3883a455b0
2026-09-15T12:23:53.8129137Z #1 creating container buildx_buildkit_builder-a16d9762-b3a1-43a9-8bdc-6bf3883a455b0 0.4s done
2026-09-15T12:23:53.8487241Z #1 DONE 1.0s
2026-09-15T12:23:53.8849625Z Name:          builder-a16d9762-b3a1-43a9-8bdc-6bf3883a455b
2026-09-15T12:23:53.8850110Z Driver:        docker-container
2026-09-15T12:23:53.8850445Z Last Activity: 2026-09-15 12:23:52 +0000 UTC
2026-09-15T12:23:53.8850728Z 
2026-09-15T12:23:53.8850827Z Nodes:
2026-09-15T12:23:53.8851189Z Name:                  builder-a16d9762-b3a1-43a9-8bdc-6bf3883a455b0
2026-09-15T12:23:53.8851674Z Endpoint:              unix:///var/run/docker.sock
2026-09-15T12:23:53.8852055Z Status:                running
2026-09-15T12:23:53.8852690Z BuildKit daemon flags: --allow-insecure-entitlement security.insecure --allow-insecure-entitlement network.host
2026-09-15T12:23:53.8853357Z BuildKit version:      v0.32.2
2026-09-15T12:23:53.8853829Z Platforms:             linux/amd64, linux/amd64/v2, linux/amd64/v3, linux/amd64/v4, linux/386
2026-09-15T12:23:53.8854320Z Labels:
2026-09-15T12:23:53.8854659Z  org.mobyproject.buildkit.worker.executor:         oci
2026-09-15T12:23:53.8855175Z  org.mobyproject.buildkit.worker.hostname:         2fc8f028d44d
2026-09-15T12:23:53.8855819Z  org.mobyproject.buildkit.worker.network:          host
2026-09-15T12:23:53.8856329Z  org.mobyproject.buildkit.worker.oci.process-mode: sandbox
2026-09-15T12:23:53.8856876Z  org.mobyproject.buildkit.worker.selinux.enabled:  false
2026-09-15T12:23:53.8857405Z  org.mobyproject.buildkit.worker.snapshotter:      overlayfs
2026-09-15T12:23:53.8857938Z GC Policy rule#0:
2026-09-15T12:23:53.8858195Z  All:            false
2026-09-15T12:23:53.8858614Z  Filters:        type==source.local type==exec.cachemount type==source.git.checkout
2026-09-15T12:23:53.8859108Z  Keep Duration:  48h0m0s
2026-09-15T12:23:53.8859384Z  Max Used Space: 488.3MiB
2026-09-15T12:23:53.8859657Z GC Policy rule#1:
2026-09-15T12:23:53.8859896Z  All:            false
2026-09-15T12:23:53.8860167Z  Keep Duration:  1440h0m0s
2026-09-15T12:23:53.8860446Z  Reserved Space: 9.313GiB
2026-09-15T12:23:53.8861174Z  Max Used Space: 93.13GiB
2026-09-15T12:23:53.8861453Z  Min Free Space: 27.01GiB
2026-09-15T12:23:53.8861719Z GC Policy rule#2:
2026-09-15T12:23:53.8861959Z  All:            false
2026-09-15T12:23:53.8862208Z  Reserved Space: 9.313GiB
2026-09-15T12:23:53.8862471Z  Max Used Space: 93.13GiB
2026-09-15T12:23:53.8862753Z  Min Free Space: 27.01GiB
2026-09-15T12:23:53.8863016Z GC Policy rule#3:
2026-09-15T12:23:53.8863253Z  All:            true
2026-09-15T12:23:53.8863515Z  Reserved Space: 9.313GiB
2026-09-15T12:23:53.8863785Z  Max Used Space: 93.13GiB
2026-09-15T12:23:53.8864061Z  Min Free Space: 27.01GiB
2026-09-15T12:23:53.8864337Z File#buildkitd.toml:
2026-09-15T12:23:53.8864586Z  > [worker]
2026-09-15T12:23:53.8864816Z  > [worker.oci]
2026-09-15T12:23:53.8865055Z  > max-parallelism = 2
2026-09-15T12:23:53.8865292Z  > 
2026-09-15T12:23:53.8865586Z File#provenance.d/github_actions_context.json:
2026-09-15T12:23:53.8892113Z  > {"github_actor":"BtbN","github_actor_id":"294293","github_event_name":"schedule","github_event_payload":{"repository":{"allow_forking":true,"archive_url":"https://api.github.com/repos/BtbN/FFmpeg-Builds/{archive_format}{/ref}","archived":false,"assignees_url":"https://api.github.com/repos/BtbN/FFmpeg-Builds/assignees{/user}","blobs_url":"https://api.github.com/repos/BtbN/FFmpeg-Builds/git/blobs{/sha}","branches_url":"https://api.github.com/repos/BtbN/FFmpeg-Builds/branches{/branch}","clone_url":"https://github.com/BtbN/FFmpeg-Builds.git","collaborators_url":"https://api.github.com/repos/BtbN/FFmpeg-Builds/collaborators{/collaborator}","comments_url":"https://api.github.com/repos/BtbN/FFmpeg-Builds/comments{/number}","commits_url":"https://api.github.com/repos/BtbN/FFmpeg-Builds/commits{/sha}","compare_url":"https://api.github.com/repos/BtbN/FFmpeg-Builds/compare/{base}...{head}","contents_url":"https://api.github.com/repos/BtbN/FFmpeg-Builds/contents/{+path}","contributors_url":"https://api.github.com/repos/BtbN/FFmpeg-Builds/contributors","created_at":"2020-09-01T19:19:40Z","default_branch":"master","deployments_url":"https://api.github.com/repos/BtbN/FFmpeg-Builds/deployments","description":null,"disabled":false,"downloads_url":"https://api.github.com/repos/BtbN/FFmpeg-Builds/downloads","events_url":"https://api.github.com/repos/BtbN/FFmpeg-Builds/events","fork":false,"forks":1530,"forks_count":1530,"forks_url":"https://api.github.com/repos/BtbN/FFmpeg-Builds/forks","full_name":"BtbN/FFmpeg-Builds","git_commits_url":"https://api.github.com/repos/BtbN/FFmpeg-Builds/git/commits{/sha}","git_refs_url":"https://api.github.com/repos/BtbN/FFmpeg-Builds/git/refs{/sha}","git_tags_url":"https://api.github.com/repos/BtbN/FFmpeg-Builds/git/tags{/sha}","git_url":"git://github.com/BtbN/FFmpeg-Builds.git","has_discussions":false,"has_downloads":false,"has_issues":true,"has_pages":false,"has_projects":false,"has_pull_requests":true,"has_wiki":true,"homepage":null,"hooks_url":"https://api.github.com/repos/BtbN/FFmpeg-Builds/hooks","html_url":"https://github.com/BtbN/FFmpeg-Builds","id":292087234,"is_template":false,"issue_comment_url":"https://api.github.com/repos/BtbN/FFmpeg-Builds/issues/comments{/number}","issue_events_url":"https://api.github.com/repos/BtbN/FFmpeg-Builds/issues/events{/number}","issues_url":"https://api.github.com/repos/BtbN/FFmpeg-Builds/issues{/number}","keys_url":"https://api.github.com/repos/BtbN/FFmpeg-Builds/keys{/key_id}","labels_url":"https://api.github.com/repos/BtbN/FFmpeg-Builds/labels{/name}","language":"Shell","languages_url":"https://api.github.com/repos/BtbN/FFmpeg-Builds/languages","license":{"key":"mit","name":"MIT License","node_id":"MDc6TGljZW5zZTEz","spdx_id":"MIT","url":"https://api.github.com/licenses/mit"},"merges_url":"https://api.github.com/repos/BtbN/FFmpeg-Builds/merges","milestones_url":"https://api.github.com/repos/BtbN/FFmpeg-Builds/milestones{/number}","mirror_url":null,"name":"FFmpeg-Builds","node_id":"MDEwOlJlcG9zaXRvcnkyOTIwODcyMzQ=","notifications_url":"https://api.github.com/repos/BtbN/FFmpeg-Builds/notifications{?since,all,participating}","open_issues":27,"open_issues_count":27,"owner":{"avatar_url":"https://avatars.githubusercontent.com/u/294293?v=4","events_url":"https://api.github.com/users/BtbN/events{/privacy}","followers_url":"https://api.github.com/users/BtbN/followers","following_url":"https://api.github.com/users/BtbN/following{/other_user}","gists_url":"https://api.github.com/users/BtbN/gists{/gist_id}","gravatar_id":"","html_url":"https://github.com/BtbN","id":294293,"login":"BtbN","node_id":"MDQ6VXNlcjI5NDI5Mw==","organizations_url":"https://api.github.com/users/BtbN/orgs","received_events_url":"https://api.github.com/users/BtbN/received_events","repos_url":"https://api.github.com/users/BtbN/repos","site_admin":false,"starred_url":"https://api.github.com/users/BtbN/starred{/owner}{/repo}","subscriptions_url":"https://api.github.com/users/BtbN/subscriptions","type":"User","url":"https://api.github.com/users/BtbN","user_view_type":"public"},"private":false,"pull_request_creation_policy":"all","pulls_url":"https://api.github.com/repos/BtbN/FFmpeg-Builds/pulls{/number}","pushed_at":"2026-09-14T13:38:48Z","releases_url":"https://api.github.com/repos/BtbN/FFmpeg-Builds/releases{/id}","size":1673,"ssh_url":"git@github.com:BtbN/FFmpeg-Builds.git","stargazers_count":11670,"stargazers_url":"https://api.github.com/repos/BtbN/FFmpeg-Builds/stargazers","statuses_url":"https://api.github.com/repos/BtbN/FFmpeg-Builds/statuses/{sha}","subscribers_url":"https://api.github.com/repos/BtbN/FFmpeg-Builds/subscribers","subscription_url":"https://api.github.com/repos/BtbN/FFmpeg-Builds/subscription","svn_url":"https://github.com/BtbN/FFmpeg-Builds","tags_url":"https://api.github.com/repos/BtbN/FFmpeg-Builds/tags","teams_url":"https://api.github.com/repos/BtbN/FFmpeg-Builds/teams","topics":[],"trees_url":"https://api.github.com/repos/BtbN/FFmpeg-Builds/git/trees{/sha}","updated_at":"2026-09-15T09:28:21Z","url":"https://api.github.com/repos/BtbN/FFmpeg-Builds","visibility":"public","watchers":11670,"watchers_count":11670,"web_commit_signoff_required":false},"schedule":"0 12 * * *","workflow":".github/workflows/build.yml"},"github_job":"build_targets","github_ref":"refs/heads/master","github_ref_name":"master","github_ref_protected":"false","github_ref_type":"branch","github_repository":"BtbN/FFmpeg-Builds","github_repository_id":"292087234","github_repository_owner":"BtbN","github_repository_owner_id":"294293","github_run_attempt":"1","github_run_id":"34967781095","github_run_number":"3118","github_runner_arch":"X64","github_runner_environment":"github-hosted","github_runner_image_os":"ubuntu24","github_runner_image_version":"20260907.300.1","github_runner_name":"GitHub Actions 1000086436","github_runner_os":"Linux","github_runner_tracking_id":"github_715e6ac6-ad2c-42c6-b565-208997b654b7","github_server_url":"https://github.com","github_triggering_actor":"BtbN","github_workflow":"Build FFmpeg","github_workflow_ref":"BtbN/FFmpeg-Builds/.github/workflows/build.yml@refs/heads/master","github_workflow_sha":"3e6685eda92f9288c15ac320139622dcedca09a4"}
2026-09-15T12:23:53.8916058Z ##[endgroup]
2026-09-15T12:23:53.9631298Z ##[group]Inspect builder
2026-09-15T12:23:53.9633162Z {
2026-09-15T12:23:53.9633540Z   "nodes": [
2026-09-15T12:23:53.9633797Z     {
2026-09-15T12:23:53.9634026Z       "name": "builder-a16d9762-b3a1-43a9-8bdc-6bf3883a455b0",
2026-09-15T12:23:53.9634372Z       "endpoint": "unix:///var/run/docker.sock",
2026-09-15T12:23:53.9634752Z       "status": "running",
2026-09-15T12:23:53.9635398Z       "buildkitd-flags": "--allow-insecure-entitlement security.insecure --allow-insecure-entitlement network.host",
2026-09-15T12:23:53.9635826Z       "buildkit": "v0.32.2",
2026-09-15T12:23:53.9636126Z       "platforms": "linux/amd64,linux/amd64/v2,linux/amd64/v3,linux/amd64/v4,linux/386",
2026-09-15T12:23:53.9636433Z       "features": {
2026-09-15T12:23:53.9636688Z         "Automatically load images to the Docker Engine image store": true,
2026-09-15T12:23:53.9636987Z         "Cache export": true,
2026-09-15T12:23:53.9637186Z         "Direct push": true,
2026-09-15T12:23:53.9637623Z         "Docker exporter": true,
2026-09-15T12:23:53.9638170Z         "Multi-platform build": true,
2026-09-15T12:23:53.9638514Z         "OCI exporter": true
2026-09-15T12:23:53.9638789Z       },
2026-09-15T12:23:53.9639014Z       "labels": {
2026-09-15T12:23:53.9639344Z         "org.mobyproject.buildkit.worker.executor": "oci",
2026-09-15T12:23:53.9639872Z         "org.mobyproject.buildkit.worker.hostname": "2fc8f028d44d",
2026-09-15T12:23:53.9640400Z         "org.mobyproject.buildkit.worker.network": "host",
2026-09-15T12:23:53.9640941Z         "org.mobyproject.buildkit.worker.oci.process-mode": "sandbox",
2026-09-15T12:23:53.9641514Z         "org.mobyproject.buildkit.worker.selinux.enabled": "false",
2026-09-15T12:23:53.9641948Z         "org.mobyproject.buildkit.worker.snapshotter": "overlayfs"
2026-09-15T12:23:53.9642223Z       },
2026-09-15T12:23:53.9642375Z       "gcPolicy": [
2026-09-15T12:23:53.9642538Z         {
2026-09-15T12:23:53.9642696Z           "all": false,
2026-09-15T12:23:53.9642878Z           "filter": [
2026-09-15T12:23:53.9643139Z             "type==source.local type==exec.cachemount type==source.git.checkout"
2026-09-15T12:23:53.9643425Z           ],
2026-09-15T12:23:53.9643593Z           "keepDuration": "48h0m0s",
2026-09-15T12:23:53.9643794Z           "maxUsedSpace": "488.3MiB"
2026-09-15T12:23:53.9644163Z         },
2026-09-15T12:23:53.9644329Z         {
2026-09-15T12:23:53.9644500Z           "all": false,
2026-09-15T12:23:53.9644687Z           "keepDuration": "1440h0m0s",
2026-09-15T12:23:53.9644919Z           "reservedSpace": "9.313GiB",
2026-09-15T12:23:53.9645130Z           "maxUsedSpace": "93.13GiB",
2026-09-15T12:23:53.9645338Z           "minFreeSpace": "27.01GiB"
2026-09-15T12:23:53.9645531Z         },
2026-09-15T12:23:53.9645675Z         {
2026-09-15T12:23:53.9645824Z           "all": false,
2026-09-15T12:23:53.9646041Z           "reservedSpace": "9.313GiB",
2026-09-15T12:23:53.9646296Z           "maxUsedSpace": "93.13GiB",
2026-09-15T12:23:53.9646528Z           "minFreeSpace": "27.01GiB"
2026-09-15T12:23:53.9646745Z         },
2026-09-15T12:23:53.9646912Z         {
2026-09-15T12:23:53.9647078Z           "all": true,
2026-09-15T12:23:53.9647275Z           "reservedSpace": "9.313GiB",
2026-09-15T12:23:53.9647483Z           "maxUsedSpace": "93.13GiB",
2026-09-15T12:23:53.9647689Z           "minFreeSpace": "27.01GiB"
2026-09-15T12:23:53.9648080Z         }
2026-09-15T12:23:53.9648229Z       ],
2026-09-15T12:23:53.9648400Z       "files": {
2026-09-15T12:23:53.9648660Z         "buildkitd.toml": "[worker]\n[worker.oci]\nmax-parallelism = 2\n"
2026-09-15T12:23:53.9648958Z       }
2026-09-15T12:23:53.9649133Z     }
2026-09-15T12:23:53.9649297Z   ],
2026-09-15T12:23:53.9649518Z   "name": "builder-a16d9762-b3a1-43a9-8bdc-6bf3883a455b",
2026-09-15T12:23:53.9649799Z   "driver": "docker-container",
2026-09-15T12:23:53.9650031Z   "lastActivity": "2026-09-15T12:23:52.000Z"
2026-09-15T12:23:53.9650244Z }
2026-09-15T12:23:53.9650617Z ##[endgroup]
2026-09-15T12:23:53.9650947Z ##[group]BuildKit version
2026-09-15T12:23:53.9651246Z builder-a16d9762-b3a1-43a9-8bdc-6bf3883a455b0: v0.32.2
2026-09-15T12:23:53.9651695Z ##[endgroup]
2026-09-15T12:23:53.9757360Z ##[group]Run docker/login-action@v4
2026-09-15T12:23:53.9757586Z with:
2026-09-15T12:23:53.9757751Z   registry: ghcr.io
2026-09-15T12:23:53.9758319Z   username: BtbN
2026-09-15T12:23:53.9760289Z   password: ***
2026-09-15T12:23:53.9760476Z   logout: true
2026-09-15T12:23:53.9760638Z env:
2026-09-15T12:23:53.9760799Z   DOCKER_BUILDKIT: 1
2026-09-15T12:23:53.9760976Z ##[endgroup]
2026-09-15T12:23:54.1401501Z Logging into ghcr.io...
2026-09-15T12:23:54.6713977Z Login Succeeded!
2026-09-15T12:23:54.6855501Z ##[group]Run IMG="${GITHUB_REPOSITORY,,}/win64-lgpl 9.0"
2026-09-15T12:23:54.6855847Z [36;1mIMG="${GITHUB_REPOSITORY,,}/win64-lgpl 9.0"[0m
2026-09-15T12:23:54.6856099Z [36;1mIMG="${IMG// /-}"[0m
2026-09-15T12:23:54.6856327Z [36;1mecho "name=ghcr.io/${IMG}" >> $GITHUB_OUTPUT[0m
2026-09-15T12:23:54.6856596Z [36;1mecho "rawname=${IMG#*/}" >> $GITHUB_OUTPUT[0m
2026-09-15T12:23:54.6886416Z shell: /usr/bin/bash -e {0}
2026-09-15T12:23:54.6886624Z env:
2026-09-15T12:23:54.6886791Z   DOCKER_BUILDKIT: 1
2026-09-15T12:23:54.6886970Z ##[endgroup]
2026-09-15T12:23:54.6971683Z ##[group]Run echo "dltagname=$(DOCKER_TAG_SUFFIX= ./util/get_dl_cache_tag.sh)" >> $GITHUB_OUTPUT
2026-09-15T12:23:54.6972198Z [36;1mecho "dltagname=$(DOCKER_TAG_SUFFIX= ./util/get_dl_cache_tag.sh)" >> $GITHUB_OUTPUT[0m
2026-09-15T12:23:54.6997423Z shell: /usr/bin/bash -e {0}
2026-09-15T12:23:54.6997625Z env:
2026-09-15T12:23:54.6997788Z   DOCKER_BUILDKIT: 1
2026-09-15T12:23:54.6998128Z ##[endgroup]
2026-09-15T12:23:54.7073779Z ++ dirname ../download.sh
2026-09-15T12:23:54.7081867Z + cd ..
2026-09-15T12:23:54.7082145Z + source util/vars.sh dl only
2026-09-15T12:23:54.7082470Z ++ [[ 2 -lt 2 ]]
2026-09-15T12:23:54.7082737Z ++ TARGET=dl
2026-09-15T12:23:54.7082982Z ++ VARIANT=only
2026-09-15T12:23:54.7083239Z ++ shift 2
2026-09-15T12:23:54.7083502Z ++ [[ -f variants/dl-only.sh ]]
2026-09-15T12:23:54.7083839Z ++ LICENSE_FILE=COPYING.LGPLv2.1
2026-09-15T12:23:54.7084151Z ++ ADDINS=()
2026-09-15T12:23:54.7088231Z ++ ADDINS_STR=
2026-09-15T12:23:54.7088508Z ++ [[ 0 -gt 0 ]]
2026-09-15T12:23:54.7088836Z ++ REPO=BtbN/FFmpeg-Builds
2026-09-15T12:23:54.7089143Z ++ REPO=btbn/ffmpeg-builds
2026-09-15T12:23:54.7089637Z ++ REGISTRY=ghcr.io
2026-09-15T12:23:54.7089962Z ++ BASE_IMAGE=ghcr.io/btbn/ffmpeg-builds/base:latest
2026-09-15T12:23:54.7090426Z ++ TARGET_IMAGE=ghcr.io/btbn/ffmpeg-builds/base-dl:latest
2026-09-15T12:23:54.7090873Z ++ IMAGE=ghcr.io/btbn/ffmpeg-builds/dl-only:latest
2026-09-15T12:23:54.7091555Z + docker info -f '{{println .SecurityOptions}}'
2026-09-15T12:23:54.7092209Z + grep rootless
2026-09-15T12:23:54.7474849Z + UIDARGS=(-u "$(id -u):$(id -g)")
2026-09-15T12:23:54.7477017Z ++ id -u
2026-09-15T12:23:54.7496347Z ++ id -g
2026-09-15T12:23:54.7506078Z + [[ -t 1 ]]
2026-09-15T12:23:54.7506343Z + TTY_ARG=
2026-09-15T12:23:54.7508686Z ++ mktemp -d
2026-09-15T12:23:54.7517307Z + DL_SCRIPT_DIR=/tmp/tmp.ZkEfXwumuI
2026-09-15T12:23:54.7517680Z + trap 'rm -rf -- '\''/tmp/tmp.ZkEfXwumuI'\''' EXIT
2026-09-15T12:23:54.7518282Z + mkdir -p /home/runner/work/FFmpeg-Builds/FFmpeg-Builds/.cache/downloads
2026-09-15T12:23:54.7532952Z + for STAGE in scripts.d/*.sh scripts.d/*/*.sh
2026-09-15T12:23:54.7536975Z ++ basename scripts.d/10-mingw-std-threads.sh
2026-09-15T12:23:54.7537740Z ++ sed 's/.sh$//'
2026-09-15T12:23:54.7550997Z + STAGENAME=10-mingw-std-threads
2026-09-15T12:23:54.7551319Z + cat
2026-09-15T12:23:54.7561912Z + for STAGE in scripts.d/*.sh scripts.d/*/*.sh
2026-09-15T12:23:54.7565752Z ++ basename scripts.d/10-mingw.sh
2026-09-15T12:23:54.7566386Z ++ sed 's/.sh$//'
2026-09-15T12:23:54.7579096Z + STAGENAME=10-mingw
2026-09-15T12:23:54.7589345Z + cat
2026-09-15T12:23:54.7589562Z + for STAGE in scripts.d/*.sh scripts.d/*/*.sh
2026-09-15T12:23:54.7593296Z ++ basename scripts.d/10-xorg-macros.sh
2026-09-15T12:23:54.7594091Z ++ sed 's/.sh$//'
2026-09-15T12:23:54.7607093Z + STAGENAME=10-xorg-macros
2026-09-15T12:23:54.7607361Z + cat
2026-09-15T12:23:54.7617069Z + for STAGE in scripts.d/*.sh scripts.d/*/*.sh
2026-09-15T12:23:54.7620998Z ++ basename scripts.d/15-base.sh
2026-09-15T12:23:54.7621845Z ++ sed 's/.sh$//'
2026-09-15T12:23:54.7634988Z + STAGENAME=15-base
2026-09-15T12:23:54.7635274Z + cat
2026-09-15T12:23:54.7645613Z + for STAGE in scripts.d/*.sh scripts.d/*/*.sh
2026-09-15T12:23:54.7649843Z ++ basename scripts.d/20-libiconv.sh
2026-09-15T12:23:54.7650470Z ++ sed 's/.sh$//'
2026-09-15T12:23:54.7662031Z + STAGENAME=20-libiconv
2026-09-15T12:23:54.7662348Z + cat
2026-09-15T12:23:54.7671895Z + for STAGE in scripts.d/*.sh scripts.d/*/*.sh
2026-09-15T12:23:54.7675753Z ++ basename scripts.d/20-zlib.sh
2026-09-15T12:23:54.7676285Z ++ sed 's/.sh$//'
2026-09-15T12:23:54.7689364Z + STAGENAME=20-zlib
2026-09-15T12:23:54.7689633Z + cat
2026-09-15T12:23:54.7699402Z + for STAGE in scripts.d/*.sh scripts.d/*/*.sh
2026-09-15T12:23:54.7703212Z ++ basename scripts.d/25-fftw3.sh
2026-09-15T12:23:54.7704127Z ++ sed 's/.sh$//'
2026-09-15T12:23:54.7715630Z + STAGENAME=25-fftw3
2026-09-15T12:23:54.7715942Z + cat
2026-09-15T12:23:54.7725612Z + for STAGE in scripts.d/*.sh scripts.d/*/*.sh
2026-09-15T12:23:54.7729727Z ++ basename scripts.d/25-fribidi.sh
2026-09-15T12:23:54.7730363Z ++ sed 's/.sh$//'
2026-09-15T12:23:54.7742532Z + STAGENAME=25-fribidi
2026-09-15T12:23:54.7742870Z + cat
2026-09-15T12:23:54.7752521Z + for STAGE in scripts.d/*.sh scripts.d/*/*.sh
2026-09-15T12:23:54.7756297Z ++ basename scripts.d/25-gmp.sh
2026-09-15T12:23:54.7756889Z ++ sed 's/.sh$//'
2026-09-15T12:23:54.7769034Z + STAGENAME=25-gmp
2026-09-15T12:23:54.7769258Z + cat
2026-09-15T12:23:54.7779416Z + for STAGE in scripts.d/*.sh scripts.d/*/*.sh
2026-09-15T12:23:54.7783166Z ++ basename scripts.d/25-libogg.sh
2026-09-15T12:23:54.7783874Z ++ sed 's/.sh$//'
2026-09-15T12:23:54.7796729Z + STAGENAME=25-libogg
2026-09-15T12:23:54.7796998Z + cat
2026-09-15T12:23:54.7806920Z + for STAGE in scripts.d/*.sh scripts.d/*/*.sh
2026-09-15T12:23:54.7810968Z ++ basename scripts.d/25-libpng.sh
2026-09-15T12:23:54.7811552Z ++ sed 's/.sh$//'
2026-09-15T12:23:54.7824434Z + STAGENAME=25-libpng
2026-09-15T12:23:54.7824701Z + cat
2026-09-15T12:23:54.7834381Z + for STAGE in scripts.d/*.sh scripts.d/*/*.sh
2026-09-15T12:23:54.7838213Z ++ basename scripts.d/25-libxml2.sh
2026-09-15T12:23:54.7839002Z ++ sed 's/.sh$//'
2026-09-15T12:23:54.7851951Z + STAGENAME=25-libxml2
2026-09-15T12:23:54.7852259Z + cat
2026-09-15T12:23:54.7861881Z + for STAGE in scripts.d/*.sh scripts.d/*/*.sh
2026-09-15T12:23:54.7865547Z ++ basename scripts.d/25-openssl.sh
2026-09-15T12:23:54.7866341Z ++ sed 's/.sh$//'
2026-09-15T12:23:54.7879061Z + STAGENAME=25-openssl
2026-09-15T12:23:54.7879348Z + cat
2026-09-15T12:23:54.7888991Z + for STAGE in scripts.d/*.sh scripts.d/*/*.sh
2026-09-15T12:23:54.7892852Z ++ basename scripts.d/25-xz.sh
2026-09-15T12:23:54.7893520Z ++ sed 's/.sh$//'
2026-09-15T12:23:54.7906779Z + STAGENAME=25-xz
2026-09-15T12:23:54.7906984Z + cat
2026-09-15T12:23:54.7916790Z + for STAGE in scripts.d/*.sh scripts.d/*/*.sh
2026-09-15T12:23:54.7921012Z ++ basename scripts.d/45-libffi.sh
2026-09-15T12:23:54.7921589Z ++ sed 's/.sh$//'
2026-09-15T12:23:54.7933950Z + STAGENAME=45-libffi
2026-09-15T12:23:54.7934368Z + cat
2026-09-15T12:23:54.7943517Z + for STAGE in scripts.d/*.sh scripts.d/*/*.sh
2026-09-15T12:23:54.7947239Z ++ basename scripts.d/45-libsamplerate.sh
2026-09-15T12:23:54.7948275Z ++ sed 's/.sh$//'
2026-09-15T12:23:54.7960448Z + STAGENAME=45-libsamplerate
2026-09-15T12:23:54.7960694Z + cat
2026-09-15T12:23:54.7970154Z + for STAGE in scripts.d/*.sh scripts.d/*/*.sh
2026-09-15T12:23:54.7973937Z ++ basename scripts.d/45-libudfread.sh
2026-09-15T12:23:54.7974610Z ++ sed 's/.sh$//'
2026-09-15T12:23:54.7986444Z + STAGENAME=45-libudfread
2026-09-15T12:23:54.7986781Z + cat
2026-09-15T12:23:54.7996316Z + for STAGE in scripts.d/*.sh scripts.d/*/*.sh
2026-09-15T12:23:54.8000325Z ++ basename scripts.d/45-libunibreak.sh
2026-09-15T12:23:54.8000794Z ++ sed 's/.sh$//'
2026-09-15T12:23:54.8012454Z + STAGENAME=45-libunibreak
2026-09-15T12:23:54.8012777Z + cat
2026-09-15T12:23:54.8022299Z + for STAGE in scripts.d/*.sh scripts.d/*/*.sh
2026-09-15T12:23:54.8026148Z ++ basename scripts.d/45-libvorbis.sh
2026-09-15T12:23:54.8026735Z ++ sed 's/.sh$//'
2026-09-15T12:23:54.8038936Z + STAGENAME=45-libvorbis
2026-09-15T12:23:54.8039446Z + cat
2026-09-15T12:23:54.8048978Z + for STAGE in scripts.d/*.sh scripts.d/*/*.sh
2026-09-15T12:23:54.8052828Z ++ basename scripts.d/45-opencl.sh
2026-09-15T12:23:54.8053544Z ++ sed 's/.sh$//'
2026-09-15T12:23:54.8065406Z + STAGENAME=45-opencl
2026-09-15T12:23:54.8065717Z + cat
2026-09-15T12:23:54.8075606Z + for STAGE in scripts.d/*.sh scripts.d/*/*.sh
2026-09-15T12:23:54.8079329Z ++ basename scripts.d/45-pcre2.sh
2026-09-15T12:23:54.8079888Z ++ sed 's/.sh$//'
2026-09-15T12:23:54.8091867Z + STAGENAME=45-pcre2
2026-09-15T12:23:54.8092149Z + cat
2026-09-15T12:23:54.8102235Z + for STAGE in scripts.d/*.sh scripts.d/*/*.sh
2026-09-15T12:23:54.8106343Z ++ basename scripts.d/45-pixman.sh
2026-09-15T12:23:54.8106701Z ++ sed 's/.sh$//'
2026-09-15T12:23:54.8119302Z + STAGENAME=45-pixman
2026-09-15T12:23:54.8119619Z + cat
2026-09-15T12:23:54.8129201Z + for STAGE in scripts.d/*.sh scripts.d/*/*.sh
2026-09-15T12:23:54.8133416Z ++ basename scripts.d/45-pulseaudio.sh
2026-09-15T12:23:54.8133995Z ++ sed 's/.sh$//'
2026-09-15T12:23:54.8146112Z + STAGENAME=45-pulseaudio
2026-09-15T12:23:54.8146320Z + cat
2026-09-15T12:23:54.8156166Z + for STAGE in scripts.d/*.sh scripts.d/*/*.sh
2026-09-15T12:23:54.8160150Z ++ basename scripts.d/45-vmaf.sh
2026-09-15T12:23:54.8160778Z ++ sed 's/.sh$//'
2026-09-15T12:23:54.8172507Z + STAGENAME=45-vmaf
2026-09-15T12:23:54.8172802Z + cat
2026-09-15T12:23:54.8182270Z + for STAGE in scripts.d/*.sh scripts.d/*/*.sh
2026-09-15T12:23:54.8185971Z ++ basename scripts.d/50-amf.sh
2026-09-15T12:23:54.8186600Z ++ sed 's/.sh$//'
2026-09-15T12:23:54.8198992Z + STAGENAME=50-amf
2026-09-15T12:23:54.8199205Z + cat
2026-09-15T12:23:54.8209001Z + for STAGE in scripts.d/*.sh scripts.d/*/*.sh
2026-09-15T12:23:54.8212770Z ++ basename scripts.d/50-aom.sh
2026-09-15T12:23:54.8213577Z ++ sed 's/.sh$//'
2026-09-15T12:23:54.8225408Z + STAGENAME=50-aom
2026-09-15T12:23:54.8225749Z + cat
2026-09-15T12:23:54.8236066Z + for STAGE in scripts.d/*.sh scripts.d/*/*.sh
2026-09-15T12:23:54.8240054Z ++ basename scripts.d/50-avisynth.sh
2026-09-15T12:23:54.8240601Z ++ sed 's/.sh$//'
2026-09-15T12:23:54.8252123Z + STAGENAME=50-avisynth
2026-09-15T12:23:54.8252420Z + cat
2026-09-15T12:23:54.8262011Z + for STAGE in scripts.d/*.sh scripts.d/*/*.sh
2026-09-15T12:23:54.8265807Z ++ basename scripts.d/50-chromaprint.sh
2026-09-15T12:23:54.8266434Z ++ sed 's/.sh$//'
2026-09-15T12:23:54.8279858Z + STAGENAME=50-chromaprint
2026-09-15T12:23:54.8280072Z + cat
2026-09-15T12:23:54.8289740Z + for STAGE in scripts.d/*.sh scripts.d/*/*.sh
2026-09-15T12:23:54.8293615Z ++ basename scripts.d/50-dav1d.sh
2026-09-15T12:23:54.8294320Z ++ sed 's/.sh$//'
2026-09-15T12:23:54.8306167Z + STAGENAME=50-dav1d
2026-09-15T12:23:54.8306467Z + cat
2026-09-15T12:23:54.8316054Z + for STAGE in scripts.d/*.sh scripts.d/*/*.sh
2026-09-15T12:23:54.8319906Z ++ basename scripts.d/50-davs2.sh
2026-09-15T12:23:54.8320485Z ++ sed 's/.sh$//'
2026-09-15T12:23:54.8332209Z + STAGENAME=50-davs2
2026-09-15T12:23:54.8332508Z + cat
2026-09-15T12:23:54.8342207Z + for STAGE in scripts.d/*.sh scripts.d/*/*.sh
2026-09-15T12:23:54.8345881Z ++ basename scripts.d/50-fdk-aac.sh
2026-09-15T12:23:54.8346459Z ++ sed 's/.sh$//'
2026-09-15T12:23:54.8358524Z + STAGENAME=50-fdk-aac
2026-09-15T12:23:54.8358731Z + cat
2026-09-15T12:23:54.8368874Z + for STAGE in scripts.d/*.sh scripts.d/*/*.sh
2026-09-15T12:23:54.8372558Z ++ basename scripts.d/50-ffnvcodec.sh
2026-09-15T12:23:54.8373261Z ++ sed 's/.sh$//'
2026-09-15T12:23:54.8385891Z + STAGENAME=50-ffnvcodec
2026-09-15T12:23:54.8386248Z + cat
2026-09-15T12:23:54.8395683Z + for STAGE in scripts.d/*.sh scripts.d/*/*.sh
2026-09-15T12:23:54.8399856Z ++ basename scripts.d/50-frei0r.sh
2026-09-15T12:23:54.8400624Z ++ sed 's/.sh$//'
2026-09-15T12:23:54.8413039Z + STAGENAME=50-frei0r
2026-09-15T12:23:54.8413239Z + cat
2026-09-15T12:23:54.8423128Z + for STAGE in scripts.d/*.sh scripts.d/*/*.sh
2026-09-15T12:23:54.8426964Z ++ basename scripts.d/50-gme.sh
2026-09-15T12:23:54.8427563Z ++ sed 's/.sh$//'
2026-09-15T12:23:54.8439871Z + STAGENAME=50-gme
2026-09-15T12:23:54.8440173Z + cat
2026-09-15T12:23:54.8449675Z + for STAGE in scripts.d/*.sh scripts.d/*/*.sh
2026-09-15T12:23:54.8453437Z ++ basename scripts.d/50-kvazaar.sh
2026-09-15T12:23:54.8453966Z ++ sed 's/.sh$//'
2026-09-15T12:23:54.8465678Z + STAGENAME=50-kvazaar
2026-09-15T12:23:54.8465968Z + cat
2026-09-15T12:23:54.8475807Z + for STAGE in scripts.d/*.sh scripts.d/*/*.sh
2026-09-15T12:23:54.8479941Z ++ basename scripts.d/50-lcevcdec.sh
2026-09-15T12:23:54.8480307Z ++ sed 's/.sh$//'
2026-09-15T12:23:54.8492098Z + STAGENAME=50-lcevcdec
2026-09-15T12:23:54.8492389Z + cat
2026-09-15T12:23:54.8501897Z + for STAGE in scripts.d/*.sh scripts.d/*/*.sh
2026-09-15T12:23:54.8505735Z ++ basename scripts.d/50-libaribb24.sh
2026-09-15T12:23:54.8506383Z ++ sed 's/.sh$//'
2026-09-15T12:23:54.8519470Z + STAGENAME=50-libaribb24
2026-09-15T12:23:54.8519998Z + cat
2026-09-15T12:23:54.8529653Z + for STAGE in scripts.d/*.sh scripts.d/*/*.sh
2026-09-15T12:23:54.8533374Z ++ basename scripts.d/50-libaribcaption.sh
2026-09-15T12:23:54.8534039Z ++ sed 's/.sh$//'
2026-09-15T12:23:54.8546491Z + STAGENAME=50-libaribcaption
2026-09-15T12:23:54.8556965Z + cat
2026-09-15T12:23:54.8557179Z + for STAGE in scripts.d/*.sh scripts.d/*/*.sh
2026-09-15T12:23:54.8560946Z ++ basename scripts.d/50-libass.sh
2026-09-15T12:23:54.8561662Z ++ sed 's/.sh$//'
2026-09-15T12:23:54.8574037Z + STAGENAME=50-libass
2026-09-15T12:23:54.8574391Z + cat
2026-09-15T12:23:54.8583887Z + for STAGE in scripts.d/*.sh scripts.d/*/*.sh
2026-09-15T12:23:54.8587739Z ++ basename scripts.d/50-libbluray.sh
2026-09-15T12:23:54.8588583Z ++ sed 's/.sh$//'
2026-09-15T12:23:54.8601539Z + STAGENAME=50-libbluray
2026-09-15T12:23:54.8601740Z + cat
2026-09-15T12:23:54.8611682Z + for STAGE in scripts.d/*.sh scripts.d/*/*.sh
2026-09-15T12:23:54.8615461Z ++ basename scripts.d/50-libcurl.sh
2026-09-15T12:23:54.8616171Z ++ sed 's/.sh$//'
2026-09-15T12:23:54.8628183Z + STAGENAME=50-libcurl
2026-09-15T12:23:54.8628504Z + cat
2026-09-15T12:23:54.8638106Z + for STAGE in scripts.d/*.sh scripts.d/*/*.sh
2026-09-15T12:23:54.8642149Z ++ basename scripts.d/50-libmp3lame.sh
2026-09-15T12:23:54.8642616Z ++ sed 's/.sh$//'
2026-09-15T12:23:54.8654460Z + STAGENAME=50-libmp3lame
2026-09-15T12:23:54.8654783Z + cat
2026-09-15T12:23:54.8664270Z + for STAGE in scripts.d/*.sh scripts.d/*/*.sh
2026-09-15T12:23:54.8668013Z ++ basename scripts.d/50-libopus.sh
2026-09-15T12:23:54.8668961Z ++ sed 's/.sh$//'
2026-09-15T12:23:54.8680748Z + STAGENAME=50-libopus
2026-09-15T12:23:54.8680942Z + cat
2026-09-15T12:23:54.8690704Z + for STAGE in scripts.d/*.sh scripts.d/*/*.sh
2026-09-15T12:23:54.8694520Z ++ basename scripts.d/50-libplacebo.sh
2026-09-15T12:23:54.8695302Z ++ sed 's/.sh$//'
2026-09-15T12:23:54.8707234Z + STAGENAME=50-libplacebo
2026-09-15T12:23:54.8707547Z + cat
2026-09-15T12:23:54.8717517Z + for STAGE in scripts.d/*.sh scripts.d/*/*.sh
2026-09-15T12:23:54.8721458Z ++ basename scripts.d/50-libssh.sh
2026-09-15T12:23:54.8722089Z ++ sed 's/.sh$//'
2026-09-15T12:23:54.8733884Z + STAGENAME=50-libssh
2026-09-15T12:23:54.8734200Z + cat
2026-09-15T12:23:54.8743828Z + for STAGE in scripts.d/*.sh scripts.d/*/*.sh
2026-09-15T12:23:54.8747497Z ++ basename scripts.d/50-libtheora.sh
2026-09-15T12:23:54.8748296Z ++ sed 's/.sh$//'
2026-09-15T12:23:54.8760057Z + STAGENAME=50-libtheora
2026-09-15T12:23:54.8760257Z + cat
2026-09-15T12:23:54.8769930Z + for STAGE in scripts.d/*.sh scripts.d/*/*.sh
2026-09-15T12:23:54.8773756Z ++ basename scripts.d/50-libvpx.sh
2026-09-15T12:23:54.8774447Z ++ sed 's/.sh$//'
2026-09-15T12:23:54.8787431Z + STAGENAME=50-libvpx
2026-09-15T12:23:54.8787728Z + cat
2026-09-15T12:23:54.8797142Z + for STAGE in scripts.d/*.sh scripts.d/*/*.sh
2026-09-15T12:23:54.8800971Z ++ basename scripts.d/50-libwebp.sh
2026-09-15T12:23:54.8801564Z ++ sed 's/.sh$//'
2026-09-15T12:23:54.8813830Z + STAGENAME=50-libwebp
2026-09-15T12:23:54.8814206Z + cat
2026-09-15T12:23:54.8823431Z + for STAGE in scripts.d/*.sh scripts.d/*/*.sh
2026-09-15T12:23:54.8831563Z ++ basename scripts.d/50-libzmq.sh
2026-09-15T12:23:54.8832267Z ++ sed 's/.sh$//'
2026-09-15T12:23:54.8842074Z + STAGENAME=50-libzmq
2026-09-15T12:23:54.8842293Z + cat
2026-09-15T12:23:54.8852339Z + for STAGE in scripts.d/*.sh scripts.d/*/*.sh
2026-09-15T12:23:54.8856451Z ++ basename scripts.d/50-onevpl.sh
2026-09-15T12:23:54.8857252Z ++ sed 's/.sh$//'
2026-09-15T12:23:54.8872183Z + STAGENAME=50-onevpl
2026-09-15T12:23:54.8872971Z + cat
2026-09-15T12:23:54.8883032Z + for STAGE in scripts.d/*.sh scripts.d/*/*.sh
2026-09-15T12:23:54.8887247Z ++ basename scripts.d/50-openal.sh
2026-09-15T12:23:54.8888878Z ++ sed 's/.sh$//'
2026-09-15T12:23:54.8904129Z + STAGENAME=50-openal
2026-09-15T12:23:54.8904413Z + cat
2026-09-15T12:23:54.8916072Z + for STAGE in scripts.d/*.sh scripts.d/*/*.sh
2026-09-15T12:23:54.8931629Z ++ basename scripts.d/50-openapv.sh
2026-09-15T12:23:54.8932323Z ++ sed 's/.sh$//'
2026-09-15T12:23:54.8940920Z + STAGENAME=50-openapv
2026-09-15T12:23:54.8941298Z + cat
2026-09-15T12:23:54.8952993Z + for STAGE in scripts.d/*.sh scripts.d/*/*.sh
2026-09-15T12:23:54.8956995Z ++ basename scripts.d/50-opencore-amr.sh
2026-09-15T12:23:54.8968103Z ++ sed 's/.sh$//'
2026-09-15T12:23:54.8981291Z + STAGENAME=50-opencore-amr
2026-09-15T12:23:54.8981755Z + cat
2026-09-15T12:23:54.8992723Z + for STAGE in scripts.d/*.sh scripts.d/*/*.sh
2026-09-15T12:23:54.8997437Z ++ basename scripts.d/50-openh264.sh
2026-09-15T12:23:54.8998115Z ++ sed 's/.sh$//'
2026-09-15T12:23:54.9013128Z + STAGENAME=50-openh264
2026-09-15T12:23:54.9013954Z + cat
2026-09-15T12:23:54.9023260Z + for STAGE in scripts.d/*.sh scripts.d/*/*.sh
2026-09-15T12:23:54.9028614Z ++ basename scripts.d/50-openjpeg.sh
2026-09-15T12:23:54.9038593Z ++ sed 's/.sh$//'
2026-09-15T12:23:54.9043717Z + STAGENAME=50-openjpeg
2026-09-15T12:23:54.9044077Z + cat
2026-09-15T12:23:54.9054467Z + for STAGE in scripts.d/*.sh scripts.d/*/*.sh
2026-09-15T12:23:54.9061308Z ++ basename scripts.d/50-openmpt.sh
2026-09-15T12:23:54.9061804Z ++ sed 's/.sh$//'
2026-09-15T12:23:54.9073227Z + STAGENAME=50-openmpt
2026-09-15T12:23:54.9073528Z + cat
2026-09-15T12:23:54.9084850Z + for STAGE in scripts.d/*.sh scripts.d/*/*.sh
2026-09-15T12:23:54.9090167Z ++ basename scripts.d/50-rav1e.sh
2026-09-15T12:23:54.9091727Z ++ sed 's/.sh$//'
2026-09-15T12:23:54.9106516Z + STAGENAME=50-rav1e
2026-09-15T12:23:54.9106794Z + cat
2026-09-15T12:23:54.9118370Z + for STAGE in scripts.d/*.sh scripts.d/*/*.sh
2026-09-15T12:23:54.9123012Z ++ basename scripts.d/50-rubberband.sh
2026-09-15T12:23:54.9124409Z ++ sed 's/.sh$//'
2026-09-15T12:23:54.9140240Z + STAGENAME=50-rubberband
2026-09-15T12:23:54.9140735Z + cat
2026-09-15T12:23:54.9151676Z + for STAGE in scripts.d/*.sh scripts.d/*/*.sh
2026-09-15T12:23:54.9158390Z ++ basename scripts.d/50-schannel.sh
2026-09-15T12:23:54.9159002Z ++ sed 's/.sh$//'
2026-09-15T12:23:54.9169978Z + STAGENAME=50-schannel
2026-09-15T12:23:54.9170269Z + cat
2026-09-15T12:23:54.9181551Z + for STAGE in scripts.d/*.sh scripts.d/*/*.sh
2026-09-15T12:23:54.9186296Z ++ basename scripts.d/50-sdl.sh
2026-09-15T12:23:54.9187524Z ++ sed 's/.sh$//'
2026-09-15T12:23:54.9203048Z + STAGENAME=50-sdl
2026-09-15T12:23:54.9203430Z + cat
2026-09-15T12:23:54.9215197Z + for STAGE in scripts.d/*.sh scripts.d/*/*.sh
2026-09-15T12:23:54.9220288Z ++ basename scripts.d/50-snappy.sh
2026-09-15T12:23:54.9220843Z ++ sed 's/.sh$//'
2026-09-15T12:23:54.9233069Z + STAGENAME=50-snappy
2026-09-15T12:23:54.9233416Z + cat
2026-09-15T12:23:54.9244097Z + for STAGE in scripts.d/*.sh scripts.d/*/*.sh
2026-09-15T12:23:54.9248161Z ++ basename scripts.d/50-soxr.sh
2026-09-15T12:23:54.9248674Z ++ sed 's/.sh$//'
2026-09-15T12:23:54.9261032Z + STAGENAME=50-soxr
2026-09-15T12:23:54.9261343Z + cat
2026-09-15T12:23:54.9271262Z + for STAGE in scripts.d/*.sh scripts.d/*/*.sh
2026-09-15T12:23:54.9275190Z ++ basename scripts.d/50-srt.sh
2026-09-15T12:23:54.9275843Z ++ sed 's/.sh$//'
2026-09-15T12:23:54.9287958Z + STAGENAME=50-srt
2026-09-15T12:23:54.9288642Z + cat
2026-09-15T12:23:54.9297620Z + for STAGE in scripts.d/*.sh scripts.d/*/*.sh
2026-09-15T12:23:54.9301899Z ++ basename scripts.d/50-svtav1.sh
2026-09-15T12:23:54.9302828Z ++ sed 's/.sh$//'
2026-09-15T12:23:54.9314926Z + STAGENAME=50-svtav1
2026-09-15T12:23:54.9315222Z + cat
2026-09-15T12:23:54.9325453Z + for STAGE in scripts.d/*.sh scripts.d/*/*.sh
2026-09-15T12:23:54.9329634Z ++ basename scripts.d/50-twolame.sh
2026-09-15T12:23:54.9330118Z ++ sed 's/.sh$//'
2026-09-15T12:23:54.9341930Z + STAGENAME=50-twolame
2026-09-15T12:23:54.9342222Z + cat
2026-09-15T12:23:54.9352759Z + for STAGE in scripts.d/*.sh scripts.d/*/*.sh
2026-09-15T12:23:54.9359118Z ++ basename scripts.d/50-uavs3d.sh
2026-09-15T12:23:54.9359648Z ++ sed 's/.sh$//'
2026-09-15T12:23:54.9371287Z + STAGENAME=50-uavs3d
2026-09-15T12:23:54.9371592Z + cat
2026-09-15T12:23:54.9382942Z + for STAGE in scripts.d/*.sh scripts.d/*/*.sh
2026-09-15T12:23:54.9387556Z ++ basename scripts.d/50-vidstab.sh
2026-09-15T12:23:54.9389007Z ++ sed 's/.sh$//'
2026-09-15T12:23:54.9403874Z + STAGENAME=50-vidstab
2026-09-15T12:23:54.9404602Z + cat
2026-09-15T12:23:54.9414061Z + for STAGE in scripts.d/*.sh scripts.d/*/*.sh
2026-09-15T12:23:54.9417935Z ++ basename scripts.d/50-vvenc.sh
2026-09-15T12:23:54.9418439Z ++ sed 's/.sh$//'
2026-09-15T12:23:54.9430313Z + STAGENAME=50-vvenc
2026-09-15T12:23:54.9430608Z + cat
2026-09-15T12:23:54.9440584Z + for STAGE in scripts.d/*.sh scripts.d/*/*.sh
2026-09-15T12:23:54.9446654Z ++ basename scripts.d/50-whisper.sh
2026-09-15T12:23:54.9447200Z ++ sed 's/.sh$//'
2026-09-15T12:23:54.9460651Z + STAGENAME=50-whisper
2026-09-15T12:23:54.9461044Z + cat
2026-09-15T12:23:54.9471911Z + for STAGE in scripts.d/*.sh scripts.d/*/*.sh
2026-09-15T12:23:54.9476842Z ++ basename scripts.d/50-x264.sh
2026-09-15T12:23:54.9477350Z ++ sed 's/.sh$//'
2026-09-15T12:23:54.9492133Z + STAGENAME=50-x264
2026-09-15T12:23:54.9492559Z + cat
2026-09-15T12:23:54.9503772Z + for STAGE in scripts.d/*.sh scripts.d/*/*.sh
2026-09-15T12:23:54.9510432Z ++ basename scripts.d/50-x265.sh
2026-09-15T12:23:54.9511081Z ++ sed 's/.sh$//'
2026-09-15T12:23:54.9523133Z + STAGENAME=50-x265
2026-09-15T12:23:54.9523550Z + cat
2026-09-15T12:23:54.9535090Z + for STAGE in scripts.d/*.sh scripts.d/*/*.sh
2026-09-15T12:23:54.9539598Z ++ basename scripts.d/50-xavs2.sh
2026-09-15T12:23:54.9540243Z ++ sed 's/.sh$//'
2026-09-15T12:23:54.9552739Z + STAGENAME=50-xavs2
2026-09-15T12:23:54.9553032Z + cat
2026-09-15T12:23:54.9563379Z + for STAGE in scripts.d/*.sh scripts.d/*/*.sh
2026-09-15T12:23:54.9568566Z ++ basename scripts.d/50-xvid.sh
2026-09-15T12:23:54.9568890Z ++ sed 's/.sh$//'
2026-09-15T12:23:54.9583077Z + STAGENAME=50-xvid
2026-09-15T12:23:54.9583431Z + cat
2026-09-15T12:23:54.9593035Z + for STAGE in scripts.d/*.sh scripts.d/*/*.sh
2026-09-15T12:23:54.9596806Z ++ basename scripts.d/50-zimg.sh
2026-09-15T12:23:54.9597306Z ++ sed 's/.sh$//'
2026-09-15T12:23:54.9609405Z + STAGENAME=50-zimg
2026-09-15T12:23:54.9609748Z + cat
2026-09-15T12:23:54.9619234Z + for STAGE in scripts.d/*.sh scripts.d/*/*.sh
2026-09-15T12:23:54.9623045Z ++ basename scripts.d/50-zvbi.sh
2026-09-15T12:23:54.9623755Z ++ sed 's/.sh$//'
2026-09-15T12:23:54.9636957Z + STAGENAME=50-zvbi
2026-09-15T12:23:54.9637341Z + cat
2026-09-15T12:23:54.9646767Z + for STAGE in scripts.d/*.sh scripts.d/*/*.sh
2026-09-15T12:23:54.9650959Z ++ basename scripts.d/55-rustdedup.sh
2026-09-15T12:23:54.9651682Z ++ sed 's/.sh$//'
2026-09-15T12:23:54.9664043Z + STAGENAME=55-rustdedup
2026-09-15T12:23:54.9664389Z + cat
2026-09-15T12:23:54.9674973Z + for STAGE in scripts.d/*.sh scripts.d/*/*.sh
2026-09-15T12:23:54.9678899Z ++ basename scripts.d/zz-final.sh
2026-09-15T12:23:54.9679868Z ++ sed 's/.sh$//'
2026-09-15T12:23:54.9691387Z + STAGENAME=zz-final
2026-09-15T12:23:54.9691724Z + cat
2026-09-15T12:23:54.9701515Z + for STAGE in scripts.d/*.sh scripts.d/*/*.sh
2026-09-15T12:23:54.9705339Z ++ basename scripts.d/45-fonts/25-freetype.sh
2026-09-15T12:23:54.9706001Z ++ sed 's/.sh$//'
2026-09-15T12:23:54.9718895Z + STAGENAME=25-freetype
2026-09-15T12:23:54.9719318Z + cat
2026-09-15T12:23:54.9728053Z + for STAGE in scripts.d/*.sh scripts.d/*/*.sh
2026-09-15T12:23:54.9732173Z ++ basename scripts.d/45-fonts/35-fontconfig.sh
2026-09-15T12:23:54.9732872Z ++ sed 's/.sh$//'
2026-09-15T12:23:54.9745167Z + STAGENAME=35-fontconfig
2026-09-15T12:23:54.9745519Z + cat
2026-09-15T12:23:54.9755031Z + for STAGE in scripts.d/*.sh scripts.d/*/*.sh
2026-09-15T12:23:54.9759053Z ++ basename scripts.d/45-fonts/45-harfbuzz.sh
2026-09-15T12:23:54.9759739Z ++ sed 's/.sh$//'
2026-09-15T12:23:54.9771604Z + STAGENAME=45-harfbuzz
2026-09-15T12:23:54.9771942Z + cat
2026-09-15T12:23:54.9783860Z + for STAGE in scripts.d/*.sh scripts.d/*/*.sh
2026-09-15T12:23:54.9787540Z ++ basename scripts.d/45-fonts/50-freetype.sh
2026-09-15T12:23:54.9788512Z ++ sed 's/.sh$//'
2026-09-15T12:23:54.9800162Z + STAGENAME=50-freetype
2026-09-15T12:23:54.9800440Z + cat
2026-09-15T12:23:54.9810612Z + for STAGE in scripts.d/*.sh scripts.d/*/*.sh
2026-09-15T12:23:54.9814265Z ++ basename scripts.d/45-x11/10-xcbproto.sh
2026-09-15T12:23:54.9814854Z ++ sed 's/.sh$//'
2026-09-15T12:23:54.9827459Z + STAGENAME=10-xcbproto
2026-09-15T12:23:54.9827791Z + cat
2026-09-15T12:23:54.9837326Z + for STAGE in scripts.d/*.sh scripts.d/*/*.sh
2026-09-15T12:23:54.9841623Z ++ basename scripts.d/45-x11/10-xproto.sh
2026-09-15T12:23:54.9842244Z ++ sed 's/.sh$//'
2026-09-15T12:23:54.9854551Z + STAGENAME=10-xproto
2026-09-15T12:23:54.9854890Z + cat
2026-09-15T12:23:54.9865403Z + for STAGE in scripts.d/*.sh scripts.d/*/*.sh
2026-09-15T12:23:54.9869471Z ++ basename scripts.d/45-x11/10-xtrans.sh
2026-09-15T12:23:54.9870062Z ++ sed 's/.sh$//'
2026-09-15T12:23:54.9882234Z + STAGENAME=10-xtrans
2026-09-15T12:23:54.9882500Z + cat
2026-09-15T12:23:54.9892296Z + for STAGE in scripts.d/*.sh scripts.d/*/*.sh
2026-09-15T12:23:54.9896180Z ++ basename scripts.d/45-x11/20-libxau.sh
2026-09-15T12:23:54.9896895Z ++ sed 's/.sh$//'
2026-09-15T12:23:54.9909158Z + STAGENAME=20-libxau
2026-09-15T12:23:54.9909490Z + cat
2026-09-15T12:23:54.9919035Z + for STAGE in scripts.d/*.sh scripts.d/*/*.sh
2026-09-15T12:23:54.9923042Z ++ basename scripts.d/45-x11/30-libxcb.sh
2026-09-15T12:23:54.9923575Z ++ sed 's/.sh$//'
2026-09-15T12:23:54.9935595Z + STAGENAME=30-libxcb
2026-09-15T12:23:54.9935892Z + cat
2026-09-15T12:23:54.9945437Z + for STAGE in scripts.d/*.sh scripts.d/*/*.sh
2026-09-15T12:23:54.9949574Z ++ basename scripts.d/45-x11/40-libx11.sh
2026-09-15T12:23:54.9950599Z ++ sed 's/.sh$//'
2026-09-15T12:23:54.9962577Z + STAGENAME=40-libx11
2026-09-15T12:23:54.9962924Z + cat
2026-09-15T12:23:54.9973425Z + for STAGE in scripts.d/*.sh scripts.d/*/*.sh
2026-09-15T12:23:54.9977329Z ++ basename scripts.d/45-x11/50-libxext.sh
2026-09-15T12:23:54.9978301Z ++ sed 's/.sh$//'
2026-09-15T12:23:54.9989897Z + STAGENAME=50-libxext
2026-09-15T12:23:54.9990224Z + cat
2026-09-15T12:23:54.9999678Z + for STAGE in scripts.d/*.sh scripts.d/*/*.sh
2026-09-15T12:23:55.0003599Z ++ basename scripts.d/45-x11/50-libxfixes.sh
2026-09-15T12:23:55.0004083Z ++ sed 's/.sh$//'
2026-09-15T12:23:55.0016059Z + STAGENAME=50-libxfixes
2026-09-15T12:23:55.0016442Z + cat
2026-09-15T12:23:55.0026031Z + for STAGE in scripts.d/*.sh scripts.d/*/*.sh
2026-09-15T12:23:55.0029991Z ++ basename scripts.d/45-x11/50-libxi.sh
2026-09-15T12:23:55.0030729Z ++ sed 's/.sh$//'
2026-09-15T12:23:55.0043676Z + STAGENAME=50-libxi
2026-09-15T12:23:55.0044030Z + cat
2026-09-15T12:23:55.0053929Z + for STAGE in scripts.d/*.sh scripts.d/*/*.sh
2026-09-15T12:23:55.0057796Z ++ basename scripts.d/45-x11/50-libxinerama.sh
2026-09-15T12:23:55.0058786Z ++ sed 's/.sh$//'
2026-09-15T12:23:55.0070843Z + STAGENAME=50-libxinerama
2026-09-15T12:23:55.0071158Z + cat
2026-09-15T12:23:55.0080980Z + for STAGE in scripts.d/*.sh scripts.d/*/*.sh
2026-09-15T12:23:55.0084855Z ++ basename scripts.d/45-x11/50-libxrender.sh
2026-09-15T12:23:55.0085483Z ++ sed 's/.sh$//'
2026-09-15T12:23:55.0097583Z + STAGENAME=50-libxrender
2026-09-15T12:23:55.0098033Z + cat
2026-09-15T12:23:55.0107717Z + for STAGE in scripts.d/*.sh scripts.d/*/*.sh
2026-09-15T12:23:55.0111806Z ++ basename scripts.d/45-x11/50-libxscrnsaver.sh
2026-09-15T12:23:55.0112247Z ++ sed 's/.sh$//'
2026-09-15T12:23:55.0126791Z + STAGENAME=50-libxscrnsaver
2026-09-15T12:23:55.0127329Z + cat
2026-09-15T12:23:55.0136895Z + for STAGE in scripts.d/*.sh scripts.d/*/*.sh
2026-09-15T12:23:55.0140997Z ++ basename scripts.d/45-x11/50-libxxf86vm.sh
2026-09-15T12:23:55.0141640Z ++ sed 's/.sh$//'
2026-09-15T12:23:55.0153707Z + STAGENAME=50-libxxf86vm
2026-09-15T12:23:55.0154057Z + cat
2026-09-15T12:23:55.0164245Z + for STAGE in scripts.d/*.sh scripts.d/*/*.sh
2026-09-15T12:23:55.0168293Z ++ basename scripts.d/45-x11/60-libglvnd.sh
2026-09-15T12:23:55.0168955Z ++ sed 's/.sh$//'
2026-09-15T12:23:55.0180838Z + STAGENAME=60-libglvnd
2026-09-15T12:23:55.0181172Z + cat
2026-09-15T12:23:55.0190661Z + for STAGE in scripts.d/*.sh scripts.d/*/*.sh
2026-09-15T12:23:55.0194496Z ++ basename scripts.d/45-x11/60-libxcursor.sh
2026-09-15T12:23:55.0194984Z ++ sed 's/.sh$//'
2026-09-15T12:23:55.0206788Z + STAGENAME=60-libxcursor
2026-09-15T12:23:55.0207150Z + cat
2026-09-15T12:23:55.0217227Z + for STAGE in scripts.d/*.sh scripts.d/*/*.sh
2026-09-15T12:23:55.0221033Z ++ basename scripts.d/45-x11/60-libxrandr.sh
2026-09-15T12:23:55.0221564Z ++ sed 's/.sh$//'
2026-09-15T12:23:55.0233201Z + STAGENAME=60-libxrandr
2026-09-15T12:23:55.0233491Z + cat
2026-09-15T12:23:55.0243437Z + for STAGE in scripts.d/*.sh scripts.d/*/*.sh
2026-09-15T12:23:55.0247296Z ++ basename scripts.d/45-x11/60-libxv.sh
2026-09-15T12:23:55.0248657Z ++ sed 's/.sh$//'
2026-09-15T12:23:55.0260410Z + STAGENAME=60-libxv
2026-09-15T12:23:55.0260745Z + cat
2026-09-15T12:23:55.0270132Z + for STAGE in scripts.d/*.sh scripts.d/*/*.sh
2026-09-15T12:23:55.0274060Z ++ basename scripts.d/45-x11/99-finalize.sh
2026-09-15T12:23:55.0274556Z ++ sed 's/.sh$//'
2026-09-15T12:23:55.0286531Z + STAGENAME=99-finalize
2026-09-15T12:23:55.0286821Z + cat
2026-09-15T12:23:55.0296559Z + for STAGE in scripts.d/*.sh scripts.d/*/*.sh
2026-09-15T12:23:55.0300554Z ++ basename scripts.d/47-vulkan/40-vulkan-headers.sh
2026-09-15T12:23:55.0301316Z ++ sed 's/.sh$//'
2026-09-15T12:23:55.0313163Z + STAGENAME=40-vulkan-headers
2026-09-15T12:23:55.0313541Z + cat
2026-09-15T12:23:55.0323103Z + for STAGE in scripts.d/*.sh scripts.d/*/*.sh
2026-09-15T12:23:55.0326985Z ++ basename scripts.d/47-vulkan/45-vulkan-loader.sh
2026-09-15T12:23:55.0327515Z ++ sed 's/.sh$//'
2026-09-15T12:23:55.0339675Z + STAGENAME=45-vulkan-loader
2026-09-15T12:23:55.0340045Z + cat
2026-09-15T12:23:55.0349472Z + for STAGE in scripts.d/*.sh scripts.d/*/*.sh
2026-09-15T12:23:55.0353226Z ++ basename scripts.d/47-vulkan/50-shaderc.sh
2026-09-15T12:23:55.0353718Z ++ sed 's/.sh$//'
2026-09-15T12:23:55.0365299Z + STAGENAME=50-shaderc
2026-09-15T12:23:55.0365568Z + cat
2026-09-15T12:23:55.0375680Z + for STAGE in scripts.d/*.sh scripts.d/*/*.sh
2026-09-15T12:23:55.0379670Z ++ basename scripts.d/47-vulkan/55-spirv-cross.sh
2026-09-15T12:23:55.0380161Z ++ sed 's/.sh$//'
2026-09-15T12:23:55.0392163Z + STAGENAME=55-spirv-cross
2026-09-15T12:23:55.0392554Z + cat
2026-09-15T12:23:55.0402953Z + for STAGE in scripts.d/*.sh scripts.d/*/*.sh
2026-09-15T12:23:55.0406826Z ++ basename scripts.d/47-vulkan/60-spirv-headers.sh
2026-09-15T12:23:55.0407590Z ++ sed 's/.sh$//'
2026-09-15T12:23:55.0419740Z + STAGENAME=60-spirv-headers
2026-09-15T12:23:55.0420114Z + cat
2026-09-15T12:23:55.0429606Z + for STAGE in scripts.d/*.sh scripts.d/*/*.sh
2026-09-15T12:23:55.0433429Z ++ basename scripts.d/47-vulkan/99-enable.sh
2026-09-15T12:23:55.0433994Z ++ sed 's/.sh$//'
2026-09-15T12:23:55.0446174Z + STAGENAME=99-enable
2026-09-15T12:23:55.0446534Z + cat
2026-09-15T12:23:55.0456096Z + for STAGE in scripts.d/*.sh scripts.d/*/*.sh
2026-09-15T12:23:55.0460130Z ++ basename scripts.d/50-dvd/30-libdvdcss.sh
2026-09-15T12:23:55.0460794Z ++ sed 's/.sh$//'
2026-09-15T12:23:55.0472675Z + STAGENAME=30-libdvdcss
2026-09-15T12:23:55.0473037Z + cat
2026-09-15T12:23:55.0482523Z + for STAGE in scripts.d/*.sh scripts.d/*/*.sh
2026-09-15T12:23:55.0486428Z ++ basename scripts.d/50-dvd/40-libdvdread.sh
2026-09-15T12:23:55.0487086Z ++ sed 's/.sh$//'
2026-09-15T12:23:55.0500572Z + STAGENAME=40-libdvdread
2026-09-15T12:23:55.0500942Z + cat
2026-09-15T12:23:55.0510510Z + for STAGE in scripts.d/*.sh scripts.d/*/*.sh
2026-09-15T12:23:55.0514372Z ++ basename scripts.d/50-dvd/50-libdvdnav.sh
2026-09-15T12:23:55.0514828Z ++ sed 's/.sh$//'
2026-09-15T12:23:55.0526620Z + STAGENAME=50-libdvdnav
2026-09-15T12:23:55.0526967Z + cat
2026-09-15T12:23:55.0536533Z + for STAGE in scripts.d/*.sh scripts.d/*/*.sh
2026-09-15T12:23:55.0540535Z ++ basename scripts.d/50-libjxl/45-brotli.sh
2026-09-15T12:23:55.0541057Z ++ sed 's/.sh$//'
2026-09-15T12:23:55.0553603Z + STAGENAME=45-brotli
2026-09-15T12:23:55.0553859Z + cat
2026-09-15T12:23:55.0563834Z + for STAGE in scripts.d/*.sh scripts.d/*/*.sh
2026-09-15T12:23:55.0567708Z ++ basename scripts.d/50-libjxl/45-lcms2.sh
2026-09-15T12:23:55.0568647Z ++ sed 's/.sh$//'
2026-09-15T12:23:55.0580437Z + STAGENAME=45-lcms2
2026-09-15T12:23:55.0580746Z + cat
2026-09-15T12:23:55.0591033Z + for STAGE in scripts.d/*.sh scripts.d/*/*.sh
2026-09-15T12:23:55.0594849Z ++ basename scripts.d/50-libjxl/50-libjxl.sh
2026-09-15T12:23:55.0595345Z ++ sed 's/.sh$//'
2026-09-15T12:23:55.0607470Z + STAGENAME=50-libjxl
2026-09-15T12:23:55.0607922Z + cat
2026-09-15T12:23:55.0617426Z + for STAGE in scripts.d/*.sh scripts.d/*/*.sh
2026-09-15T12:23:55.0621420Z ++ basename scripts.d/50-librist/40-mbedtls.sh
2026-09-15T12:23:55.0621903Z ++ sed 's/.sh$//'
2026-09-15T12:23:55.0633978Z + STAGENAME=40-mbedtls
2026-09-15T12:23:55.0634359Z + cat
2026-09-15T12:23:55.0644650Z + for STAGE in scripts.d/*.sh scripts.d/*/*.sh
2026-09-15T12:23:55.0648955Z ++ basename scripts.d/50-librist/50-librist.sh
2026-09-15T12:23:55.0649432Z ++ sed 's/.sh$//'
2026-09-15T12:23:55.0661333Z + STAGENAME=50-librist
2026-09-15T12:23:55.0661640Z + cat
2026-09-15T12:23:55.0671384Z + for STAGE in scripts.d/*.sh scripts.d/*/*.sh
2026-09-15T12:23:55.0675104Z ++ basename scripts.d/50-librsvg/10-glib.sh
2026-09-15T12:23:55.0675659Z ++ sed 's/.sh$//'
2026-09-15T12:23:55.0687399Z + STAGENAME=10-glib
2026-09-15T12:23:55.0687689Z + cat
2026-09-15T12:23:55.0697243Z + for STAGE in scripts.d/*.sh scripts.d/*/*.sh
2026-09-15T12:23:55.0701151Z ++ basename scripts.d/50-librsvg/20-cairo.sh
2026-09-15T12:23:55.0701898Z ++ sed 's/.sh$//'
2026-09-15T12:23:55.0713269Z + STAGENAME=20-cairo
2026-09-15T12:23:55.0723253Z + cat
2026-09-15T12:23:55.0723477Z + for STAGE in scripts.d/*.sh scripts.d/*/*.sh
2026-09-15T12:23:55.0727211Z ++ basename scripts.d/50-librsvg/30-pango.sh
2026-09-15T12:23:55.0728112Z ++ sed 's/.sh$//'
2026-09-15T12:23:55.0739870Z + STAGENAME=30-pango
2026-09-15T12:23:55.0740205Z + cat
2026-09-15T12:23:55.0749752Z + for STAGE in scripts.d/*.sh scripts.d/*/*.sh
2026-09-15T12:23:55.0753565Z ++ basename scripts.d/50-librsvg/99-librsvg.sh
2026-09-15T12:23:55.0754072Z ++ sed 's/.sh$//'
2026-09-15T12:23:55.0765979Z + STAGENAME=99-librsvg
2026-09-15T12:23:55.0766313Z + cat
2026-09-15T12:23:55.0775773Z + for STAGE in scripts.d/*.sh scripts.d/*/*.sh
2026-09-15T12:23:55.0779827Z ++ basename scripts.d/50-lilv/96-lv2.sh
2026-09-15T12:23:55.0780400Z ++ sed 's/.sh$//'
2026-09-15T12:23:55.0792247Z + STAGENAME=96-lv2
2026-09-15T12:23:55.0792569Z + cat
2026-09-15T12:23:55.0802920Z + for STAGE in scripts.d/*.sh scripts.d/*/*.sh
2026-09-15T12:23:55.0806851Z ++ basename scripts.d/50-lilv/96-serd.sh
2026-09-15T12:23:55.0807579Z ++ sed 's/.sh$//'
2026-09-15T12:23:55.0819581Z + STAGENAME=96-serd
2026-09-15T12:23:55.0819904Z + cat
2026-09-15T12:23:55.0829363Z + for STAGE in scripts.d/*.sh scripts.d/*/*.sh
2026-09-15T12:23:55.0833347Z ++ basename scripts.d/50-lilv/96-zix.sh
2026-09-15T12:23:55.0833881Z ++ sed 's/.sh$//'
2026-09-15T12:23:55.0845796Z + STAGENAME=96-zix
2026-09-15T12:23:55.0846109Z + cat
2026-09-15T12:23:55.0856206Z + for STAGE in scripts.d/*.sh scripts.d/*/*.sh
2026-09-15T12:23:55.0860355Z ++ basename scripts.d/50-lilv/97-sord.sh
2026-09-15T12:23:55.0861003Z ++ sed 's/.sh$//'
2026-09-15T12:23:55.0872955Z + STAGENAME=97-sord
2026-09-15T12:23:55.0873264Z + cat
2026-09-15T12:23:55.0883074Z + for STAGE in scripts.d/*.sh scripts.d/*/*.sh
2026-09-15T12:23:55.0886826Z ++ basename scripts.d/50-lilv/98-sratom.sh
2026-09-15T12:23:55.0887347Z ++ sed 's/.sh$//'
2026-09-15T12:23:55.0899180Z + STAGENAME=98-sratom
2026-09-15T12:23:55.0899475Z + cat
2026-09-15T12:23:55.0909347Z + for STAGE in scripts.d/*.sh scripts.d/*/*.sh
2026-09-15T12:23:55.0913160Z ++ basename scripts.d/50-lilv/99-lilv.sh
2026-09-15T12:23:55.0913662Z ++ sed 's/.sh$//'
2026-09-15T12:23:55.0925570Z + STAGENAME=99-lilv
2026-09-15T12:23:55.0925920Z + cat
2026-09-15T12:23:55.0935723Z + for STAGE in scripts.d/*.sh scripts.d/*/*.sh
2026-09-15T12:23:55.0939600Z ++ basename scripts.d/50-vaapi/30-libpciaccess.sh
2026-09-15T12:23:55.0940138Z ++ sed 's/.sh$//'
2026-09-15T12:23:55.0952043Z + STAGENAME=30-libpciaccess
2026-09-15T12:23:55.0952417Z + cat
2026-09-15T12:23:55.0962156Z + for STAGE in scripts.d/*.sh scripts.d/*/*.sh
2026-09-15T12:23:55.0965897Z ++ basename scripts.d/50-vaapi/40-libdrm.sh
2026-09-15T12:23:55.0966716Z ++ sed 's/.sh$//'
2026-09-15T12:23:55.0978947Z + STAGENAME=40-libdrm
2026-09-15T12:23:55.0979277Z + cat
2026-09-15T12:23:55.0988928Z + for STAGE in scripts.d/*.sh scripts.d/*/*.sh
2026-09-15T12:23:55.0992596Z ++ basename scripts.d/50-vaapi/50-libva.sh
2026-09-15T12:23:55.0993294Z ++ sed 's/.sh$//'
2026-09-15T12:23:55.1005140Z + STAGENAME=50-libva
2026-09-15T12:23:55.1005476Z + cat
2026-09-15T12:23:55.1015754Z + for STAGE in scripts.d/*.sh scripts.d/*/*.sh
2026-09-15T12:23:55.1019775Z ++ basename scripts.d/50-vaapi/99-finalize.sh
2026-09-15T12:23:55.1020237Z ++ sed 's/.sh$//'
2026-09-15T12:23:55.1032139Z + STAGENAME=99-finalize
2026-09-15T12:23:55.1032526Z + cat
2026-09-15T12:23:55.1044860Z + docker run -i --rm -u 1001:1001 -v /tmp/tmp.ZkEfXwumuI:/stages -v /home/runner/work/FFmpeg-Builds/FFmpeg-Builds/.cache/downloads:/dldir -v /home/runner/work/FFmpeg-Builds/FFmpeg-Builds/scripts.d:/scripts.d -v /home/runner/work/FFmpeg-Builds/FFmpeg-Builds/util/dl_functions.sh:/dl_functions.sh ghcr.io/btbn/ffmpeg-builds/base:latest bash -c 'set -xe && for STAGE in /stages/*.sh; do bash $STAGE; done'
2026-09-15T12:23:55.1145085Z Unable to find image 'ghcr.io/btbn/ffmpeg-builds/base:latest' locally
2026-09-15T12:23:55.8142694Z latest: Pulling from btbn/ffmpeg-builds/base
2026-09-15T12:23:55.8143598Z 08f5f5b2a2b0: Pulling fs layer
2026-09-15T12:23:55.8144029Z 6a7c4f6d8c38: Pulling fs layer
2026-09-15T12:23:55.8144358Z c0fb17977107: Pulling fs layer
2026-09-15T12:23:55.8144699Z 2880b575b2c0: Pulling fs layer
2026-09-15T12:23:55.8144999Z 5eec61f5a023: Pulling fs layer
2026-09-15T12:23:55.8145245Z b74d1b21fb96: Pulling fs layer
2026-09-15T12:23:55.8145438Z b728637e1a87: Pulling fs layer
2026-09-15T12:23:55.8145722Z 2880b575b2c0: Waiting
2026-09-15T12:23:55.8145988Z 5eec61f5a023: Waiting
2026-09-15T12:23:55.8146257Z b74d1b21fb96: Waiting
2026-09-15T12:23:55.8146527Z b728637e1a87: Waiting
2026-09-15T12:23:56.0495038Z 6a7c4f6d8c38: Verifying Checksum
2026-09-15T12:23:56.0495456Z 6a7c4f6d8c38: Download complete
2026-09-15T12:23:56.3283294Z 08f5f5b2a2b0: Verifying Checksum
2026-09-15T12:23:56.3283898Z 08f5f5b2a2b0: Download complete
2026-09-15T12:23:56.3539840Z 2880b575b2c0: Verifying Checksum
2026-09-15T12:23:56.3540312Z 2880b575b2c0: Download complete
2026-09-15T12:23:56.7461578Z 5eec61f5a023: Download complete
2026-09-15T12:23:56.9713208Z b728637e1a87: Verifying Checksum
2026-09-15T12:23:56.9713621Z b728637e1a87: Download complete
2026-09-15T12:23:57.8490313Z c0fb17977107: Verifying Checksum
2026-09-15T12:23:57.8491969Z c0fb17977107: Download complete
2026-09-15T12:23:57.8811459Z b74d1b21fb96: Verifying Checksum
2026-09-15T12:23:57.8811905Z b74d1b21fb96: Download complete
2026-09-15T12:23:58.6225721Z 08f5f5b2a2b0: Pull complete
2026-09-15T12:24:04.8146813Z 6a7c4f6d8c38: Pull complete
2026-09-15T12:24:25.1965563Z c0fb17977107: Pull complete
2026-09-15T12:24:25.3459992Z 2880b575b2c0: Pull complete
2026-09-15T12:24:25.5692695Z 5eec61f5a023: Pull complete
2026-09-15T12:24:49.4754158Z b74d1b21fb96: Pull complete
2026-09-15T12:24:49.4841660Z b728637e1a87: Pull complete
2026-09-15T12:24:49.4870166Z Digest: sha256:6ca7e979f8bf9bd54b83c3e5c94c08f251f9c0f73b9398d2d9e5c44e30c88744
2026-09-15T12:24:49.4880224Z Status: Downloaded newer image for ghcr.io/btbn/ffmpeg-builds/base:latest
2026-09-15T12:24:49.5801500Z + for STAGE in /stages/*.sh
2026-09-15T12:24:49.5801933Z + bash /stages/10-glib.sh
2026-09-15T12:24:49.5809261Z + shopt -s dotglob
2026-09-15T12:24:49.5809604Z + source /dl_functions.sh
2026-09-15T12:24:49.5813462Z + source /scripts.d/50-librsvg/10-glib.sh
2026-09-15T12:24:49.5814076Z ++ SCRIPT_REPO=https://github.com/GNOME/glib.git
2026-09-15T12:24:49.5816438Z ++ SCRIPT_COMMIT=6f98b0b8ad9cb7f9be237b4a0dba3833331a8f37
2026-09-15T12:24:49.5816927Z ++ ffbuild_dockerdl
2026-09-15T12:24:49.5817280Z ++ default_dl .
2026-09-15T12:24:49.5818269Z ++ echo 'git-mini-clone "https://github.com/GNOME/glib.git" "6f98b0b8ad9cb7f9be237b4a0dba3833331a8f37" "."'
2026-09-15T12:24:49.5819022Z ++ echo 'git submodule update --init --recursive --depth=1'
2026-09-15T12:24:49.5819602Z ++ echo 'meson subprojects download proxy-libintl'
2026-09-15T12:24:49.5821219Z + STG=$'git-mini-clone "https://github.com/GNOME/glib.git" "6f98b0b8ad9cb7f9be237b4a0dba3833331a8f37" "."\ngit submodule update --init --recursive --depth=1\nmeson subprojects download proxy-libintl'
2026-09-15T12:24:49.5822584Z + [[ -z git-mini-clone "https://github.com/GNOME/glib.git" "6f98b0b8ad9cb7f9be237b4a0dba3833331a8f37" "."
2026-09-15T12:24:49.5823274Z git submodule update --init --recursive --depth=1
2026-09-15T12:24:49.5823687Z meson subprojects download proxy-libintl ]]
2026-09-15T12:24:49.5824145Z ++ sha256sum
2026-09-15T12:24:49.5824382Z ++ cut '-d ' -f1
2026-09-15T12:24:49.5850603Z + DLHASH=2345eb575abe4e65d06b8c4d33b9af85b1a6d98f1e74bc62e03cfd5fc3e02fb4
2026-09-15T12:24:49.5851117Z + DLNAME=10-glib
2026-09-15T12:24:49.5852695Z + [[ hashonly == hashonly ]]
2026-09-15T12:24:49.5853314Z + echo 2345eb575abe4e65d06b8c4d33b9af85b1a6d98f1e74bc62e03cfd5fc3e02fb4
2026-09-15T12:24:49.5854673Z + exit 0
2026-09-15T12:24:49.5855063Z + for STAGE in /stages/*.sh
2026-09-15T12:24:49.5855503Z + bash /stages/10-mingw-std-threads.sh
2026-09-15T12:24:49.5862308Z + shopt -s dotglob
2026-09-15T12:24:49.5862506Z + source /dl_functions.sh
2026-09-15T12:24:49.5862911Z + source /scripts.d/10-mingw-std-threads.sh
2026-09-15T12:24:49.5863210Z ++ SCRIPT_REPO=https://github.com/meganz/mingw-std-threads.git
2026-09-15T12:24:49.5863536Z ++ SCRIPT_COMMIT=c931bac289dd431f1dd30fc4a5d1a7be36668073
2026-09-15T12:24:49.5864740Z ++ ffbuild_dockerdl
2026-09-15T12:24:49.5864952Z ++ default_dl .
2026-09-15T12:24:49.5865397Z ++ echo 'git-mini-clone "https://github.com/meganz/mingw-std-threads.git" "c931bac289dd431f1dd30fc4a5d1a7be36668073" "."'
2026-09-15T12:24:49.5867194Z + STG='git-mini-clone "https://github.com/meganz/mingw-std-threads.git" "c931bac289dd431f1dd30fc4a5d1a7be36668073" "."'
2026-09-15T12:24:49.5868240Z + [[ -z git-mini-clone "https://github.com/meganz/mingw-std-threads.git" "c931bac289dd431f1dd30fc4a5d1a7be36668073" "." ]]
2026-09-15T12:24:49.5872668Z ++ sha256sum
2026-09-15T12:24:49.5872918Z ++ cut '-d ' -f1
2026-09-15T12:24:49.5898990Z + DLHASH=f6fe5dc5a067e90cd8b37a748b33962ac2eb09f3b486b287265803070dbf02d2
2026-09-15T12:24:49.5899857Z + DLNAME=10-mingw-std-threads
2026-09-15T12:24:49.5900377Z + [[ hashonly == hashonly ]]
2026-09-15T12:24:49.5901137Z + echo f6fe5dc5a067e90cd8b37a748b33962ac2eb09f3b486b287265803070dbf02d2
2026-09-15T12:24:49.5901611Z + exit 0
2026-09-15T12:24:49.5901853Z + for STAGE in /stages/*.sh
2026-09-15T12:24:49.5902142Z + bash /stages/10-mingw.sh
2026-09-15T12:24:49.5909609Z + shopt -s dotglob
2026-09-15T12:24:49.5909927Z + source /dl_functions.sh
2026-09-15T12:24:49.5915017Z + source /scripts.d/10-mingw.sh
2026-09-15T12:24:49.5915548Z ++ SCRIPT_REPO=https://git.code.sf.net/p/mingw-w64/mingw-w64.git
2026-09-15T12:24:49.5916043Z ++ SCRIPT_COMMIT=5ea8e9facd013b815f5f29f20ef26a566319a3de
2026-09-15T12:24:49.5916438Z ++ ffbuild_dockerdl
2026-09-15T12:24:49.5917155Z ++ echo 'retry-tool sh -c "rm -rf mingw && git clone '\''https://git.code.sf.net/p/mingw-w64/mingw-w64.git'\'' mingw" && cd mingw && git checkout "5ea8e9facd013b815f5f29f20ef26a566319a3de"'
2026-09-15T12:24:49.5919764Z + STG='retry-tool sh -c "rm -rf mingw && git clone '\''https://git.code.sf.net/p/mingw-w64/mingw-w64.git'\'' mingw" && cd mingw && git checkout "5ea8e9facd013b815f5f29f20ef26a566319a3de"'
2026-09-15T12:24:49.5922102Z + [[ -z retry-tool sh -c "rm -rf mingw && git clone 'https://git.code.sf.net/p/mingw-w64/mingw-w64.git' mingw" && cd mingw && git checkout "5ea8e9facd013b815f5f29f20ef26a566319a3de" ]]
2026-09-15T12:24:49.5922945Z ++ sha256sum
2026-09-15T12:24:49.5923183Z ++ cut '-d ' -f1
2026-09-15T12:24:49.5949126Z + DLHASH=085e09c5ef82fb3dcde052a2f5de92445435bea8d3766db035b6d5483d3eacf9
2026-09-15T12:24:49.5949630Z + DLNAME=10-mingw
2026-09-15T12:24:49.5950029Z + [[ hashonly == hashonly ]]
2026-09-15T12:24:49.5950583Z + echo 085e09c5ef82fb3dcde052a2f5de92445435bea8d3766db035b6d5483d3eacf9
2026-09-15T12:24:49.5951046Z + exit 0
2026-09-15T12:24:49.5951279Z + for STAGE in /stages/*.sh
2026-09-15T12:24:49.5951571Z + bash /stages/10-xcbproto.sh
2026-09-15T12:24:49.5960823Z + shopt -s dotglob
2026-09-15T12:24:49.5961555Z + source /dl_functions.sh
2026-09-15T12:24:49.5961926Z + source /scripts.d/45-x11/10-xcbproto.sh
2026-09-15T12:24:49.5962451Z ++ SCRIPT_REPO=https://gitlab.freedesktop.org/xorg/proto/xcbproto.git
2026-09-15T12:24:49.5962925Z ++ SCRIPT_COMMIT=cf7e2581b613802f2f8ec2a4b50a6a20aad4bf52
2026-09-15T12:24:49.5964048Z ++ ffbuild_dockerdl
2026-09-15T12:24:49.5964417Z ++ default_dl .
2026-09-15T12:24:49.5964986Z ++ echo 'git-mini-clone "https://gitlab.freedesktop.org/xorg/proto/xcbproto.git" "cf7e2581b613802f2f8ec2a4b50a6a20aad4bf52" "."'
2026-09-15T12:24:49.5968290Z + STG='git-mini-clone "https://gitlab.freedesktop.org/xorg/proto/xcbproto.git" "cf7e2581b613802f2f8ec2a4b50a6a20aad4bf52" "."'
2026-09-15T12:24:49.5969459Z + [[ -z git-mini-clone "https://gitlab.freedesktop.org/xorg/proto/xcbproto.git" "cf7e2581b613802f2f8ec2a4b50a6a20aad4bf52" "." ]]
2026-09-15T12:24:49.5989354Z ++ sha256sum
2026-09-15T12:24:49.5989784Z ++ cut '-d ' -f1
2026-09-15T12:24:49.5995245Z + DLHASH=aecb3156bc10c1a8bae6c1bb11f21b8d7f768876cddde7302804c9e8ffba7484
2026-09-15T12:24:49.5996219Z + DLNAME=10-xcbproto
2026-09-15T12:24:49.5996702Z + [[ hashonly == hashonly ]]
2026-09-15T12:24:49.5997333Z + echo aecb3156bc10c1a8bae6c1bb11f21b8d7f768876cddde7302804c9e8ffba7484
2026-09-15T12:24:49.5998131Z + exit 0
2026-09-15T12:24:49.5998948Z + for STAGE in /stages/*.sh
2026-09-15T12:24:49.5999394Z + bash /stages/10-xorg-macros.sh
2026-09-15T12:24:49.6008572Z + shopt -s dotglob
2026-09-15T12:24:49.6009238Z + source /dl_functions.sh
2026-09-15T12:24:49.6009587Z + source /scripts.d/10-xorg-macros.sh
2026-09-15T12:24:49.6010066Z ++ SCRIPT_REPO=https://gitlab.freedesktop.org/xorg/util/macros.git
2026-09-15T12:24:49.6010537Z ++ SCRIPT_COMMIT=a9d71e3fd8e6758b70be31c586921bbbcd2a8449
2026-09-15T12:24:49.6012998Z ++ ffbuild_dockerdl
2026-09-15T12:24:49.6013300Z ++ default_dl .
2026-09-15T12:24:49.6013823Z ++ echo 'git-mini-clone "https://gitlab.freedesktop.org/xorg/util/macros.git" "a9d71e3fd8e6758b70be31c586921bbbcd2a8449" "."'
2026-09-15T12:24:49.6015025Z + STG='git-mini-clone "https://gitlab.freedesktop.org/xorg/util/macros.git" "a9d71e3fd8e6758b70be31c586921bbbcd2a8449" "."'
2026-09-15T12:24:49.6015813Z + [[ -z git-mini-clone "https://gitlab.freedesktop.org/xorg/util/macros.git" "a9d71e3fd8e6758b70be31c586921bbbcd2a8449" "." ]]
2026-09-15T12:24:49.6036885Z ++ sha256sum
2026-09-15T12:24:49.6037187Z ++ cut '-d ' -f1
2026-09-15T12:24:49.6044895Z + DLHASH=73cab126efc5f728ed3cb980e6fdd5847c562d4e8ec405f6fc1f371b9c83317e
2026-09-15T12:24:49.6045876Z + DLNAME=10-xorg-macros
2026-09-15T12:24:49.6046316Z + [[ hashonly == hashonly ]]
2026-09-15T12:24:49.6046744Z + echo 73cab126efc5f728ed3cb980e6fdd5847c562d4e8ec405f6fc1f371b9c83317e
2026-09-15T12:24:49.6047171Z + exit 0
2026-09-15T12:24:49.6047473Z + for STAGE in /stages/*.sh
2026-09-15T12:24:49.6047791Z + bash /stages/10-xproto.sh
2026-09-15T12:24:49.6054835Z + shopt -s dotglob
2026-09-15T12:24:49.6055223Z + source /dl_functions.sh
2026-09-15T12:24:49.6055547Z + source /scripts.d/45-x11/10-xproto.sh
2026-09-15T12:24:49.6056014Z ++ SCRIPT_REPO=https://gitlab.freedesktop.org/xorg/proto/xorgproto.git
2026-09-15T12:24:49.6056658Z ++ SCRIPT_COMMIT=fcb7e9a1a0b593a44740d83b0babddd331fea830
2026-09-15T12:24:49.6057480Z ++ ffbuild_dockerdl
2026-09-15T12:24:49.6057968Z ++ default_dl .
2026-09-15T12:24:49.6058625Z ++ echo 'git-mini-clone "https://gitlab.freedesktop.org/xorg/proto/xorgproto.git" "fcb7e9a1a0b593a44740d83b0babddd331fea830" "."'
2026-09-15T12:24:49.6061658Z + STG='git-mini-clone "https://gitlab.freedesktop.org/xorg/proto/xorgproto.git" "fcb7e9a1a0b593a44740d83b0babddd331fea830" "."'
2026-09-15T12:24:49.6062669Z + [[ -z git-mini-clone "https://gitlab.freedesktop.org/xorg/proto/xorgproto.git" "fcb7e9a1a0b593a44740d83b0babddd331fea830" "." ]]
2026-09-15T12:24:49.6064016Z ++ sha256sum
2026-09-15T12:24:49.6065747Z ++ cut '-d ' -f1
2026-09-15T12:24:49.6087299Z + DLHASH=8688412b2a40b6260fc6bc9e8f1a511b48c97addfe0af743af7cee19a31bd4c6
2026-09-15T12:24:49.6090131Z + DLNAME=10-xproto
2026-09-15T12:24:49.6090444Z + [[ hashonly == hashonly ]]
2026-09-15T12:24:49.6090856Z + echo 8688412b2a40b6260fc6bc9e8f1a511b48c97addfe0af743af7cee19a31bd4c6
2026-09-15T12:24:49.6091173Z + exit 0
2026-09-15T12:24:49.6091336Z + for STAGE in /stages/*.sh
2026-09-15T12:24:49.6091532Z + bash /stages/10-xtrans.sh
2026-09-15T12:24:49.6100460Z + shopt -s dotglob
2026-09-15T12:24:49.6100959Z + source /dl_functions.sh
2026-09-15T12:24:49.6101292Z + source /scripts.d/45-x11/10-xtrans.sh
2026-09-15T12:24:49.6101749Z ++ SCRIPT_REPO=https://gitlab.freedesktop.org/xorg/lib/libxtrans.git
2026-09-15T12:24:49.6102263Z ++ SCRIPT_COMMIT=79f6b0bfe2170496e8c37626043d009f4cd3f1e1
2026-09-15T12:24:49.6104458Z ++ ffbuild_dockerdl
2026-09-15T12:24:49.6104640Z ++ default_dl .
2026-09-15T12:24:49.6105046Z ++ echo 'git-mini-clone "https://gitlab.freedesktop.org/xorg/lib/libxtrans.git" "79f6b0bfe2170496e8c37626043d009f4cd3f1e1" "."'
2026-09-15T12:24:49.6106816Z + STG='git-mini-clone "https://gitlab.freedesktop.org/xorg/lib/libxtrans.git" "79f6b0bfe2170496e8c37626043d009f4cd3f1e1" "."'
2026-09-15T12:24:49.6107598Z + [[ -z git-mini-clone "https://gitlab.freedesktop.org/xorg/lib/libxtrans.git" "79f6b0bfe2170496e8c37626043d009f4cd3f1e1" "." ]]
2026-09-15T12:24:49.6113063Z ++ sha256sum
2026-09-15T12:24:49.6113503Z ++ cut '-d ' -f1
2026-09-15T12:24:49.6147609Z + DLHASH=b41af1c6913f15c4007f45375796b3cfe701cce8003bc6a1682f8f6952fea4c2
2026-09-15T12:24:49.6148202Z + DLNAME=10-xtrans
2026-09-15T12:24:49.6148670Z + [[ hashonly == hashonly ]]
2026-09-15T12:24:49.6149987Z + echo b41af1c6913f15c4007f45375796b3cfe701cce8003bc6a1682f8f6952fea4c2
2026-09-15T12:24:49.6150456Z + exit 0
2026-09-15T12:24:49.6150768Z + for STAGE in /stages/*.sh
2026-09-15T12:24:49.6151091Z + bash /stages/15-base.sh
2026-09-15T12:24:49.6163022Z + shopt -s dotglob
2026-09-15T12:24:49.6163677Z + source /dl_functions.sh
2026-09-15T12:24:49.6163978Z + source /scripts.d/15-base.sh
2026-09-15T12:24:49.6164271Z ++ SCRIPT_SKIP=1
2026-09-15T12:24:49.6164546Z ++ ffbuild_dockerdl
2026-09-15T12:24:49.6164782Z ++ return 0
2026-09-15T12:24:49.6164958Z + STG=
2026-09-15T12:24:49.6165169Z + [[ -z '' ]]
2026-09-15T12:24:49.6165379Z + exit 0
2026-09-15T12:24:49.6166454Z + for STAGE in /stages/*.sh
2026-09-15T12:24:49.6166661Z + bash /stages/20-cairo.sh
2026-09-15T12:24:49.6174693Z + shopt -s dotglob
2026-09-15T12:24:49.6175654Z + source /dl_functions.sh
2026-09-15T12:24:49.6176053Z + source /scripts.d/50-librsvg/20-cairo.sh
2026-09-15T12:24:49.6176503Z ++ SCRIPT_REPO=https://gitlab.freedesktop.org/cairo/cairo.git
2026-09-15T12:24:49.6176993Z ++ SCRIPT_COMMIT=dd6262c17e6537fe992f3b17748578093392dac0
2026-09-15T12:24:49.6178887Z ++ ffbuild_dockerdl
2026-09-15T12:24:49.6179286Z ++ default_dl .
2026-09-15T12:24:49.6179979Z ++ echo 'git-mini-clone "https://gitlab.freedesktop.org/cairo/cairo.git" "dd6262c17e6537fe992f3b17748578093392dac0" "."'
2026-09-15T12:24:49.6180971Z + STG='git-mini-clone "https://gitlab.freedesktop.org/cairo/cairo.git" "dd6262c17e6537fe992f3b17748578093392dac0" "."'
2026-09-15T12:24:49.6181943Z + [[ -z git-mini-clone "https://gitlab.freedesktop.org/cairo/cairo.git" "dd6262c17e6537fe992f3b17748578093392dac0" "." ]]
2026-09-15T12:24:49.6184712Z ++ sha256sum
2026-09-15T12:24:49.6186953Z ++ cut '-d ' -f1
2026-09-15T12:24:49.6210474Z + DLHASH=6e56413e573ab2effdfa2dd4e492de2df1c824f14da0fb44552bec3c97772a74
2026-09-15T12:24:49.6211061Z + DLNAME=20-cairo
2026-09-15T12:24:49.6211375Z + [[ hashonly == hashonly ]]
2026-09-15T12:24:49.6211846Z + echo 6e56413e573ab2effdfa2dd4e492de2df1c824f14da0fb44552bec3c97772a74
2026-09-15T12:24:49.6212500Z + exit 0
2026-09-15T12:24:49.6213328Z + for STAGE in /stages/*.sh
2026-09-15T12:24:49.6213533Z + bash /stages/20-libiconv.sh
2026-09-15T12:24:49.6222251Z + shopt -s dotglob
2026-09-15T12:24:49.6222672Z + source /dl_functions.sh
2026-09-15T12:24:49.6222982Z + source /scripts.d/20-libiconv.sh
2026-09-15T12:24:49.6223414Z ++ SCRIPT_REPO=https://git.savannah.gnu.org/git/libiconv.git
2026-09-15T12:24:49.6224112Z ++ SCRIPT_MIRROR=git://git.git.savannah.gnu.org/libiconv.git
2026-09-15T12:24:49.6224598Z ++ SCRIPT_COMMIT=5e517e5bf0e1b4575ad431e81d7a4750fa2b284e
2026-09-15T12:24:49.6225080Z ++ SCRIPT_REPO2=https://git.savannah.gnu.org/git/gnulib.git
2026-09-15T12:24:49.6225581Z ++ SCRIPT_MIRROR2=https://github.com/coreutils/gnulib.git
2026-09-15T12:24:49.6226046Z ++ SCRIPT_COMMIT2=09b1597470c456aeac7e7d19b214821d4526934d
2026-09-15T12:24:49.6226432Z ++ ffbuild_dockerdl
2026-09-15T12:24:49.6227210Z ++ echo 'retry-tool sh -c "rm -rf iconv && git clone '\''git://git.git.savannah.gnu.org/libiconv.git'\'' iconv" && git -C iconv checkout "5e517e5bf0e1b4575ad431e81d7a4750fa2b284e"'
2026-09-15T12:24:49.6228889Z ++ echo 'cd iconv && retry-tool sh -c "rm -rf gnulib && git clone --filter=blob:none '\''https://github.com/coreutils/gnulib.git'\'' gnulib" && git -C gnulib checkout "09b1597470c456aeac7e7d19b214821d4526934d" && rm -rf gnulib/.git'
2026-09-15T12:24:49.6231428Z + STG=$'retry-tool sh -c "rm -rf iconv && git clone \'git://git.git.savannah.gnu.org/libiconv.git\' iconv" && git -C iconv checkout "5e517e5bf0e1b4575ad431e81d7a4750fa2b284e"\ncd iconv && retry-tool sh -c "rm -rf gnulib && git clone --filter=blob:none \'https://github.com/coreutils/gnulib.git\' gnulib" && git -C gnulib checkout "09b1597470c456aeac7e7d19b214821d4526934d" && rm -rf gnulib/.git'
2026-09-15T12:24:49.6233726Z + [[ -z retry-tool sh -c "rm -rf iconv && git clone 'git://git.git.savannah.gnu.org/libiconv.git' iconv" && git -C iconv checkout "5e517e5bf0e1b4575ad431e81d7a4750fa2b284e"
2026-09-15T12:24:49.6235033Z cd iconv && retry-tool sh -c "rm -rf gnulib && git clone --filter=blob:none 'https://github.com/coreutils/gnulib.git' gnulib" && git -C gnulib checkout "09b1597470c456aeac7e7d19b214821d4526934d" && rm -rf gnulib/.git ]]
2026-09-15T12:24:49.6235846Z ++ sha256sum
2026-09-15T12:24:49.6236102Z ++ cut '-d ' -f1
2026-09-15T12:24:49.6258004Z + DLHASH=a820eb1a2cb6f2232acc997f363eaf56b72c509dfd979fa029a13e9278f1872a
2026-09-15T12:24:49.6258323Z + DLNAME=20-libiconv
2026-09-15T12:24:49.6258522Z + [[ hashonly == hashonly ]]
2026-09-15T12:24:49.6258813Z + echo a820eb1a2cb6f2232acc997f363eaf56b72c509dfd979fa029a13e9278f1872a
2026-09-15T12:24:49.6259121Z + exit 0
2026-09-15T12:24:49.6260405Z + for STAGE in /stages/*.sh
2026-09-15T12:24:49.6260669Z + bash /stages/20-libxau.sh
2026-09-15T12:24:49.6269901Z + shopt -s dotglob
2026-09-15T12:24:49.6270227Z + source /dl_functions.sh
2026-09-15T12:24:49.6272851Z + source /scripts.d/45-x11/20-libxau.sh
2026-09-15T12:24:49.6273438Z ++ SCRIPT_REPO=https://gitlab.freedesktop.org/xorg/lib/libxau.git
2026-09-15T12:24:49.6274207Z ++ SCRIPT_COMMIT=be1daeb909f1d678e7859ac1555e90b4e768d5c4
2026-09-15T12:24:49.6274594Z ++ ffbuild_dockerdl
2026-09-15T12:24:49.6274848Z ++ default_dl .
2026-09-15T12:24:49.6275650Z ++ echo 'git-mini-clone "https://gitlab.freedesktop.org/xorg/lib/libxau.git" "be1daeb909f1d678e7859ac1555e90b4e768d5c4" "."'
2026-09-15T12:24:49.6276666Z + STG='git-mini-clone "https://gitlab.freedesktop.org/xorg/lib/libxau.git" "be1daeb909f1d678e7859ac1555e90b4e768d5c4" "."'
2026-09-15T12:24:49.6277569Z + [[ -z git-mini-clone "https://gitlab.freedesktop.org/xorg/lib/libxau.git" "be1daeb909f1d678e7859ac1555e90b4e768d5c4" "." ]]
2026-09-15T12:24:49.6297508Z ++ sha256sum
2026-09-15T12:24:49.6298087Z ++ cut '-d ' -f1
2026-09-15T12:24:49.6305160Z + DLHASH=8144e82dbddb1c5a8ac1ef670f5a78a7474aaf2dd418aebb50e572e40dbc5244
2026-09-15T12:24:49.6305824Z + DLNAME=20-libxau
2026-09-15T12:24:49.6306174Z + [[ hashonly == hashonly ]]
2026-09-15T12:24:49.6306628Z + echo 8144e82dbddb1c5a8ac1ef670f5a78a7474aaf2dd418aebb50e572e40dbc5244
2026-09-15T12:24:49.6307090Z + exit 0
2026-09-15T12:24:49.6310951Z + for STAGE in /stages/*.sh
2026-09-15T12:24:49.6311433Z + bash /stages/20-zlib.sh
2026-09-15T12:24:49.6319623Z + shopt -s dotglob
2026-09-15T12:24:49.6320042Z + source /dl_functions.sh
2026-09-15T12:24:49.6320348Z + source /scripts.d/20-zlib.sh
2026-09-15T12:24:49.6323047Z ++ SCRIPT_REPO=https://github.com/madler/zlib.git
2026-09-15T12:24:49.6323737Z ++ SCRIPT_COMMIT=e3dc0a85b7032e98380dec011bc8f2c2ee0d8fca
2026-09-15T12:24:49.6324351Z ++ ffbuild_dockerdl
2026-09-15T12:24:49.6324704Z ++ default_dl .
2026-09-15T12:24:49.6325251Z ++ echo 'git-mini-clone "https://github.com/madler/zlib.git" "e3dc0a85b7032e98380dec011bc8f2c2ee0d8fca" "."'
2026-09-15T12:24:49.6326103Z + STG='git-mini-clone "https://github.com/madler/zlib.git" "e3dc0a85b7032e98380dec011bc8f2c2ee0d8fca" "."'
2026-09-15T12:24:49.6326950Z + [[ -z git-mini-clone "https://github.com/madler/zlib.git" "e3dc0a85b7032e98380dec011bc8f2c2ee0d8fca" "." ]]
2026-09-15T12:24:49.6330928Z ++ cut '-d ' -f1
2026-09-15T12:24:49.6331438Z ++ sha256sum
2026-09-15T12:24:49.6355296Z + DLHASH=132d135e890f221364f5e66a4293ae247c65dd02d42b44d3ea02af0eeb35154a
2026-09-15T12:24:49.6356147Z + DLNAME=20-zlib
2026-09-15T12:24:49.6356612Z + [[ hashonly == hashonly ]]
2026-09-15T12:24:49.6357450Z + echo 132d135e890f221364f5e66a4293ae247c65dd02d42b44d3ea02af0eeb35154a
2026-09-15T12:24:49.6358029Z + exit 0
2026-09-15T12:24:49.6358274Z + for STAGE in /stages/*.sh
2026-09-15T12:24:49.6358577Z + bash /stages/25-fftw3.sh
2026-09-15T12:24:49.6366026Z + shopt -s dotglob
2026-09-15T12:24:49.6366516Z + source /dl_functions.sh
2026-09-15T12:24:49.6366892Z + source /scripts.d/25-fftw3.sh
2026-09-15T12:24:49.6367304Z ++ SCRIPT_REPO=https://github.com/FFTW/fftw3.git
2026-09-15T12:24:49.6367746Z ++ SCRIPT_COMMIT=93ed4c786934aec9946f8dda4b4e3eb08f8be41c
2026-09-15T12:24:49.6370634Z ++ ffbuild_dockerdl
2026-09-15T12:24:49.6370846Z ++ default_dl .
2026-09-15T12:24:49.6372165Z ++ echo 'git-mini-clone "https://github.com/FFTW/fftw3.git" "93ed4c786934aec9946f8dda4b4e3eb08f8be41c" "."'
2026-09-15T12:24:49.6373192Z + STG='git-mini-clone "https://github.com/FFTW/fftw3.git" "93ed4c786934aec9946f8dda4b4e3eb08f8be41c" "."'
2026-09-15T12:24:49.6376114Z + [[ -z git-mini-clone "https://github.com/FFTW/fftw3.git" "93ed4c786934aec9946f8dda4b4e3eb08f8be41c" "." ]]
2026-09-15T12:24:49.6378263Z ++ sha256sum
2026-09-15T12:24:49.6378520Z ++ cut '-d ' -f1
2026-09-15T12:24:49.6402685Z + DLHASH=f590d55efb2139d10bea09f7f3542f648290d35fc2ecb3122d6896bf2af049e3
2026-09-15T12:24:49.6403172Z + DLNAME=25-fftw3
2026-09-15T12:24:49.6403446Z + [[ hashonly == hashonly ]]
2026-09-15T12:24:49.6403880Z + echo f590d55efb2139d10bea09f7f3542f648290d35fc2ecb3122d6896bf2af049e3
2026-09-15T12:24:49.6404362Z + exit 0
2026-09-15T12:24:49.6408804Z + for STAGE in /stages/*.sh
2026-09-15T12:24:49.6409194Z + bash /stages/25-freetype.sh
2026-09-15T12:24:49.6414392Z + shopt -s dotglob
2026-09-15T12:24:49.6414677Z + source /dl_functions.sh
2026-09-15T12:24:49.6415003Z + source /scripts.d/45-fonts/25-freetype.sh
2026-09-15T12:24:49.6415499Z ++ SCRIPT_REPO=https://gitlab.freedesktop.org/freetype/freetype.git
2026-09-15T12:24:49.6416014Z ++ SCRIPT_COMMIT=9e9d3b73f31367dbb4261f93c727a277f6632c77
2026-09-15T12:24:49.6417317Z ++ ffbuild_dockerdl
2026-09-15T12:24:49.6417691Z ++ default_dl .
2026-09-15T12:24:49.6419323Z ++ echo 'git-mini-clone "https://gitlab.freedesktop.org/freetype/freetype.git" "9e9d3b73f31367dbb4261f93c727a277f6632c77" "."'
2026-09-15T12:24:49.6421393Z + STG='git-mini-clone "https://gitlab.freedesktop.org/freetype/freetype.git" "9e9d3b73f31367dbb4261f93c727a277f6632c77" "."'
2026-09-15T12:24:49.6422274Z + [[ -z git-mini-clone "https://gitlab.freedesktop.org/freetype/freetype.git" "9e9d3b73f31367dbb4261f93c727a277f6632c77" "." ]]
2026-09-15T12:24:49.6428563Z ++ sha256sum
2026-09-15T12:24:49.6429025Z ++ cut '-d ' -f1
2026-09-15T12:24:49.6447942Z + DLHASH=3617370b1dcde7476f60c6ba4fa9936d9dffa84a83db01be118439c6f7ea2c44
2026-09-15T12:24:49.6448575Z + DLNAME=25-freetype
2026-09-15T12:24:49.6448947Z + [[ hashonly == hashonly ]]
2026-09-15T12:24:49.6449396Z + echo 3617370b1dcde7476f60c6ba4fa9936d9dffa84a83db01be118439c6f7ea2c44
2026-09-15T12:24:49.6449911Z + exit 0
2026-09-15T12:24:49.6450540Z + for STAGE in /stages/*.sh
2026-09-15T12:24:49.6450931Z + bash /stages/25-fribidi.sh
2026-09-15T12:24:49.6459720Z + shopt -s dotglob
2026-09-15T12:24:49.6460003Z + source /dl_functions.sh
2026-09-15T12:24:49.6460413Z + source /scripts.d/25-fribidi.sh
2026-09-15T12:24:49.6460985Z ++ SCRIPT_REPO=https://github.com/fribidi/fribidi.git
2026-09-15T12:24:49.6461342Z ++ SCRIPT_COMMIT=04a8cb7a3674717e509c79cd6ee3e127d0c75f4c
2026-09-15T12:24:49.6463499Z ++ ffbuild_dockerdl
2026-09-15T12:24:49.6463768Z ++ default_dl .
2026-09-15T12:24:49.6464285Z ++ echo 'git-mini-clone "https://github.com/fribidi/fribidi.git" "04a8cb7a3674717e509c79cd6ee3e127d0c75f4c" "."'
2026-09-15T12:24:49.6465121Z + STG='git-mini-clone "https://github.com/fribidi/fribidi.git" "04a8cb7a3674717e509c79cd6ee3e127d0c75f4c" "."'
2026-09-15T12:24:49.6465842Z + [[ -z git-mini-clone "https://github.com/fribidi/fribidi.git" "04a8cb7a3674717e509c79cd6ee3e127d0c75f4c" "." ]]
2026-09-15T12:24:49.6471139Z ++ sha256sum
2026-09-15T12:24:49.6471618Z ++ cut '-d ' -f1
2026-09-15T12:24:49.6491102Z + DLHASH=81b289b370baa994885c0e56a7929b51bbb80ba7574d0edaa629dda7a032ba58
2026-09-15T12:24:49.6491712Z + DLNAME=25-fribidi
2026-09-15T12:24:49.6492072Z + [[ hashonly == hashonly ]]
2026-09-15T12:24:49.6492670Z + echo 81b289b370baa994885c0e56a7929b51bbb80ba7574d0edaa629dda7a032ba58
2026-09-15T12:24:49.6493208Z + exit 0
2026-09-15T12:24:49.6493705Z + for STAGE in /stages/*.sh
2026-09-15T12:24:49.6499135Z + bash /stages/25-gmp.sh
2026-09-15T12:24:49.6502631Z + shopt -s dotglob
2026-09-15T12:24:49.6503111Z + source /dl_functions.sh
2026-09-15T12:24:49.6506035Z + source /scripts.d/25-gmp.sh
2026-09-15T12:24:49.6506488Z ++ SCRIPT_REPO=https://github.com/BtbN/gmplib.git
2026-09-15T12:24:49.6507512Z ++ SCRIPT_COMMIT=9994908f090c694f8a152d660dc6852e0c48557a
2026-09-15T12:24:49.6508065Z ++ ffbuild_dockerdl
2026-09-15T12:24:49.6508320Z ++ default_dl .
2026-09-15T12:24:49.6508841Z ++ echo 'git-mini-clone "https://github.com/BtbN/gmplib.git" "9994908f090c694f8a152d660dc6852e0c48557a" "."'
2026-09-15T12:24:49.6510145Z + STG='git-mini-clone "https://github.com/BtbN/gmplib.git" "9994908f090c694f8a152d660dc6852e0c48557a" "."'
2026-09-15T12:24:49.6510977Z + [[ -z git-mini-clone "https://github.com/BtbN/gmplib.git" "9994908f090c694f8a152d660dc6852e0c48557a" "." ]]
2026-09-15T12:24:49.6514091Z ++ sha256sum
2026-09-15T12:24:49.6514471Z ++ cut '-d ' -f1
2026-09-15T12:24:49.6534766Z + DLHASH=4b555c079737ef0f01f15976d7bbbff9d0dc94d7a06edd45d08a6cd2b60bdb86
2026-09-15T12:24:49.6535356Z + DLNAME=25-gmp
2026-09-15T12:24:49.6535647Z + [[ hashonly == hashonly ]]
2026-09-15T12:24:49.6536096Z + echo 4b555c079737ef0f01f15976d7bbbff9d0dc94d7a06edd45d08a6cd2b60bdb86
2026-09-15T12:24:49.6536574Z + exit 0
2026-09-15T12:24:49.6538282Z + for STAGE in /stages/*.sh
2026-09-15T12:24:49.6538545Z + bash /stages/25-libogg.sh
2026-09-15T12:24:49.6545681Z + shopt -s dotglob
2026-09-15T12:24:49.6546064Z + source /dl_functions.sh
2026-09-15T12:24:49.6548201Z + source /scripts.d/25-libogg.sh
2026-09-15T12:24:49.6548613Z ++ SCRIPT_REPO=https://github.com/xiph/ogg.git
2026-09-15T12:24:49.6549057Z ++ SCRIPT_COMMIT=06a5e0262cdc28aa4ae6797627a783b5010440f0
2026-09-15T12:24:49.6549456Z ++ ffbuild_dockerdl
2026-09-15T12:24:49.6549711Z ++ default_dl .
2026-09-15T12:24:49.6550245Z ++ echo 'git-mini-clone "https://github.com/xiph/ogg.git" "06a5e0262cdc28aa4ae6797627a783b5010440f0" "."'
2026-09-15T12:24:49.6551293Z + STG='git-mini-clone "https://github.com/xiph/ogg.git" "06a5e0262cdc28aa4ae6797627a783b5010440f0" "."'
2026-09-15T12:24:49.6552241Z + [[ -z git-mini-clone "https://github.com/xiph/ogg.git" "06a5e0262cdc28aa4ae6797627a783b5010440f0" "." ]]
2026-09-15T12:24:49.6557004Z ++ sha256sum
2026-09-15T12:24:49.6557339Z ++ cut '-d ' -f1
2026-09-15T12:24:49.6577757Z + DLHASH=bdea5ee518d129340be457dcc11c2cef63053ac3c827e71311caff1dd3c43339
2026-09-15T12:24:49.6578849Z + DLNAME=25-libogg
2026-09-15T12:24:49.6579494Z + [[ hashonly == hashonly ]]
2026-09-15T12:24:49.6580305Z + echo bdea5ee518d129340be457dcc11c2cef63053ac3c827e71311caff1dd3c43339
2026-09-15T12:24:49.6580817Z + exit 0
2026-09-15T12:24:49.6581071Z + for STAGE in /stages/*.sh
2026-09-15T12:24:49.6581379Z + bash /stages/25-libpng.sh
2026-09-15T12:24:49.6588997Z + shopt -s dotglob
2026-09-15T12:24:49.6589294Z + source /dl_functions.sh
2026-09-15T12:24:49.6589795Z + source /scripts.d/25-libpng.sh
2026-09-15T12:24:49.6591500Z ++ SCRIPT_REPO=https://github.com/glennrp/libpng.git
2026-09-15T12:24:49.6591993Z ++ SCRIPT_COMMIT=d1d0abeffede1cc898ddc3d0e600839cf026d749
2026-09-15T12:24:49.6593824Z ++ ffbuild_dockerdl
2026-09-15T12:24:49.6594099Z ++ default_dl .
2026-09-15T12:24:49.6594782Z ++ echo 'git-mini-clone "https://github.com/glennrp/libpng.git" "d1d0abeffede1cc898ddc3d0e600839cf026d749" "."'
2026-09-15T12:24:49.6598940Z + STG='git-mini-clone "https://github.com/glennrp/libpng.git" "d1d0abeffede1cc898ddc3d0e600839cf026d749" "."'
2026-09-15T12:24:49.6599884Z + [[ -z git-mini-clone "https://github.com/glennrp/libpng.git" "d1d0abeffede1cc898ddc3d0e600839cf026d749" "." ]]
2026-09-15T12:24:49.6601155Z ++ sha256sum
2026-09-15T12:24:49.6601481Z ++ cut '-d ' -f1
2026-09-15T12:24:49.6624241Z + DLHASH=f695ee41ddfc411ac8050d7d4ee5ec37a63db25183186f120bcfa6056d5e8b07
2026-09-15T12:24:49.6624790Z + DLNAME=25-libpng
2026-09-15T12:24:49.6625422Z + [[ hashonly == hashonly ]]
2026-09-15T12:24:49.6625901Z + echo f695ee41ddfc411ac8050d7d4ee5ec37a63db25183186f120bcfa6056d5e8b07
2026-09-15T12:24:49.6626568Z + exit 0
2026-09-15T12:24:49.6639432Z + for STAGE in /stages/*.sh
2026-09-15T12:24:49.6639808Z + bash /stages/25-libxml2.sh
2026-09-15T12:24:49.6640124Z + shopt -s dotglob
2026-09-15T12:24:49.6640405Z + source /dl_functions.sh
2026-09-15T12:24:49.6640711Z + source /scripts.d/25-libxml2.sh
2026-09-15T12:24:49.6641171Z ++ SCRIPT_REPO=https://github.com/GNOME/libxml2.git
2026-09-15T12:24:49.6641628Z ++ SCRIPT_COMMIT=c63248941708bc1d2e3a4292954593312212f6ca
2026-09-15T12:24:49.6642167Z ++ ffbuild_dockerdl
2026-09-15T12:24:49.6642429Z ++ default_dl .
2026-09-15T12:24:49.6642978Z ++ echo 'git-mini-clone "https://github.com/GNOME/libxml2.git" "c63248941708bc1d2e3a4292954593312212f6ca" "."'
2026-09-15T12:24:49.6643834Z + STG='git-mini-clone "https://github.com/GNOME/libxml2.git" "c63248941708bc1d2e3a4292954593312212f6ca" "."'
2026-09-15T12:24:49.6644694Z + [[ -z git-mini-clone "https://github.com/GNOME/libxml2.git" "c63248941708bc1d2e3a4292954593312212f6ca" "." ]]
2026-09-15T12:24:49.6648282Z ++ sha256sum
2026-09-15T12:24:49.6648697Z ++ cut '-d ' -f1
2026-09-15T12:24:49.6679667Z + DLHASH=616eedaefdac4bc11ac6b560da97776a32faa86a4293e7c70fd443eca9ea9f80
2026-09-15T12:24:49.6682350Z + DLNAME=25-libxml2
2026-09-15T12:24:49.6682633Z + [[ hashonly == hashonly ]]
2026-09-15T12:24:49.6682942Z + echo 616eedaefdac4bc11ac6b560da97776a32faa86a4293e7c70fd443eca9ea9f80
2026-09-15T12:24:49.6683250Z + exit 0
2026-09-15T12:24:49.6691063Z + for STAGE in /stages/*.sh
2026-09-15T12:24:49.6691395Z + bash /stages/25-openssl.sh
2026-09-15T12:24:49.6691704Z + shopt -s dotglob
2026-09-15T12:24:49.6692049Z + source /dl_functions.sh
2026-09-15T12:24:49.6692420Z + source /scripts.d/25-openssl.sh
2026-09-15T12:24:49.6695035Z ++ SCRIPT_REPO=https://github.com/openssl/openssl.git
2026-09-15T12:24:49.6695376Z ++ SCRIPT_COMMIT=openssl-3.6.3
2026-09-15T12:24:49.6695601Z ++ SCRIPT_TAGFILTER='openssl-3.6.*'
2026-09-15T12:24:49.6695830Z ++ ffbuild_dockerdl
2026-09-15T12:24:49.6696058Z ++ default_dl .
2026-09-15T12:24:49.6696595Z ++ echo 'git-mini-clone "https://github.com/openssl/openssl.git" "openssl-3.6.3" "."'
2026-09-15T12:24:49.6697207Z ++ echo 'git submodule update --init --recursive --depth=1'
2026-09-15T12:24:49.6698758Z + STG=$'git-mini-clone "https://github.com/openssl/openssl.git" "openssl-3.6.3" "."\ngit submodule update --init --recursive --depth=1'
2026-09-15T12:24:49.6699603Z + [[ -z git-mini-clone "https://github.com/openssl/openssl.git" "openssl-3.6.3" "."
2026-09-15T12:24:49.6699969Z git submodule update --init --recursive --depth=1 ]]
2026-09-15T12:24:49.6702946Z ++ sha256sum
2026-09-15T12:24:49.6703213Z ++ cut '-d ' -f1
2026-09-15T12:24:49.6729488Z + DLHASH=9b34fe90db7bf8486ec3d2bb51d8a347e64cdcbf340f615f8db1755c77156e65
2026-09-15T12:24:49.6730041Z + DLNAME=25-openssl
2026-09-15T12:24:49.6730331Z + [[ hashonly == hashonly ]]
2026-09-15T12:24:49.6731029Z + echo 9b34fe90db7bf8486ec3d2bb51d8a347e64cdcbf340f615f8db1755c77156e65
2026-09-15T12:24:49.6731525Z + exit 0
2026-09-15T12:24:49.6732203Z + for STAGE in /stages/*.sh
2026-09-15T12:24:49.6732689Z + bash /stages/25-xz.sh
2026-09-15T12:24:49.6741407Z + shopt -s dotglob
2026-09-15T12:24:49.6741967Z + source /dl_functions.sh
2026-09-15T12:24:49.6742303Z + source /scripts.d/25-xz.sh
2026-09-15T12:24:49.6742691Z ++ SCRIPT_REPO=https://github.com/tukaani-project/xz.git
2026-09-15T12:24:49.6743007Z ++ SCRIPT_COMMIT=c8b8ab2ef1eb0a0217ad2027d7f5d242ceb944d3
2026-09-15T12:24:49.6746008Z ++ ffbuild_dockerdl
2026-09-15T12:24:49.6746282Z ++ default_dl .
2026-09-15T12:24:49.6746867Z ++ echo 'git-mini-clone "https://github.com/tukaani-project/xz.git" "c8b8ab2ef1eb0a0217ad2027d7f5d242ceb944d3" "."'
2026-09-15T12:24:49.6749417Z + STG='git-mini-clone "https://github.com/tukaani-project/xz.git" "c8b8ab2ef1eb0a0217ad2027d7f5d242ceb944d3" "."'
2026-09-15T12:24:49.6750373Z + [[ -z git-mini-clone "https://github.com/tukaani-project/xz.git" "c8b8ab2ef1eb0a0217ad2027d7f5d242ceb944d3" "." ]]
2026-09-15T12:24:49.6767054Z ++ sha256sum
2026-09-15T12:24:49.6767507Z ++ cut '-d ' -f1
2026-09-15T12:24:49.6774882Z + DLHASH=373b29db9b20aa43988369e7b654a2ab7daf1c79c9a7171d039fdc0f2edc3f95
2026-09-15T12:24:49.6775854Z + DLNAME=25-xz
2026-09-15T12:24:49.6776104Z + [[ hashonly == hashonly ]]
2026-09-15T12:24:49.6777507Z + echo 373b29db9b20aa43988369e7b654a2ab7daf1c79c9a7171d039fdc0f2edc3f95
2026-09-15T12:24:49.6777804Z + exit 0
2026-09-15T12:24:49.6778134Z + for STAGE in /stages/*.sh
2026-09-15T12:24:49.6778344Z + bash /stages/30-libdvdcss.sh
2026-09-15T12:24:49.6785889Z + shopt -s dotglob
2026-09-15T12:24:49.6786669Z + source /dl_functions.sh
2026-09-15T12:24:49.6787020Z + source /scripts.d/50-dvd/30-libdvdcss.sh
2026-09-15T12:24:49.6787463Z ++ SCRIPT_REPO=https://code.videolan.org/videolan/libdvdcss.git
2026-09-15T12:24:49.6787792Z ++ SCRIPT_COMMIT=811ce97a1d4d1c9d936f4b2707f533a9ef768251
2026-09-15T12:24:49.6790537Z ++ ffbuild_dockerdl
2026-09-15T12:24:49.6790745Z ++ default_dl .
2026-09-15T12:24:49.6791393Z ++ echo 'git-mini-clone "https://code.videolan.org/videolan/libdvdcss.git" "811ce97a1d4d1c9d936f4b2707f533a9ef768251" "."'
2026-09-15T12:24:49.6792871Z + STG='git-mini-clone "https://code.videolan.org/videolan/libdvdcss.git" "811ce97a1d4d1c9d936f4b2707f533a9ef768251" "."'
2026-09-15T12:24:49.6793633Z + [[ -z git-mini-clone "https://code.videolan.org/videolan/libdvdcss.git" "811ce97a1d4d1c9d936f4b2707f533a9ef768251" "." ]]
2026-09-15T12:24:49.6799157Z ++ sha256sum
2026-09-15T12:24:49.6799753Z ++ cut '-d ' -f1
2026-09-15T12:24:49.6819849Z + DLHASH=8e6c469595eeef1d2ca7962b68faabe5531518009472d449f700665a616bc66c
2026-09-15T12:24:49.6820390Z + DLNAME=30-libdvdcss
2026-09-15T12:24:49.6820681Z + [[ hashonly == hashonly ]]
2026-09-15T12:24:49.6821220Z + echo 8e6c469595eeef1d2ca7962b68faabe5531518009472d449f700665a616bc66c
2026-09-15T12:24:49.6821864Z + exit 0
2026-09-15T12:24:49.6822451Z + for STAGE in /stages/*.sh
2026-09-15T12:24:49.6822986Z + bash /stages/30-libpciaccess.sh
2026-09-15T12:24:49.6830828Z + shopt -s dotglob
2026-09-15T12:24:49.6831121Z + source /dl_functions.sh
2026-09-15T12:24:49.6834125Z + source /scripts.d/50-vaapi/30-libpciaccess.sh
2026-09-15T12:24:49.6834713Z ++ SCRIPT_REPO=https://gitlab.freedesktop.org/xorg/lib/libpciaccess.git
2026-09-15T12:24:49.6835353Z ++ SCRIPT_COMMIT=38e6f15f839fba2c49982e7ad61cde681fd5d4d6
2026-09-15T12:24:49.6835877Z ++ ffbuild_dockerdl
2026-09-15T12:24:49.6836255Z ++ default_dl .
2026-09-15T12:24:49.6837301Z ++ echo 'git-mini-clone "https://gitlab.freedesktop.org/xorg/lib/libpciaccess.git" "38e6f15f839fba2c49982e7ad61cde681fd5d4d6" "."'
2026-09-15T12:24:49.6838735Z + STG='git-mini-clone "https://gitlab.freedesktop.org/xorg/lib/libpciaccess.git" "38e6f15f839fba2c49982e7ad61cde681fd5d4d6" "."'
2026-09-15T12:24:49.6839624Z + [[ -z git-mini-clone "https://gitlab.freedesktop.org/xorg/lib/libpciaccess.git" "38e6f15f839fba2c49982e7ad61cde681fd5d4d6" "." ]]
2026-09-15T12:24:49.6848509Z ++ sha256sum
2026-09-15T12:24:49.6848844Z ++ cut '-d ' -f1
2026-09-15T12:24:49.6867778Z + DLHASH=7e6e74a7ea243214bf8b5e16e9bdfe5b22f577c4daba8ee93b59b3e5dfa8c1ad
2026-09-15T12:24:49.6885726Z + DLNAME=30-libpciaccess
2026-09-15T12:24:49.6886085Z + [[ hashonly == hashonly ]]
2026-09-15T12:24:49.6886570Z + echo 7e6e74a7ea243214bf8b5e16e9bdfe5b22f577c4daba8ee93b59b3e5dfa8c1ad
2026-09-15T12:24:49.6886993Z + exit 0
2026-09-15T12:24:49.6887220Z + for STAGE in /stages/*.sh
2026-09-15T12:24:49.6887502Z + bash /stages/30-libxcb.sh
2026-09-15T12:24:49.6887786Z + shopt -s dotglob
2026-09-15T12:24:49.6888710Z + source /dl_functions.sh
2026-09-15T12:24:49.6889217Z + source /scripts.d/45-x11/30-libxcb.sh
2026-09-15T12:24:49.6889609Z ++ SCRIPT_REPO=https://gitlab.freedesktop.org/xorg/lib/libxcb.git
2026-09-15T12:24:49.6890052Z ++ SCRIPT_COMMIT=4d6e1c8fffaf811cf4d0e68ff3bc6f50e62c32c7
2026-09-15T12:24:49.6890384Z ++ ffbuild_dockerdl
2026-09-15T12:24:49.6890654Z ++ default_dl .
2026-09-15T12:24:49.6891212Z ++ echo 'git-mini-clone "https://gitlab.freedesktop.org/xorg/lib/libxcb.git" "4d6e1c8fffaf811cf4d0e68ff3bc6f50e62c32c7" "."'
2026-09-15T12:24:49.6892157Z + STG='git-mini-clone "https://gitlab.freedesktop.org/xorg/lib/libxcb.git" "4d6e1c8fffaf811cf4d0e68ff3bc6f50e62c32c7" "."'
2026-09-15T12:24:49.6893379Z + [[ -z git-mini-clone "https://gitlab.freedesktop.org/xorg/lib/libxcb.git" "4d6e1c8fffaf811cf4d0e68ff3bc6f50e62c32c7" "." ]]
2026-09-15T12:24:49.6894077Z ++ sha256sum
2026-09-15T12:24:49.6898445Z ++ cut '-d ' -f1
2026-09-15T12:24:49.6919817Z + DLHASH=62bd452054480ef97d75bc7acc47dae36fcb32c4ef00ca7883430c528003eab9
2026-09-15T12:24:49.6920238Z + DLNAME=30-libxcb
2026-09-15T12:24:49.6920430Z + [[ hashonly == hashonly ]]
2026-09-15T12:24:49.6920821Z + echo 62bd452054480ef97d75bc7acc47dae36fcb32c4ef00ca7883430c528003eab9
2026-09-15T12:24:49.6921125Z + exit 0
2026-09-15T12:24:49.6921377Z + for STAGE in /stages/*.sh
2026-09-15T12:24:49.6922001Z + bash /stages/30-pango.sh
2026-09-15T12:24:49.6931495Z + shopt -s dotglob
2026-09-15T12:24:49.6931879Z + source /dl_functions.sh
2026-09-15T12:24:49.6932222Z + source /scripts.d/50-librsvg/30-pango.sh
2026-09-15T12:24:49.6932656Z ++ SCRIPT_REPO=https://github.com/GNOME/pango.git
2026-09-15T12:24:49.6932954Z ++ SCRIPT_COMMIT=2cee650c34bea66edd783c8c1f833d09f29a98db
2026-09-15T12:24:49.6936655Z ++ ffbuild_dockerdl
2026-09-15T12:24:49.6936859Z ++ default_dl .
2026-09-15T12:24:49.6937356Z ++ echo 'git-mini-clone "https://github.com/GNOME/pango.git" "2cee650c34bea66edd783c8c1f833d09f29a98db" "."'
2026-09-15T12:24:49.6938063Z + STG='git-mini-clone "https://github.com/GNOME/pango.git" "2cee650c34bea66edd783c8c1f833d09f29a98db" "."'
2026-09-15T12:24:49.6938610Z + [[ -z git-mini-clone "https://github.com/GNOME/pango.git" "2cee650c34bea66edd783c8c1f833d09f29a98db" "." ]]
2026-09-15T12:24:49.6942511Z ++ cut '-d ' -f1
2026-09-15T12:24:49.6943199Z ++ sha256sum
2026-09-15T12:24:49.6963744Z + DLHASH=b498218297fc1f0d7e9985c61eac1e031f9ce628c95f14a90fca7930d9d61301
2026-09-15T12:24:49.6964497Z + DLNAME=30-pango
2026-09-15T12:24:49.6964775Z + [[ hashonly == hashonly ]]
2026-09-15T12:24:49.6965265Z + echo b498218297fc1f0d7e9985c61eac1e031f9ce628c95f14a90fca7930d9d61301
2026-09-15T12:24:49.6965753Z + exit 0
2026-09-15T12:24:49.6966005Z + for STAGE in /stages/*.sh
2026-09-15T12:24:49.6966390Z + bash /stages/35-fontconfig.sh
2026-09-15T12:24:49.6973733Z + shopt -s dotglob
2026-09-15T12:24:49.6974276Z + source /dl_functions.sh
2026-09-15T12:24:49.6974546Z + source /scripts.d/45-fonts/35-fontconfig.sh
2026-09-15T12:24:49.6974973Z ++ SCRIPT_REPO=https://gitlab.freedesktop.org/fontconfig/fontconfig.git
2026-09-15T12:24:49.6975526Z ++ SCRIPT_COMMIT=d32a1911248576d01583557efcfe4b48fb2d0a5e
2026-09-15T12:24:49.6977303Z ++ ffbuild_dockerdl
2026-09-15T12:24:49.6977579Z ++ default_dl .
2026-09-15T12:24:49.6978694Z ++ echo 'git-mini-clone "https://gitlab.freedesktop.org/fontconfig/fontconfig.git" "d32a1911248576d01583557efcfe4b48fb2d0a5e" "."'
2026-09-15T12:24:49.6985767Z + STG='git-mini-clone "https://gitlab.freedesktop.org/fontconfig/fontconfig.git" "d32a1911248576d01583557efcfe4b48fb2d0a5e" "."'
2026-09-15T12:24:49.6987406Z + [[ -z git-mini-clone "https://gitlab.freedesktop.org/fontconfig/fontconfig.git" "d32a1911248576d01583557efcfe4b48fb2d0a5e" "." ]]
2026-09-15T12:24:49.6988552Z ++ sha256sum
2026-09-15T12:24:49.6988938Z ++ cut '-d ' -f1
2026-09-15T12:24:49.7007541Z + DLHASH=656d09390348e307aa170d43ac674665ab0508eacc86601d9f5812e413fdf479
2026-09-15T12:24:49.7008405Z + DLNAME=35-fontconfig
2026-09-15T12:24:49.7008896Z + [[ hashonly == hashonly ]]
2026-09-15T12:24:49.7009645Z + echo 656d09390348e307aa170d43ac674665ab0508eacc86601d9f5812e413fdf479
2026-09-15T12:24:49.7010090Z + exit 0
2026-09-15T12:24:49.7010389Z + for STAGE in /stages/*.sh
2026-09-15T12:24:49.7010692Z + bash /stages/40-libdrm.sh
2026-09-15T12:24:49.7021299Z + shopt -s dotglob
2026-09-15T12:24:49.7021871Z + source /dl_functions.sh
2026-09-15T12:24:49.7022221Z + source /scripts.d/50-vaapi/40-libdrm.sh
2026-09-15T12:24:49.7022627Z ++ SCRIPT_REPO=https://gitlab.freedesktop.org/mesa/drm.git
2026-09-15T12:24:49.7023027Z ++ SCRIPT_COMMIT=82f74e7a5a7403392e91352af00210ae26a81f19
2026-09-15T12:24:49.7023284Z ++ ffbuild_dockerdl
2026-09-15T12:24:49.7023683Z ++ default_dl .
2026-09-15T12:24:49.7024273Z ++ echo 'git-mini-clone "https://gitlab.freedesktop.org/mesa/drm.git" "82f74e7a5a7403392e91352af00210ae26a81f19" "."'
2026-09-15T12:24:49.7027449Z + STG='git-mini-clone "https://gitlab.freedesktop.org/mesa/drm.git" "82f74e7a5a7403392e91352af00210ae26a81f19" "."'
2026-09-15T12:24:49.7028516Z + [[ -z git-mini-clone "https://gitlab.freedesktop.org/mesa/drm.git" "82f74e7a5a7403392e91352af00210ae26a81f19" "." ]]
2026-09-15T12:24:49.7046986Z ++ sha256sum
2026-09-15T12:24:49.7047251Z ++ cut '-d ' -f1
2026-09-15T12:24:49.7054776Z + DLHASH=fed4ce5e0a8b12e6aab357f1501e7187771e4f47542d9e2afc0f58cb2f48526f
2026-09-15T12:24:49.7055418Z + DLNAME=40-libdrm
2026-09-15T12:24:49.7055616Z + [[ hashonly == hashonly ]]
2026-09-15T12:24:49.7055903Z + echo fed4ce5e0a8b12e6aab357f1501e7187771e4f47542d9e2afc0f58cb2f48526f
2026-09-15T12:24:49.7056201Z + exit 0
2026-09-15T12:24:49.7056383Z + for STAGE in /stages/*.sh
2026-09-15T12:24:49.7056587Z + bash /stages/40-libdvdread.sh
2026-09-15T12:24:49.7063201Z + shopt -s dotglob
2026-09-15T12:24:49.7063501Z + source /dl_functions.sh
2026-09-15T12:24:49.7063822Z + source /scripts.d/50-dvd/40-libdvdread.sh
2026-09-15T12:24:49.7064414Z ++ SCRIPT_REPO=https://code.videolan.org/videolan/libdvdread.git
2026-09-15T12:24:49.7065022Z ++ SCRIPT_COMMIT=ce9bdb7775601f4e6b95136b875bc72a53c5ba7d
2026-09-15T12:24:49.7068889Z ++ ffbuild_dockerdl
2026-09-15T12:24:49.7069256Z ++ default_dl .
2026-09-15T12:24:49.7069912Z ++ echo 'git-mini-clone "https://code.videolan.org/videolan/libdvdread.git" "ce9bdb7775601f4e6b95136b875bc72a53c5ba7d" "."'
2026-09-15T12:24:49.7074322Z + STG='git-mini-clone "https://code.videolan.org/videolan/libdvdread.git" "ce9bdb7775601f4e6b95136b875bc72a53c5ba7d" "."'
2026-09-15T12:24:49.7075373Z + [[ -z git-mini-clone "https://code.videolan.org/videolan/libdvdread.git" "ce9bdb7775601f4e6b95136b875bc72a53c5ba7d" "." ]]
2026-09-15T12:24:49.7076203Z ++ sha256sum
2026-09-15T12:24:49.7076466Z ++ cut '-d ' -f1
2026-09-15T12:24:49.7097482Z + DLHASH=6a9029f598b07c8f1d9c6691b79cf5c3bbffee1b7a99fd3f65410ae663f65a37
2026-09-15T12:24:49.7098014Z + DLNAME=40-libdvdread
2026-09-15T12:24:49.7098303Z + [[ hashonly == hashonly ]]
2026-09-15T12:24:49.7098774Z + echo 6a9029f598b07c8f1d9c6691b79cf5c3bbffee1b7a99fd3f65410ae663f65a37
2026-09-15T12:24:49.7099245Z + exit 0
2026-09-15T12:24:49.7101069Z + for STAGE in /stages/*.sh
2026-09-15T12:24:49.7101381Z + bash /stages/40-libx11.sh
2026-09-15T12:24:49.7112787Z + shopt -s dotglob
2026-09-15T12:24:49.7113065Z + source /dl_functions.sh
2026-09-15T12:24:49.7113365Z + source /scripts.d/45-x11/40-libx11.sh
2026-09-15T12:24:49.7113698Z ++ SCRIPT_REPO=https://gitlab.freedesktop.org/xorg/lib/libx11.git
2026-09-15T12:24:49.7114028Z ++ SCRIPT_COMMIT=80dbb7d029b2bbf58b96421e59c83e34f763ab70
2026-09-15T12:24:49.7114315Z ++ ffbuild_dockerdl
2026-09-15T12:24:49.7114529Z ++ default_dl .
2026-09-15T12:24:49.7115130Z ++ echo 'git-mini-clone "https://gitlab.freedesktop.org/xorg/lib/libx11.git" "80dbb7d029b2bbf58b96421e59c83e34f763ab70" "."'
2026-09-15T12:24:49.7117991Z + STG='git-mini-clone "https://gitlab.freedesktop.org/xorg/lib/libx11.git" "80dbb7d029b2bbf58b96421e59c83e34f763ab70" "."'
2026-09-15T12:24:49.7119047Z + [[ -z git-mini-clone "https://gitlab.freedesktop.org/xorg/lib/libx11.git" "80dbb7d029b2bbf58b96421e59c83e34f763ab70" "." ]]
2026-09-15T12:24:49.7119715Z ++ sha256sum
2026-09-15T12:24:49.7128942Z ++ cut '-d ' -f1
2026-09-15T12:24:49.7143486Z + DLHASH=f5013920fcbdcd4abd56199f15f7be123b473eda65cb421be282285416095d8b
2026-09-15T12:24:49.7144003Z + DLNAME=40-libx11
2026-09-15T12:24:49.7144273Z + [[ hashonly == hashonly ]]
2026-09-15T12:24:49.7144728Z + echo f5013920fcbdcd4abd56199f15f7be123b473eda65cb421be282285416095d8b
2026-09-15T12:24:49.7145732Z + exit 0
2026-09-15T12:24:49.7148268Z + for STAGE in /stages/*.sh
2026-09-15T12:24:49.7148594Z + bash /stages/40-mbedtls.sh
2026-09-15T12:24:49.7157275Z + shopt -s dotglob
2026-09-15T12:24:49.7157583Z + source /dl_functions.sh
2026-09-15T12:24:49.7158063Z + source /scripts.d/50-librist/40-mbedtls.sh
2026-09-15T12:24:49.7159210Z ++ SCRIPT_REPO=https://github.com/ARMmbed/mbedtls.git
2026-09-15T12:24:49.7159864Z ++ SCRIPT_COMMIT=v4.2.0
2026-09-15T12:24:49.7160095Z ++ SCRIPT_TAGFILTER='v4.*'
2026-09-15T12:24:49.7163661Z ++ ffbuild_dockerdl
2026-09-15T12:24:49.7163930Z ++ default_dl .
2026-09-15T12:24:49.7164250Z ++ echo 'git-mini-clone "https://github.com/ARMmbed/mbedtls.git" "v4.2.0" "."'
2026-09-15T12:24:49.7164641Z ++ echo 'git submodule update --init --recursive --depth=1'
2026-09-15T12:24:49.7165131Z + STG=$'git-mini-clone "https://github.com/ARMmbed/mbedtls.git" "v4.2.0" "."\ngit submodule update --init --recursive --depth=1'
2026-09-15T12:24:49.7165707Z + [[ -z git-mini-clone "https://github.com/ARMmbed/mbedtls.git" "v4.2.0" "."
2026-09-15T12:24:49.7166227Z git submodule update --init --recursive --depth=1 ]]
2026-09-15T12:24:49.7168160Z ++ sha256sum
2026-09-15T12:24:49.7178606Z ++ cut '-d ' -f1
2026-09-15T12:24:49.7189328Z + DLHASH=8dd146455b388b9a7236d83bb2904ff89bba41fa28da9af8a310fc01f4ff1b53
2026-09-15T12:24:49.7190014Z + DLNAME=40-mbedtls
2026-09-15T12:24:49.7190497Z + [[ hashonly == hashonly ]]
2026-09-15T12:24:49.7191220Z + echo 8dd146455b388b9a7236d83bb2904ff89bba41fa28da9af8a310fc01f4ff1b53
2026-09-15T12:24:49.7191963Z + exit 0
2026-09-15T12:24:49.7192228Z + for STAGE in /stages/*.sh
2026-09-15T12:24:49.7192555Z + bash /stages/40-vulkan-headers.sh
2026-09-15T12:24:49.7201298Z + shopt -s dotglob
2026-09-15T12:24:49.7201610Z + source /dl_functions.sh
2026-09-15T12:24:49.7201953Z + source /scripts.d/47-vulkan/40-vulkan-headers.sh
2026-09-15T12:24:49.7202455Z ++ SCRIPT_REPO=https://github.com/KhronosGroup/Vulkan-Headers.git
2026-09-15T12:24:49.7202797Z ++ SCRIPT_COMMIT=v1.4.359
2026-09-15T12:24:49.7203004Z ++ SCRIPT_TAGFILTER='v?.*.*'
2026-09-15T12:24:49.7205499Z ++ ffbuild_dockerdl
2026-09-15T12:24:49.7205781Z ++ default_dl .
2026-09-15T12:24:49.7206296Z ++ echo 'git-mini-clone "https://github.com/KhronosGroup/Vulkan-Headers.git" "v1.4.359" "."'
2026-09-15T12:24:49.7207087Z + STG='git-mini-clone "https://github.com/KhronosGroup/Vulkan-Headers.git" "v1.4.359" "."'
2026-09-15T12:24:49.7208331Z + [[ -z git-mini-clone "https://github.com/KhronosGroup/Vulkan-Headers.git" "v1.4.359" "." ]]
2026-09-15T12:24:49.7212412Z ++ sha256sum
2026-09-15T12:24:49.7212967Z ++ cut '-d ' -f1
2026-09-15T12:24:49.7235343Z + DLHASH=fe6a3585343162c3c350aee116b2c311fd11b66c0307422b7c204b1645bafde2
2026-09-15T12:24:49.7235862Z + DLNAME=40-vulkan-headers
2026-09-15T12:24:49.7236091Z + [[ hashonly == hashonly ]]
2026-09-15T12:24:49.7236380Z + echo fe6a3585343162c3c350aee116b2c311fd11b66c0307422b7c204b1645bafde2
2026-09-15T12:24:49.7236677Z + exit 0
2026-09-15T12:24:49.7239946Z + for STAGE in /stages/*.sh
2026-09-15T12:24:49.7240281Z + bash /stages/45-brotli.sh
2026-09-15T12:24:49.7247625Z + shopt -s dotglob
2026-09-15T12:24:49.7248457Z + source /dl_functions.sh
2026-09-15T12:24:49.7248960Z + source /scripts.d/50-libjxl/45-brotli.sh
2026-09-15T12:24:49.7249366Z ++ SCRIPT_REPO=https://github.com/google/brotli.git
2026-09-15T12:24:49.7249718Z ++ SCRIPT_COMMIT=8e10eeb3378f6c459dbaf033ca6727e9816afccb
2026-09-15T12:24:49.7252499Z ++ ffbuild_dockerdl
2026-09-15T12:24:49.7252772Z ++ default_dl .
2026-09-15T12:24:49.7253332Z ++ echo 'git-mini-clone "https://github.com/google/brotli.git" "8e10eeb3378f6c459dbaf033ca6727e9816afccb" "."'
2026-09-15T12:24:49.7253964Z + STG='git-mini-clone "https://github.com/google/brotli.git" "8e10eeb3378f6c459dbaf033ca6727e9816afccb" "."'
2026-09-15T12:24:49.7254512Z + [[ -z git-mini-clone "https://github.com/google/brotli.git" "8e10eeb3378f6c459dbaf033ca6727e9816afccb" "." ]]
2026-09-15T12:24:49.7257278Z ++ sha256sum
2026-09-15T12:24:49.7258591Z ++ cut '-d ' -f1
2026-09-15T12:24:49.7279160Z + DLHASH=f6d0fe763664761aac7c59dba98fff76310597c0f90a8f42f7631376d615e196
2026-09-15T12:24:49.7279678Z + DLNAME=45-brotli
2026-09-15T12:24:49.7279991Z + [[ hashonly == hashonly ]]
2026-09-15T12:24:49.7280444Z + echo f6d0fe763664761aac7c59dba98fff76310597c0f90a8f42f7631376d615e196
2026-09-15T12:24:49.7281140Z + exit 0
2026-09-15T12:24:49.7282308Z + for STAGE in /stages/*.sh
2026-09-15T12:24:49.7282523Z + bash /stages/45-harfbuzz.sh
2026-09-15T12:24:49.7291052Z + shopt -s dotglob
2026-09-15T12:24:49.7291333Z + source /dl_functions.sh
2026-09-15T12:24:49.7292006Z + source /scripts.d/45-fonts/45-harfbuzz.sh
2026-09-15T12:24:49.7292424Z ++ SCRIPT_REPO=https://github.com/harfbuzz/harfbuzz.git
2026-09-15T12:24:49.7292784Z ++ SCRIPT_COMMIT=d8dabe2594596c656b54c3b0072f3aa3093f30a9
2026-09-15T12:24:49.7295450Z ++ ffbuild_dockerdl
2026-09-15T12:24:49.7295741Z ++ default_dl .
2026-09-15T12:24:49.7296314Z ++ echo 'git-mini-clone "https://github.com/harfbuzz/harfbuzz.git" "d8dabe2594596c656b54c3b0072f3aa3093f30a9" "."'
2026-09-15T12:24:49.7301702Z + STG='git-mini-clone "https://github.com/harfbuzz/harfbuzz.git" "d8dabe2594596c656b54c3b0072f3aa3093f30a9" "."'
2026-09-15T12:24:49.7302901Z + [[ -z git-mini-clone "https://github.com/harfbuzz/harfbuzz.git" "d8dabe2594596c656b54c3b0072f3aa3093f30a9" "." ]]
2026-09-15T12:24:49.7303955Z ++ sha256sum
2026-09-15T12:24:49.7304363Z ++ cut '-d ' -f1
2026-09-15T12:24:49.7324385Z + DLHASH=596d9d91bebaf3c3a72bd614b9a1a386c1cd4ce7514760f428323369c5a1b304
2026-09-15T12:24:49.7325209Z + DLNAME=45-harfbuzz
2026-09-15T12:24:49.7325501Z + [[ hashonly == hashonly ]]
2026-09-15T12:24:49.7326000Z + echo 596d9d91bebaf3c3a72bd614b9a1a386c1cd4ce7514760f428323369c5a1b304
2026-09-15T12:24:49.7326291Z + exit 0
2026-09-15T12:24:49.7326926Z + for STAGE in /stages/*.sh
2026-09-15T12:24:49.7327220Z + bash /stages/45-lcms2.sh
2026-09-15T12:24:49.7335684Z + shopt -s dotglob
2026-09-15T12:24:49.7336025Z + source /dl_functions.sh
2026-09-15T12:24:49.7336377Z + source /scripts.d/50-libjxl/45-lcms2.sh
2026-09-15T12:24:49.7336986Z ++ SCRIPT_REPO=https://github.com/mm2/Little-CMS.git
2026-09-15T12:24:49.7337421Z ++ SCRIPT_COMMIT=a5b898c7e3985550aab846a2abb4ae08904a857f
2026-09-15T12:24:49.7339387Z ++ ffbuild_dockerdl
2026-09-15T12:24:49.7339613Z ++ default_dl .
2026-09-15T12:24:49.7339976Z ++ echo 'git-mini-clone "https://github.com/mm2/Little-CMS.git" "a5b898c7e3985550aab846a2abb4ae08904a857f" "."'
2026-09-15T12:24:49.7341533Z + STG='git-mini-clone "https://github.com/mm2/Little-CMS.git" "a5b898c7e3985550aab846a2abb4ae08904a857f" "."'
2026-09-15T12:24:49.7342133Z + [[ -z git-mini-clone "https://github.com/mm2/Little-CMS.git" "a5b898c7e3985550aab846a2abb4ae08904a857f" "." ]]
2026-09-15T12:24:49.7348772Z ++ sha256sum
2026-09-15T12:24:49.7349061Z ++ cut '-d ' -f1
2026-09-15T12:24:49.7368889Z + DLHASH=9bf96e71e5ca747e82781112fad718a036f4c45981112ebf3da56d896bd808ce
2026-09-15T12:24:49.7369434Z + DLNAME=45-lcms2
2026-09-15T12:24:49.7369817Z + [[ hashonly == hashonly ]]
2026-09-15T12:24:49.7370359Z + echo 9bf96e71e5ca747e82781112fad718a036f4c45981112ebf3da56d896bd808ce
2026-09-15T12:24:49.7371041Z + exit 0
2026-09-15T12:24:49.7371897Z + for STAGE in /stages/*.sh
2026-09-15T12:24:49.7372098Z + bash /stages/45-libffi.sh
2026-09-15T12:24:49.7379423Z + shopt -s dotglob
2026-09-15T12:24:49.7379977Z + source /dl_functions.sh
2026-09-15T12:24:49.7380301Z + source /scripts.d/45-libffi.sh
2026-09-15T12:24:49.7380735Z ++ SCRIPT_REPO=https://github.com/libffi/libffi.git
2026-09-15T12:24:49.7381148Z ++ SCRIPT_COMMIT=e044ec8d00631edb77fa072187f2d9c02fb8950d
2026-09-15T12:24:49.7383811Z ++ ffbuild_dockerdl
2026-09-15T12:24:49.7384234Z ++ default_dl .
2026-09-15T12:24:49.7384945Z ++ echo 'git-mini-clone "https://github.com/libffi/libffi.git" "e044ec8d00631edb77fa072187f2d9c02fb8950d" "."'
2026-09-15T12:24:49.7385779Z + STG='git-mini-clone "https://github.com/libffi/libffi.git" "e044ec8d00631edb77fa072187f2d9c02fb8950d" "."'
2026-09-15T12:24:49.7386579Z + [[ -z git-mini-clone "https://github.com/libffi/libffi.git" "e044ec8d00631edb77fa072187f2d9c02fb8950d" "." ]]
2026-09-15T12:24:49.7389619Z ++ sha256sum
2026-09-15T12:24:49.7389970Z ++ cut '-d ' -f1
2026-09-15T12:24:49.7410410Z + DLHASH=a4a898f326ba3245333b394de219ca9bf67e5c48f7df5776fd6e1ea720ff792d
2026-09-15T12:24:49.7411092Z + DLNAME=45-libffi
2026-09-15T12:24:49.7411514Z + [[ hashonly == hashonly ]]
2026-09-15T12:24:49.7412491Z + echo a4a898f326ba3245333b394de219ca9bf67e5c48f7df5776fd6e1ea720ff792d
2026-09-15T12:24:49.7413179Z + exit 0
2026-09-15T12:24:49.7413829Z + for STAGE in /stages/*.sh
2026-09-15T12:24:49.7414135Z + bash /stages/45-libsamplerate.sh
2026-09-15T12:24:49.7421792Z + shopt -s dotglob
2026-09-15T12:24:49.7422190Z + source /dl_functions.sh
2026-09-15T12:24:49.7422500Z + source /scripts.d/45-libsamplerate.sh
2026-09-15T12:24:49.7422930Z ++ SCRIPT_REPO=https://github.com/libsndfile/libsamplerate.git
2026-09-15T12:24:49.7423299Z ++ SCRIPT_COMMIT=2ccde9568cca73c7b32c97fefca2e418c16ae5e3
2026-09-15T12:24:49.7424684Z ++ ffbuild_dockerdl
2026-09-15T12:24:49.7424952Z ++ default_dl .
2026-09-15T12:24:49.7425564Z ++ echo 'git-mini-clone "https://github.com/libsndfile/libsamplerate.git" "2ccde9568cca73c7b32c97fefca2e418c16ae5e3" "."'
2026-09-15T12:24:49.7428792Z + STG='git-mini-clone "https://github.com/libsndfile/libsamplerate.git" "2ccde9568cca73c7b32c97fefca2e418c16ae5e3" "."'
2026-09-15T12:24:49.7429465Z + [[ -z git-mini-clone "https://github.com/libsndfile/libsamplerate.git" "2ccde9568cca73c7b32c97fefca2e418c16ae5e3" "." ]]
2026-09-15T12:24:49.7432753Z ++ sha256sum
2026-09-15T12:24:49.7433124Z ++ cut '-d ' -f1
2026-09-15T12:24:49.7456236Z + DLHASH=3ae5a3324e89da0d7254873085ad23e2b1a0cb22c1e330b8d3beb1da0a0c0273
2026-09-15T12:24:49.7456750Z + DLNAME=45-libsamplerate
2026-09-15T12:24:49.7459065Z + [[ hashonly == hashonly ]]
2026-09-15T12:24:49.7459544Z + echo 3ae5a3324e89da0d7254873085ad23e2b1a0cb22c1e330b8d3beb1da0a0c0273
2026-09-15T12:24:49.7460066Z + exit 0
2026-09-15T12:24:49.7460340Z + for STAGE in /stages/*.sh
2026-09-15T12:24:49.7460722Z + bash /stages/45-libudfread.sh
2026-09-15T12:24:49.7468741Z + shopt -s dotglob
2026-09-15T12:24:49.7469046Z + source /dl_functions.sh
2026-09-15T12:24:49.7469524Z + source /scripts.d/45-libudfread.sh
2026-09-15T12:24:49.7469982Z ++ SCRIPT_REPO=https://code.videolan.org/videolan/libudfread.git
2026-09-15T12:24:49.7470375Z ++ SCRIPT_COMMIT=0151d9d61e5f832664f502608d41a77c28846efa
2026-09-15T12:24:49.7472206Z ++ ffbuild_dockerdl
2026-09-15T12:24:49.7472475Z ++ default_dl .
2026-09-15T12:24:49.7473083Z ++ echo 'git-mini-clone "https://code.videolan.org/videolan/libudfread.git" "0151d9d61e5f832664f502608d41a77c28846efa" "."'
2026-09-15T12:24:49.7474425Z + STG='git-mini-clone "https://code.videolan.org/videolan/libudfread.git" "0151d9d61e5f832664f502608d41a77c28846efa" "."'
2026-09-15T12:24:49.7475389Z + [[ -z git-mini-clone "https://code.videolan.org/videolan/libudfread.git" "0151d9d61e5f832664f502608d41a77c28846efa" "." ]]
2026-09-15T12:24:49.7479987Z ++ sha256sum
2026-09-15T12:24:49.7480326Z ++ cut '-d ' -f1
2026-09-15T12:24:49.7500923Z + DLHASH=025a841e2bc919a8fc0fe8d8290df4ff52e12e3d72cb7cbaaf7df6c7552c2a78
2026-09-15T12:24:49.7501566Z + DLNAME=45-libudfread
2026-09-15T12:24:49.7501949Z + [[ hashonly == hashonly ]]
2026-09-15T12:24:49.7502863Z + echo 025a841e2bc919a8fc0fe8d8290df4ff52e12e3d72cb7cbaaf7df6c7552c2a78
2026-09-15T12:24:49.7503243Z + exit 0
2026-09-15T12:24:49.7509364Z + for STAGE in /stages/*.sh
2026-09-15T12:24:49.7509705Z + bash /stages/45-libunibreak.sh
2026-09-15T12:24:49.7513144Z + shopt -s dotglob
2026-09-15T12:24:49.7513336Z + source /dl_functions.sh
2026-09-15T12:24:49.7513548Z + source /scripts.d/45-libunibreak.sh
2026-09-15T12:24:49.7517322Z ++ SCRIPT_REPO=https://github.com/adah1972/libunibreak.git
2026-09-15T12:24:49.7517778Z ++ SCRIPT_COMMIT=3ce4bfa3129ff3738046a44a6db533d2ce25af2b
2026-09-15T12:24:49.7518273Z ++ ffbuild_dockerdl
2026-09-15T12:24:49.7518494Z ++ default_dl .
2026-09-15T12:24:49.7518863Z ++ echo 'git-mini-clone "https://github.com/adah1972/libunibreak.git" "3ce4bfa3129ff3738046a44a6db533d2ce25af2b" "."'
2026-09-15T12:24:49.7522349Z + STG='git-mini-clone "https://github.com/adah1972/libunibreak.git" "3ce4bfa3129ff3738046a44a6db533d2ce25af2b" "."'
2026-09-15T12:24:49.7523367Z + [[ -z git-mini-clone "https://github.com/adah1972/libunibreak.git" "3ce4bfa3129ff3738046a44a6db533d2ce25af2b" "." ]]
2026-09-15T12:24:49.7529225Z ++ sha256sum
2026-09-15T12:24:49.7539164Z ++ cut '-d ' -f1
2026-09-15T12:24:49.7545852Z + DLHASH=b853ebf9bfeb5a24db32ac3024fcb2b90a1f6906e146295a9611ea367ef90197
2026-09-15T12:24:49.7546752Z + DLNAME=45-libunibreak
2026-09-15T12:24:49.7547199Z + [[ hashonly == hashonly ]]
2026-09-15T12:24:49.7547757Z + echo b853ebf9bfeb5a24db32ac3024fcb2b90a1f6906e146295a9611ea367ef90197
2026-09-15T12:24:49.7548476Z + exit 0
2026-09-15T12:24:49.7557368Z + for STAGE in /stages/*.sh
2026-09-15T12:24:49.7557717Z + bash /stages/45-libvorbis.sh
2026-09-15T12:24:49.7558241Z + shopt -s dotglob
2026-09-15T12:24:49.7558493Z + source /dl_functions.sh
2026-09-15T12:24:49.7558696Z + source /scripts.d/45-libvorbis.sh
2026-09-15T12:24:49.7558944Z ++ SCRIPT_REPO=https://github.com/xiph/vorbis.git
2026-09-15T12:24:49.7559227Z ++ SCRIPT_COMMIT=1b75110b5a2754ba1931d82dd83cb822b266a21d
2026-09-15T12:24:49.7560605Z ++ ffbuild_dockerdl
2026-09-15T12:24:49.7560801Z ++ default_dl .
2026-09-15T12:24:49.7561256Z ++ echo 'git-mini-clone "https://github.com/xiph/vorbis.git" "1b75110b5a2754ba1931d82dd83cb822b266a21d" "."'
2026-09-15T12:24:49.7562941Z + STG='git-mini-clone "https://github.com/xiph/vorbis.git" "1b75110b5a2754ba1931d82dd83cb822b266a21d" "."'
2026-09-15T12:24:49.7563609Z + [[ -z git-mini-clone "https://github.com/xiph/vorbis.git" "1b75110b5a2754ba1931d82dd83cb822b266a21d" "." ]]
2026-09-15T12:24:49.7567802Z ++ sha256sum
2026-09-15T12:24:49.7568236Z ++ cut '-d ' -f1
2026-09-15T12:24:49.7590265Z + DLHASH=0ab43e5711b2585b0c19dd71023f5852d755c633bda0215caad53dc63c62a644
2026-09-15T12:24:49.7590938Z + DLNAME=45-libvorbis
2026-09-15T12:24:49.7591336Z + [[ hashonly == hashonly ]]
2026-09-15T12:24:49.7592084Z + echo 0ab43e5711b2585b0c19dd71023f5852d755c633bda0215caad53dc63c62a644
2026-09-15T12:24:49.7592673Z + exit 0
2026-09-15T12:24:49.7593097Z + for STAGE in /stages/*.sh
2026-09-15T12:24:49.7593393Z + bash /stages/45-opencl.sh
2026-09-15T12:24:49.7601263Z + shopt -s dotglob
2026-09-15T12:24:49.7601552Z + source /dl_functions.sh
2026-09-15T12:24:49.7601864Z + source /scripts.d/45-opencl.sh
2026-09-15T12:24:49.7602288Z ++ SCRIPT_REPO=https://github.com/KhronosGroup/OpenCL-Headers.git
2026-09-15T12:24:49.7602668Z ++ SCRIPT_COMMIT=c9c8ccfab584f9f7610057c4633dbd3df7e012cc
2026-09-15T12:24:49.7602999Z ++ SCRIPT_REPO2=https://github.com/KhronosGroup/OpenCL-ICD-Loader.git
2026-09-15T12:24:49.7603321Z ++ SCRIPT_COMMIT2=18fdcd58286376124f938948aa8ed156079c1c16
2026-09-15T12:24:49.7605467Z ++ ffbuild_dockerdl
2026-09-15T12:24:49.7605668Z ++ default_dl headers
2026-09-15T12:24:49.7606277Z ++ echo 'git-mini-clone "https://github.com/KhronosGroup/OpenCL-Headers.git" "c9c8ccfab584f9f7610057c4633dbd3df7e012cc" "headers"'
2026-09-15T12:24:49.7607284Z ++ echo 'git-mini-clone "https://github.com/KhronosGroup/OpenCL-ICD-Loader.git" "18fdcd58286376124f938948aa8ed156079c1c16" loader'
2026-09-15T12:24:49.7609115Z + STG=$'git-mini-clone "https://github.com/KhronosGroup/OpenCL-Headers.git" "c9c8ccfab584f9f7610057c4633dbd3df7e012cc" "headers"\ngit-mini-clone "https://github.com/KhronosGroup/OpenCL-ICD-Loader.git" "18fdcd58286376124f938948aa8ed156079c1c16" loader'
2026-09-15T12:24:49.7610958Z + [[ -z git-mini-clone "https://github.com/KhronosGroup/OpenCL-Headers.git" "c9c8ccfab584f9f7610057c4633dbd3df7e012cc" "headers"
2026-09-15T12:24:49.7611937Z git-mini-clone "https://github.com/KhronosGroup/OpenCL-ICD-Loader.git" "18fdcd58286376124f938948aa8ed156079c1c16" loader ]]
2026-09-15T12:24:49.7612656Z ++ sha256sum
2026-09-15T12:24:49.7612898Z ++ cut '-d ' -f1
2026-09-15T12:24:49.7639342Z + DLHASH=eb9ead58354213261f2a045939284465ec36e0e3e052aa3b22e279002a94d002
2026-09-15T12:24:49.7640536Z + DLNAME=45-opencl
2026-09-15T12:24:49.7640741Z + [[ hashonly == hashonly ]]
2026-09-15T12:24:49.7641026Z + echo eb9ead58354213261f2a045939284465ec36e0e3e052aa3b22e279002a94d002
2026-09-15T12:24:49.7641316Z + exit 0
2026-09-15T12:24:49.7641485Z + for STAGE in /stages/*.sh
2026-09-15T12:24:49.7641694Z + bash /stages/45-pcre2.sh
2026-09-15T12:24:49.7648696Z + shopt -s dotglob
2026-09-15T12:24:49.7649209Z + source /dl_functions.sh
2026-09-15T12:24:49.7651600Z + source /scripts.d/45-pcre2.sh
2026-09-15T12:24:49.7652178Z ++ SCRIPT_REPO=https://github.com/PCRE2Project/pcre2.git
2026-09-15T12:24:49.7652698Z ++ SCRIPT_COMMIT=aac57f978e38fb4a04899d623b68e0fbb5bcaf6c
2026-09-15T12:24:49.7658074Z ++ ffbuild_dockerdl
2026-09-15T12:24:49.7658354Z ++ default_dl .
2026-09-15T12:24:49.7658953Z ++ echo 'git-mini-clone "https://github.com/PCRE2Project/pcre2.git" "aac57f978e38fb4a04899d623b68e0fbb5bcaf6c" "."'
2026-09-15T12:24:49.7659885Z + STG='git-mini-clone "https://github.com/PCRE2Project/pcre2.git" "aac57f978e38fb4a04899d623b68e0fbb5bcaf6c" "."'
2026-09-15T12:24:49.7660887Z + [[ -z git-mini-clone "https://github.com/PCRE2Project/pcre2.git" "aac57f978e38fb4a04899d623b68e0fbb5bcaf6c" "." ]]
2026-09-15T12:24:49.7662217Z ++ sha256sum
2026-09-15T12:24:49.7664561Z ++ cut '-d ' -f1
2026-09-15T12:24:49.7683704Z + DLHASH=a700553def1dbfd7ab6095b47ce1c0a5bfe2716e0f15e4b8b9aaf4af5942f4f9
2026-09-15T12:24:49.7684387Z + DLNAME=45-pcre2
2026-09-15T12:24:49.7684672Z + [[ hashonly == hashonly ]]
2026-09-15T12:24:49.7685125Z + echo a700553def1dbfd7ab6095b47ce1c0a5bfe2716e0f15e4b8b9aaf4af5942f4f9
2026-09-15T12:24:49.7685701Z + exit 0
2026-09-15T12:24:49.7685948Z + for STAGE in /stages/*.sh
2026-09-15T12:24:49.7686243Z + bash /stages/45-pixman.sh
2026-09-15T12:24:49.7693074Z + shopt -s dotglob
2026-09-15T12:24:49.7693457Z + source /dl_functions.sh
2026-09-15T12:24:49.7697201Z + source /scripts.d/45-pixman.sh
2026-09-15T12:24:49.7697737Z ++ SCRIPT_REPO=https://gitlab.freedesktop.org/pixman/pixman.git
2026-09-15T12:24:49.7698278Z ++ SCRIPT_COMMIT=e1f49d9e6665ce354b90a189bf7bb5bbde9a1f20
2026-09-15T12:24:49.7698533Z ++ ffbuild_dockerdl
2026-09-15T12:24:49.7698700Z ++ default_dl .
2026-09-15T12:24:49.7699090Z ++ echo 'git-mini-clone "https://gitlab.freedesktop.org/pixman/pixman.git" "e1f49d9e6665ce354b90a189bf7bb5bbde9a1f20" "."'
2026-09-15T12:24:49.7701664Z + STG='git-mini-clone "https://gitlab.freedesktop.org/pixman/pixman.git" "e1f49d9e6665ce354b90a189bf7bb5bbde9a1f20" "."'
2026-09-15T12:24:49.7702710Z + [[ -z git-mini-clone "https://gitlab.freedesktop.org/pixman/pixman.git" "e1f49d9e6665ce354b90a189bf7bb5bbde9a1f20" "." ]]
2026-09-15T12:24:49.7703386Z ++ sha256sum
2026-09-15T12:24:49.7709376Z ++ cut '-d ' -f1
2026-09-15T12:24:49.7728596Z + DLHASH=e6e161e8443d76882f09d1595f4bcd452a4e4a06dee28d6caf6dc2fc893095fe
2026-09-15T12:24:49.7728942Z + DLNAME=45-pixman
2026-09-15T12:24:49.7729172Z + [[ hashonly == hashonly ]]
2026-09-15T12:24:49.7729826Z + echo e6e161e8443d76882f09d1595f4bcd452a4e4a06dee28d6caf6dc2fc893095fe
2026-09-15T12:24:49.7730301Z + exit 0
2026-09-15T12:24:49.7738446Z + for STAGE in /stages/*.sh
2026-09-15T12:24:49.7738885Z + bash /stages/45-pulseaudio.sh
2026-09-15T12:24:49.7739489Z + shopt -s dotglob
2026-09-15T12:24:49.7739760Z + source /dl_functions.sh
2026-09-15T12:24:49.7740077Z + source /scripts.d/45-pulseaudio.sh
2026-09-15T12:24:49.7740543Z ++ SCRIPT_REPO=https://gitlab.freedesktop.org/pulseaudio/pulseaudio.git
2026-09-15T12:24:49.7740901Z ++ SCRIPT_COMMIT=0cc36279ec993680bccad6b907ba15de97b55c4d
2026-09-15T12:24:49.7743146Z ++ ffbuild_dockerdl
2026-09-15T12:24:49.7743930Z ++ echo 'git clone --filter=blob:none "https://gitlab.freedesktop.org/pulseaudio/pulseaudio.git" . && git checkout "0cc36279ec993680bccad6b907ba15de97b55c4d"'
2026-09-15T12:24:49.7746321Z + STG='git clone --filter=blob:none "https://gitlab.freedesktop.org/pulseaudio/pulseaudio.git" . && git checkout "0cc36279ec993680bccad6b907ba15de97b55c4d"'
2026-09-15T12:24:49.7747607Z + [[ -z git clone --filter=blob:none "https://gitlab.freedesktop.org/pulseaudio/pulseaudio.git" . && git checkout "0cc36279ec993680bccad6b907ba15de97b55c4d" ]]
2026-09-15T12:24:49.7751216Z ++ sha256sum
2026-09-15T12:24:49.7751516Z ++ cut '-d ' -f1
2026-09-15T12:24:49.7772950Z + DLHASH=252452426c53c19eaf311291b84912114d475375fabed653a9857436edf2079f
2026-09-15T12:24:49.7773466Z + DLNAME=45-pulseaudio
2026-09-15T12:24:49.7773765Z + [[ hashonly == hashonly ]]
2026-09-15T12:24:49.7774235Z + echo 252452426c53c19eaf311291b84912114d475375fabed653a9857436edf2079f
2026-09-15T12:24:49.7775038Z + exit 0
2026-09-15T12:24:49.7775479Z + for STAGE in /stages/*.sh
2026-09-15T12:24:49.7775780Z + bash /stages/45-vmaf.sh
2026-09-15T12:24:49.7784056Z + shopt -s dotglob
2026-09-15T12:24:49.7784448Z + source /dl_functions.sh
2026-09-15T12:24:49.7784761Z + source /scripts.d/45-vmaf.sh
2026-09-15T12:24:49.7785593Z ++ SCRIPT_REPO=https://github.com/Netflix/vmaf.git
2026-09-15T12:24:49.7786083Z ++ SCRIPT_COMMIT=e80d6c593e6e2327687dccd00b7cc9c91036d79f
2026-09-15T12:24:49.7791393Z ++ ffbuild_dockerdl
2026-09-15T12:24:49.7791734Z ++ default_dl .
2026-09-15T12:24:49.7792211Z ++ echo 'git-mini-clone "https://github.com/Netflix/vmaf.git" "e80d6c593e6e2327687dccd00b7cc9c91036d79f" "."'
2026-09-15T12:24:49.7792782Z + STG='git-mini-clone "https://github.com/Netflix/vmaf.git" "e80d6c593e6e2327687dccd00b7cc9c91036d79f" "."'
2026-09-15T12:24:49.7793541Z + [[ -z git-mini-clone "https://github.com/Netflix/vmaf.git" "e80d6c593e6e2327687dccd00b7cc9c91036d79f" "." ]]
2026-09-15T12:24:49.7795695Z ++ sha256sum
2026-09-15T12:24:49.7795958Z ++ cut '-d ' -f1
2026-09-15T12:24:49.7816792Z + DLHASH=7e0936eea87afd4c4582aca102f105349e760b2c04bba3880d2b82ddc9ec50bc
2026-09-15T12:24:49.7817118Z + DLNAME=45-vmaf
2026-09-15T12:24:49.7817296Z + [[ hashonly == hashonly ]]
2026-09-15T12:24:49.7817577Z + echo 7e0936eea87afd4c4582aca102f105349e760b2c04bba3880d2b82ddc9ec50bc
2026-09-15T12:24:49.7818032Z + exit 0
2026-09-15T12:24:49.7819984Z + for STAGE in /stages/*.sh
2026-09-15T12:24:49.7820312Z + bash /stages/45-vulkan-loader.sh
2026-09-15T12:24:49.7831619Z + shopt -s dotglob
2026-09-15T12:24:49.7831911Z + source /dl_functions.sh
2026-09-15T12:24:49.7832267Z + source /scripts.d/47-vulkan/45-vulkan-loader.sh
2026-09-15T12:24:49.7832750Z ++ SCRIPT_REPO=https://github.com/BtbN/Vulkan-Shim-Loader.git
2026-09-15T12:24:49.7833249Z ++ SCRIPT_COMMIT=65b3936528cd92eb4ea3de485d03f858a3850484
2026-09-15T12:24:49.7833765Z ++ SCRIPT_REPO2=https://github.com/KhronosGroup/Vulkan-Headers.git
2026-09-15T12:24:49.7834226Z ++ SCRIPT_COMMIT2=v1.4.359
2026-09-15T12:24:49.7834452Z ++ SCRIPT_TAGFILTER2='v?.*.*'
2026-09-15T12:24:49.7835699Z ++ ffbuild_dockerdl
2026-09-15T12:24:49.7835877Z ++ default_dl .
2026-09-15T12:24:49.7836432Z ++ echo 'git-mini-clone "https://github.com/BtbN/Vulkan-Shim-Loader.git" "65b3936528cd92eb4ea3de485d03f858a3850484" "."'
2026-09-15T12:24:49.7837346Z ++ echo 'git-mini-clone "https://github.com/KhronosGroup/Vulkan-Headers.git" "v1.4.359" Vulkan-Headers'
2026-09-15T12:24:49.7838812Z + STG=$'git-mini-clone "https://github.com/BtbN/Vulkan-Shim-Loader.git" "65b3936528cd92eb4ea3de485d03f858a3850484" "."\ngit-mini-clone "https://github.com/KhronosGroup/Vulkan-Headers.git" "v1.4.359" Vulkan-Headers'
2026-09-15T12:24:49.7840571Z + [[ -z git-mini-clone "https://github.com/BtbN/Vulkan-Shim-Loader.git" "65b3936528cd92eb4ea3de485d03f858a3850484" "."
2026-09-15T12:24:49.7841924Z git-mini-clone "https://github.com/KhronosGroup/Vulkan-Headers.git" "v1.4.359" Vulkan-Headers ]]
2026-09-15T12:24:49.7842516Z ++ sha256sum
2026-09-15T12:24:49.7843232Z ++ cut '-d ' -f1
2026-09-15T12:24:49.7863734Z + DLHASH=9737f99883713bfebd417a68bdd2d4046d3678249b723a676ac386da128fd315
2026-09-15T12:24:49.7864144Z + DLNAME=45-vulkan-loader
2026-09-15T12:24:49.7864347Z + [[ hashonly == hashonly ]]
2026-09-15T12:24:49.7864648Z + echo 9737f99883713bfebd417a68bdd2d4046d3678249b723a676ac386da128fd315
2026-09-15T12:24:49.7865093Z + exit 0
2026-09-15T12:24:49.7866415Z + for STAGE in /stages/*.sh
2026-09-15T12:24:49.7866741Z + bash /stages/50-amf.sh
2026-09-15T12:24:49.7876079Z + shopt -s dotglob
2026-09-15T12:24:49.7876368Z + source /dl_functions.sh
2026-09-15T12:24:49.7876665Z + source /scripts.d/50-amf.sh
2026-09-15T12:24:49.7877067Z ++ SCRIPT_REPO=https://github.com/GPUOpen-LibrariesAndSDKs/AMF.git
2026-09-15T12:24:49.7877473Z ++ SCRIPT_COMMIT=c35f613aea2e5057a688c979e75b1cf24253297e
2026-09-15T12:24:49.7879057Z ++ ffbuild_dockerdl
2026-09-15T12:24:49.7879361Z ++ default_dl .
2026-09-15T12:24:49.7880146Z ++ echo 'git-mini-clone "https://github.com/GPUOpen-LibrariesAndSDKs/AMF.git" "c35f613aea2e5057a688c979e75b1cf24253297e" "."'
2026-09-15T12:24:49.7881085Z ++ echo 'rm -rf .git Thirdparty'
2026-09-15T12:24:49.7881846Z + STG=$'git-mini-clone "https://github.com/GPUOpen-LibrariesAndSDKs/AMF.git" "c35f613aea2e5057a688c979e75b1cf24253297e" "."\nrm -rf .git Thirdparty'
2026-09-15T12:24:49.7882610Z + [[ -z git-mini-clone "https://github.com/GPUOpen-LibrariesAndSDKs/AMF.git" "c35f613aea2e5057a688c979e75b1cf24253297e" "."
2026-09-15T12:24:49.7883034Z rm -rf .git Thirdparty ]]
2026-09-15T12:24:49.7885592Z ++ sha256sum
2026-09-15T12:24:49.7889642Z ++ cut '-d ' -f1
2026-09-15T12:24:49.7908253Z + DLHASH=c691021656d6ced1df998c54494b9d1bb1aefecc1100af7f4b5d2d2ee89cad44
2026-09-15T12:24:49.7908809Z + DLNAME=50-amf
2026-09-15T12:24:49.7909298Z + [[ hashonly == hashonly ]]
2026-09-15T12:24:49.7909697Z + echo c691021656d6ced1df998c54494b9d1bb1aefecc1100af7f4b5d2d2ee89cad44
2026-09-15T12:24:49.7910000Z + exit 0
2026-09-15T12:24:49.7910178Z + for STAGE in /stages/*.sh
2026-09-15T12:24:49.7910386Z + bash /stages/50-aom.sh
2026-09-15T12:24:49.7920764Z + shopt -s dotglob
2026-09-15T12:24:49.7921047Z + source /dl_functions.sh
2026-09-15T12:24:49.7921340Z + source /scripts.d/50-aom.sh
2026-09-15T12:24:49.7921696Z ++ SCRIPT_REPO=https://aomedia.googlesource.com/aom
2026-09-15T12:24:49.7921994Z ++ SCRIPT_COMMIT=95f420511f698ea201e8928464704dc30da4b568
2026-09-15T12:24:49.7925197Z ++ ffbuild_dockerdl
2026-09-15T12:24:49.7925449Z ++ default_dl .
2026-09-15T12:24:49.7925944Z ++ echo 'git-mini-clone "https://aomedia.googlesource.com/aom" "95f420511f698ea201e8928464704dc30da4b568" "."'
2026-09-15T12:24:49.7927327Z + STG='git-mini-clone "https://aomedia.googlesource.com/aom" "95f420511f698ea201e8928464704dc30da4b568" "."'
2026-09-15T12:24:49.7928289Z + [[ -z git-mini-clone "https://aomedia.googlesource.com/aom" "95f420511f698ea201e8928464704dc30da4b568" "." ]]
2026-09-15T12:24:49.7931118Z ++ sha256sum
2026-09-15T12:24:49.7932127Z ++ cut '-d ' -f1
2026-09-15T12:24:49.7953910Z + DLHASH=23565bf906e76056043bbf69491946f43e4a082de1c9448304970e7e1f38c77c
2026-09-15T12:24:49.7954258Z + DLNAME=50-aom
2026-09-15T12:24:49.7954440Z + [[ hashonly == hashonly ]]
2026-09-15T12:24:49.7954823Z + echo 23565bf906e76056043bbf69491946f43e4a082de1c9448304970e7e1f38c77c
2026-09-15T12:24:49.7955208Z + exit 0
2026-09-15T12:24:49.7957055Z + for STAGE in /stages/*.sh
2026-09-15T12:24:49.7957274Z + bash /stages/50-avisynth.sh
2026-09-15T12:24:49.7965453Z + shopt -s dotglob
2026-09-15T12:24:49.7965995Z + source /dl_functions.sh
2026-09-15T12:24:49.7966341Z + source /scripts.d/50-avisynth.sh
2026-09-15T12:24:49.7966748Z ++ SCRIPT_REPO=https://github.com/AviSynth/AviSynthPlus.git
2026-09-15T12:24:49.7969254Z ++ SCRIPT_COMMIT=de1d1fc0d69e6d308235491b24b8e9b26ac023ff
2026-09-15T12:24:49.7969702Z ++ ffbuild_dockerdl
2026-09-15T12:24:49.7969963Z ++ default_dl .
2026-09-15T12:24:49.7970841Z ++ echo 'git-mini-clone "https://github.com/AviSynth/AviSynthPlus.git" "de1d1fc0d69e6d308235491b24b8e9b26ac023ff" "."'
2026-09-15T12:24:49.7972325Z + STG='git-mini-clone "https://github.com/AviSynth/AviSynthPlus.git" "de1d1fc0d69e6d308235491b24b8e9b26ac023ff" "."'
2026-09-15T12:24:49.7972948Z + [[ -z git-mini-clone "https://github.com/AviSynth/AviSynthPlus.git" "de1d1fc0d69e6d308235491b24b8e9b26ac023ff" "." ]]
2026-09-15T12:24:49.7977384Z ++ sha256sum
2026-09-15T12:24:49.7977749Z ++ cut '-d ' -f1
2026-09-15T12:24:49.7999010Z + DLHASH=7a21bb0ff397cafe4904c6be10b96944b5f19ea01e1871a76204ee0d384e7488
2026-09-15T12:24:49.7999491Z + DLNAME=50-avisynth
2026-09-15T12:24:49.7999773Z + [[ hashonly == hashonly ]]
2026-09-15T12:24:49.8000321Z + echo 7a21bb0ff397cafe4904c6be10b96944b5f19ea01e1871a76204ee0d384e7488
2026-09-15T12:24:49.8000645Z + exit 0
2026-09-15T12:24:49.8001850Z + for STAGE in /stages/*.sh
2026-09-15T12:24:49.8002179Z + bash /stages/50-chromaprint.sh
2026-09-15T12:24:49.8010713Z + shopt -s dotglob
2026-09-15T12:24:49.8011019Z + source /dl_functions.sh
2026-09-15T12:24:49.8015174Z + source /scripts.d/50-chromaprint.sh
2026-09-15T12:24:49.8015939Z ++ SCRIPT_REPO=https://github.com/acoustid/chromaprint.git
2026-09-15T12:24:49.8017233Z ++ SCRIPT_COMMIT=aed8eba2202dd9d7b3b0a56c77904cc805490d72
2026-09-15T12:24:49.8017694Z ++ ffbuild_dockerdl
2026-09-15T12:24:49.8018039Z ++ default_dl .
2026-09-15T12:24:49.8018477Z ++ echo 'git-mini-clone "https://github.com/acoustid/chromaprint.git" "aed8eba2202dd9d7b3b0a56c77904cc805490d72" "."'
2026-09-15T12:24:49.8020680Z + STG='git-mini-clone "https://github.com/acoustid/chromaprint.git" "aed8eba2202dd9d7b3b0a56c77904cc805490d72" "."'
2026-09-15T12:24:49.8022196Z + [[ -z git-mini-clone "https://github.com/acoustid/chromaprint.git" "aed8eba2202dd9d7b3b0a56c77904cc805490d72" "." ]]
2026-09-15T12:24:49.8022697Z ++ sha256sum
2026-09-15T12:24:49.8022866Z ++ cut '-d ' -f1
2026-09-15T12:24:49.8045419Z + DLHASH=fd1913f99597fe11aa0a070aaaee173d271d06a2578bd240a1e6f9d7e5d9e344
2026-09-15T12:24:49.8045930Z + DLNAME=50-chromaprint
2026-09-15T12:24:49.8046213Z + [[ hashonly == hashonly ]]
2026-09-15T12:24:49.8046532Z + echo fd1913f99597fe11aa0a070aaaee173d271d06a2578bd240a1e6f9d7e5d9e344
2026-09-15T12:24:49.8048736Z + exit 0
2026-09-15T12:24:49.8051363Z + for STAGE in /stages/*.sh
2026-09-15T12:24:49.8051734Z + bash /stages/50-dav1d.sh
2026-09-15T12:24:49.8059526Z + shopt -s dotglob
2026-09-15T12:24:49.8060245Z + source /dl_functions.sh
2026-09-15T12:24:49.8060577Z + source /scripts.d/50-dav1d.sh
2026-09-15T12:24:49.8060883Z ++ SCRIPT_REPO=https://code.videolan.org/videolan/dav1d.git
2026-09-15T12:24:49.8061205Z ++ SCRIPT_COMMIT=54706fc6bc0cdecab7e9593974a4039cc038fca7
2026-09-15T12:24:49.8063126Z ++ ffbuild_dockerdl
2026-09-15T12:24:49.8063393Z ++ default_dl .
2026-09-15T12:24:49.8064439Z ++ echo 'git-mini-clone "https://code.videolan.org/videolan/dav1d.git" "54706fc6bc0cdecab7e9593974a4039cc038fca7" "."'
2026-09-15T12:24:49.8065577Z + STG='git-mini-clone "https://code.videolan.org/videolan/dav1d.git" "54706fc6bc0cdecab7e9593974a4039cc038fca7" "."'
2026-09-15T12:24:49.8066536Z + [[ -z git-mini-clone "https://code.videolan.org/videolan/dav1d.git" "54706fc6bc0cdecab7e9593974a4039cc038fca7" "." ]]
2026-09-15T12:24:49.8069198Z ++ sha256sum
2026-09-15T12:24:49.8078787Z ++ cut '-d ' -f1
2026-09-15T12:24:49.8092027Z + DLHASH=c641f552ea978b810b07c1d57cb7e8a3fe53e7114439817aabc12815250a342f
2026-09-15T12:24:49.8092533Z + DLNAME=50-dav1d
2026-09-15T12:24:49.8092810Z + [[ hashonly == hashonly ]]
2026-09-15T12:24:49.8093417Z + echo c641f552ea978b810b07c1d57cb7e8a3fe53e7114439817aabc12815250a342f
2026-09-15T12:24:49.8094251Z + exit 0
2026-09-15T12:24:49.8094502Z + for STAGE in /stages/*.sh
2026-09-15T12:24:49.8094793Z + bash /stages/50-davs2.sh
2026-09-15T12:24:49.8104223Z + shopt -s dotglob
2026-09-15T12:24:49.8104567Z + source /dl_functions.sh
2026-09-15T12:24:49.8104935Z + source /scripts.d/50-davs2.sh
2026-09-15T12:24:49.8105192Z ++ SCRIPT_REPO=https://github.com/pkuvcl/davs2.git
2026-09-15T12:24:49.8105645Z ++ SCRIPT_COMMIT=b41cf117452e2d73d827f02d3e30aa20f1c721ac
2026-09-15T12:24:49.8107541Z ++ ffbuild_dockerdl
2026-09-15T12:24:49.8107921Z ++ default_dl .
2026-09-15T12:24:49.8109999Z ++ echo 'git-mini-clone "https://github.com/pkuvcl/davs2.git" "b41cf117452e2d73d827f02d3e30aa20f1c721ac" "."'
2026-09-15T12:24:49.8110421Z ++ echo 'git fetch --unshallow'
2026-09-15T12:24:49.8110857Z + STG=$'git-mini-clone "https://github.com/pkuvcl/davs2.git" "b41cf117452e2d73d827f02d3e30aa20f1c721ac" "."\ngit fetch --unshallow'
2026-09-15T12:24:49.8111477Z + [[ -z git-mini-clone "https://github.com/pkuvcl/davs2.git" "b41cf117452e2d73d827f02d3e30aa20f1c721ac" "."
2026-09-15T12:24:49.8111871Z git fetch --unshallow ]]
2026-09-15T12:24:49.8114559Z ++ sha256sum
2026-09-15T12:24:49.8119326Z ++ cut '-d ' -f1
2026-09-15T12:24:49.8136551Z + DLHASH=a2d3a5d05dbd810e7a33f41ca77f70f1775ab8318ffe3e1b365105e8ad813d7e
2026-09-15T12:24:49.8137063Z + DLNAME=50-davs2
2026-09-15T12:24:49.8137339Z + [[ hashonly == hashonly ]]
2026-09-15T12:24:49.8137784Z + echo a2d3a5d05dbd810e7a33f41ca77f70f1775ab8318ffe3e1b365105e8ad813d7e
2026-09-15T12:24:49.8138577Z + exit 0
2026-09-15T12:24:49.8138904Z + for STAGE in /stages/*.sh
2026-09-15T12:24:49.8139330Z + bash /stages/50-fdk-aac.sh
2026-09-15T12:24:49.8148132Z + shopt -s dotglob
2026-09-15T12:24:49.8148410Z + source /dl_functions.sh
2026-09-15T12:24:49.8148720Z + source /scripts.d/50-fdk-aac.sh
2026-09-15T12:24:49.8149104Z ++ SCRIPT_REPO=https://github.com/mstorsjo/fdk-aac.git
2026-09-15T12:24:49.8149545Z ++ SCRIPT_COMMIT=d8e6b1a3aa606c450241632b64b703f21ea31ce3
2026-09-15T12:24:49.8151473Z ++ ffbuild_dockerdl
2026-09-15T12:24:49.8151811Z ++ default_dl .
2026-09-15T12:24:49.8152300Z ++ echo 'git-mini-clone "https://github.com/mstorsjo/fdk-aac.git" "d8e6b1a3aa606c450241632b64b703f21ea31ce3" "."'
2026-09-15T12:24:49.8153876Z + STG='git-mini-clone "https://github.com/mstorsjo/fdk-aac.git" "d8e6b1a3aa606c450241632b64b703f21ea31ce3" "."'
2026-09-15T12:24:49.8154621Z + [[ -z git-mini-clone "https://github.com/mstorsjo/fdk-aac.git" "d8e6b1a3aa606c450241632b64b703f21ea31ce3" "." ]]
2026-09-15T12:24:49.8157409Z ++ sha256sum
2026-09-15T12:24:49.8159592Z ++ cut '-d ' -f1
2026-09-15T12:24:49.8179675Z + DLHASH=6a7b1b3c7fc049564253d51a0e99542eef59df4fdc42ead43eddee597e18611a
2026-09-15T12:24:49.8180133Z + DLNAME=50-fdk-aac
2026-09-15T12:24:49.8180414Z + [[ hashonly == hashonly ]]
2026-09-15T12:24:49.8180863Z + echo 6a7b1b3c7fc049564253d51a0e99542eef59df4fdc42ead43eddee597e18611a
2026-09-15T12:24:49.8181360Z + exit 0
2026-09-15T12:24:49.8181608Z + for STAGE in /stages/*.sh
2026-09-15T12:24:49.8181913Z + bash /stages/50-ffnvcodec.sh
2026-09-15T12:24:49.8190806Z + shopt -s dotglob
2026-09-15T12:24:49.8191657Z + source /dl_functions.sh
2026-09-15T12:24:49.8192047Z + source /scripts.d/50-ffnvcodec.sh
2026-09-15T12:24:49.8192479Z ++ SCRIPT_REPO=https://github.com/FFmpeg/nv-codec-headers.git
2026-09-15T12:24:49.8192935Z ++ SCRIPT_COMMIT=eddcea9e27f6b772057c9b3f87de2cc1737faffc
2026-09-15T12:24:49.8193257Z ++ SCRIPT_REPO2=https://github.com/FFmpeg/nv-codec-headers.git
2026-09-15T12:24:49.8193739Z ++ SCRIPT_COMMIT2=ced4f8eba3ba5dd431932cba17928f0dffdaeb2b
2026-09-15T12:24:49.8194161Z ++ SCRIPT_BRANCH2=sdk/13.0
2026-09-15T12:24:49.8194545Z ++ SCRIPT_REPO3=https://github.com/FFmpeg/nv-codec-headers.git
2026-09-15T12:24:49.8195027Z ++ SCRIPT_COMMIT3=833faee5f7b8d3f56444347c587f4aed11ee213f
2026-09-15T12:24:49.8195414Z ++ SCRIPT_BRANCH3=sdk/11.1
2026-09-15T12:24:49.8195608Z ++ ffbuild_dockerdl
2026-09-15T12:24:49.8195741Z ++ default_dl ffnvcodec
2026-09-15T12:24:49.8196224Z ++ echo 'git-mini-clone "https://github.com/FFmpeg/nv-codec-headers.git" "eddcea9e27f6b772057c9b3f87de2cc1737faffc" "ffnvcodec"'
2026-09-15T12:24:49.8196666Z ++ echo 'git-mini-clone "https://github.com/FFmpeg/nv-codec-headers.git" "ced4f8eba3ba5dd431932cba17928f0dffdaeb2b" ffnvcodec2'
2026-09-15T12:24:49.8197063Z ++ echo 'git-mini-clone "https://github.com/FFmpeg/nv-codec-headers.git" "833faee5f7b8d3f56444347c587f4aed11ee213f" ffnvcodec3'
2026-09-15T12:24:49.8198989Z + STG=$'git-mini-clone "https://github.com/FFmpeg/nv-codec-headers.git" "eddcea9e27f6b772057c9b3f87de2cc1737faffc" "ffnvcodec"\ngit-mini-clone "https://github.com/FFmpeg/nv-codec-headers.git" "ced4f8eba3ba5dd431932cba17928f0dffdaeb2b" ffnvcodec2\ngit-mini-clone "https://github.com/FFmpeg/nv-codec-headers.git" "833faee5f7b8d3f56444347c587f4aed11ee213f" ffnvcodec3'
2026-09-15T12:24:49.8199470Z + [[ -z git-mini-clone "https://github.com/FFmpeg/nv-codec-headers.git" "eddcea9e27f6b772057c9b3f87de2cc1737faffc" "ffnvcodec"
2026-09-15T12:24:49.8199911Z git-mini-clone "https://github.com/FFmpeg/nv-codec-headers.git" "ced4f8eba3ba5dd431932cba17928f0dffdaeb2b" ffnvcodec2
2026-09-15T12:24:49.8200336Z git-mini-clone "https://github.com/FFmpeg/nv-codec-headers.git" "833faee5f7b8d3f56444347c587f4aed11ee213f" ffnvcodec3 ]]
2026-09-15T12:24:49.8201693Z ++ sha256sum
2026-09-15T12:24:49.8201877Z ++ cut '-d ' -f1
2026-09-15T12:24:49.8226334Z + DLHASH=ef2a38b483abf36f56dfe74a3ab3909ef01360a01619123b6a4cfac4eece7e28
2026-09-15T12:24:49.8226598Z + DLNAME=50-ffnvcodec
2026-09-15T12:24:49.8226824Z + [[ hashonly == hashonly ]]
2026-09-15T12:24:49.8227430Z + echo ef2a38b483abf36f56dfe74a3ab3909ef01360a01619123b6a4cfac4eece7e28
2026-09-15T12:24:49.8227664Z + exit 0
2026-09-15T12:24:49.8229529Z + for STAGE in /stages/*.sh
2026-09-15T12:24:49.8229620Z + bash /stages/50-freetype.sh
2026-09-15T12:24:49.8237209Z + shopt -s dotglob
2026-09-15T12:24:49.8237453Z + source /dl_functions.sh
2026-09-15T12:24:49.8237733Z + source /scripts.d/45-fonts/50-freetype.sh
2026-09-15T12:24:49.8238159Z ++ SCRIPT_REPO=https://gitlab.freedesktop.org/freetype/freetype.git
2026-09-15T12:24:49.8238333Z ++ SCRIPT_COMMIT=9e9d3b73f31367dbb4261f93c727a277f6632c77
2026-09-15T12:24:49.8241407Z ++ ffbuild_dockerdl
2026-09-15T12:24:49.8241518Z ++ default_dl .
2026-09-15T12:24:49.8242004Z ++ echo 'git-mini-clone "https://gitlab.freedesktop.org/freetype/freetype.git" "9e9d3b73f31367dbb4261f93c727a277f6632c77" "."'
2026-09-15T12:24:49.8243843Z + STG='git-mini-clone "https://gitlab.freedesktop.org/freetype/freetype.git" "9e9d3b73f31367dbb4261f93c727a277f6632c77" "."'
2026-09-15T12:24:49.8244311Z + [[ -z git-mini-clone "https://gitlab.freedesktop.org/freetype/freetype.git" "9e9d3b73f31367dbb4261f93c727a277f6632c77" "." ]]
2026-09-15T12:24:49.8247531Z ++ sha256sum
2026-09-15T12:24:49.8248634Z ++ cut '-d ' -f1
2026-09-15T12:24:49.8269998Z + DLHASH=3617370b1dcde7476f60c6ba4fa9936d9dffa84a83db01be118439c6f7ea2c44
2026-09-15T12:24:49.8270234Z + DLNAME=50-freetype
2026-09-15T12:24:49.8270357Z + [[ hashonly == hashonly ]]
2026-09-15T12:24:49.8270614Z + echo 3617370b1dcde7476f60c6ba4fa9936d9dffa84a83db01be118439c6f7ea2c44
2026-09-15T12:24:49.8270717Z + exit 0
2026-09-15T12:24:49.8270832Z + for STAGE in /stages/*.sh
2026-09-15T12:24:49.8270964Z + bash /stages/50-frei0r.sh
2026-09-15T12:24:49.8280554Z + shopt -s dotglob
2026-09-15T12:24:49.8280719Z + source /dl_functions.sh
2026-09-15T12:24:49.8281072Z + source /scripts.d/50-frei0r.sh
2026-09-15T12:24:49.8281232Z ++ SCRIPT_REPO=https://github.com/dyne/frei0r.git
2026-09-15T12:24:49.8281617Z ++ SCRIPT_COMMIT=253addfd4bea3c90b0bf765589ca28ea18f3ddc0
2026-09-15T12:24:49.8284092Z ++ ffbuild_dockerdl
2026-09-15T12:24:49.8284201Z ++ default_dl .
2026-09-15T12:24:49.8284533Z ++ echo 'git-mini-clone "https://github.com/dyne/frei0r.git" "253addfd4bea3c90b0bf765589ca28ea18f3ddc0" "."'
2026-09-15T12:24:49.8286653Z + STG='git-mini-clone "https://github.com/dyne/frei0r.git" "253addfd4bea3c90b0bf765589ca28ea18f3ddc0" "."'
2026-09-15T12:24:49.8287049Z + [[ -z git-mini-clone "https://github.com/dyne/frei0r.git" "253addfd4bea3c90b0bf765589ca28ea18f3ddc0" "." ]]
2026-09-15T12:24:49.8308507Z ++ sha256sum
2026-09-15T12:24:49.8308620Z ++ cut '-d ' -f1
2026-09-15T12:24:49.8315675Z + DLHASH=133425a6de12ece3f31f1fab0e5e228703fdffa3d347dcac946a9621531acbe7
2026-09-15T12:24:49.8315764Z + DLNAME=50-frei0r
2026-09-15T12:24:49.8315895Z + [[ hashonly == hashonly ]]
2026-09-15T12:24:49.8316094Z + echo 133425a6de12ece3f31f1fab0e5e228703fdffa3d347dcac946a9621531acbe7
2026-09-15T12:24:49.8316364Z + exit 0
2026-09-15T12:24:49.8319257Z + for STAGE in /stages/*.sh
2026-09-15T12:24:49.8319403Z + bash /stages/50-gme.sh
2026-09-15T12:24:49.8326811Z + shopt -s dotglob
2026-09-15T12:24:49.8326938Z + source /dl_functions.sh
2026-09-15T12:24:49.8327314Z + source /scripts.d/50-gme.sh
2026-09-15T12:24:49.8327535Z ++ SCRIPT_REPO=https://github.com/libgme/game-music-emu.git
2026-09-15T12:24:49.8327723Z ++ SCRIPT_COMMIT=fe8da4b6d3876d7542c2fb69d94487e19836d678
2026-09-15T12:24:49.8330147Z ++ ffbuild_dockerdl
2026-09-15T12:24:49.8330433Z ++ default_dl .
2026-09-15T12:24:49.8330872Z ++ echo 'git-mini-clone "https://github.com/libgme/game-music-emu.git" "fe8da4b6d3876d7542c2fb69d94487e19836d678" "."'
2026-09-15T12:24:49.8333867Z + STG='git-mini-clone "https://github.com/libgme/game-music-emu.git" "fe8da4b6d3876d7542c2fb69d94487e19836d678" "."'
2026-09-15T12:24:49.8334324Z + [[ -z git-mini-clone "https://github.com/libgme/game-music-emu.git" "fe8da4b6d3876d7542c2fb69d94487e19836d678" "." ]]
2026-09-15T12:24:49.8339262Z ++ sha256sum
2026-09-15T12:24:49.8339422Z ++ cut '-d ' -f1
2026-09-15T12:24:49.8358834Z + DLHASH=0325438874b3d8664746a5dc5587ca3da46cd7c1ff911cd20f095fc3355618d5
2026-09-15T12:24:49.8358962Z + DLNAME=50-gme
2026-09-15T12:24:49.8359076Z + [[ hashonly == hashonly ]]
2026-09-15T12:24:49.8359327Z + echo 0325438874b3d8664746a5dc5587ca3da46cd7c1ff911cd20f095fc3355618d5
2026-09-15T12:24:49.8359422Z + exit 0
2026-09-15T12:24:49.8360592Z + for STAGE in /stages/*.sh
2026-09-15T12:24:49.8360880Z + bash /stages/50-kvazaar.sh
2026-09-15T12:24:49.8369663Z + shopt -s dotglob
2026-09-15T12:24:49.8369892Z + source /dl_functions.sh
2026-09-15T12:24:49.8370021Z + source /scripts.d/50-kvazaar.sh
2026-09-15T12:24:49.8370293Z ++ SCRIPT_REPO=https://github.com/ultravideo/kvazaar.git
2026-09-15T12:24:49.8370469Z ++ SCRIPT_COMMIT=d6815293f34a094e26ba6c50b8644660ddc13e09
2026-09-15T12:24:49.8372708Z ++ ffbuild_dockerdl
2026-09-15T12:24:49.8372828Z ++ default_dl .
2026-09-15T12:24:49.8373229Z ++ echo 'git-mini-clone "https://github.com/ultravideo/kvazaar.git" "d6815293f34a094e26ba6c50b8644660ddc13e09" "."'
2026-09-15T12:24:49.8375312Z + STG='git-mini-clone "https://github.com/ultravideo/kvazaar.git" "d6815293f34a094e26ba6c50b8644660ddc13e09" "."'
2026-09-15T12:24:49.8375709Z + [[ -z git-mini-clone "https://github.com/ultravideo/kvazaar.git" "d6815293f34a094e26ba6c50b8644660ddc13e09" "." ]]
2026-09-15T12:24:49.8379327Z ++ sha256sum
2026-09-15T12:24:49.8380408Z ++ cut '-d ' -f1
2026-09-15T12:24:49.8400944Z + DLHASH=36ba4fecb23c3c52d829030be410feb99cf26cb09ddecc0108d24aa538a0f99c
2026-09-15T12:24:49.8401169Z + DLNAME=50-kvazaar
2026-09-15T12:24:49.8401249Z + [[ hashonly == hashonly ]]
2026-09-15T12:24:49.8401425Z + echo 36ba4fecb23c3c52d829030be410feb99cf26cb09ddecc0108d24aa538a0f99c
2026-09-15T12:24:49.8401538Z + exit 0
2026-09-15T12:24:49.8403523Z + for STAGE in /stages/*.sh
2026-09-15T12:24:49.8403655Z + bash /stages/50-lcevcdec.sh
2026-09-15T12:24:49.8412730Z + shopt -s dotglob
2026-09-15T12:24:49.8412846Z + source /dl_functions.sh
2026-09-15T12:24:49.8413017Z + source /scripts.d/50-lcevcdec.sh
2026-09-15T12:24:49.8413593Z ++ SCRIPT_REPO=https://github.com/v-novaltd/LCEVCdec.git
2026-09-15T12:24:49.8413718Z ++ SCRIPT_COMMIT=a254bd474649e5dcd8182689ac414420bfe8d8c3
2026-09-15T12:24:49.8417066Z ++ ffbuild_dockerdl
2026-09-15T12:24:49.8417180Z ++ default_dl .
2026-09-15T12:24:49.8417607Z ++ echo 'git-mini-clone "https://github.com/v-novaltd/LCEVCdec.git" "a254bd474649e5dcd8182689ac414420bfe8d8c3" "."'
2026-09-15T12:24:49.8419634Z + STG='git-mini-clone "https://github.com/v-novaltd/LCEVCdec.git" "a254bd474649e5dcd8182689ac414420bfe8d8c3" "."'
2026-09-15T12:24:49.8420202Z + [[ -z git-mini-clone "https://github.com/v-novaltd/LCEVCdec.git" "a254bd474649e5dcd8182689ac414420bfe8d8c3" "." ]]
2026-09-15T12:24:49.8428495Z ++ sha256sum
2026-09-15T12:24:49.8428613Z ++ cut '-d ' -f1
2026-09-15T12:24:49.8447176Z + DLHASH=74a493e06a33c4de0c2adcc72118cd80f1f80ed756ba9948c92ac5d0e369f1c9
2026-09-15T12:24:49.8447287Z + DLNAME=50-lcevcdec
2026-09-15T12:24:49.8447604Z + [[ hashonly == hashonly ]]
2026-09-15T12:24:49.8448023Z + echo 74a493e06a33c4de0c2adcc72118cd80f1f80ed756ba9948c92ac5d0e369f1c9
2026-09-15T12:24:49.8448178Z + exit 0
2026-09-15T12:24:49.8449628Z + for STAGE in /stages/*.sh
2026-09-15T12:24:49.8449749Z + bash /stages/50-libaribb24.sh
2026-09-15T12:24:49.8457552Z + shopt -s dotglob
2026-09-15T12:24:49.8457675Z + source /dl_functions.sh
2026-09-15T12:24:49.8458052Z + source /scripts.d/50-libaribb24.sh
2026-09-15T12:24:49.8458239Z ++ SCRIPT_REPO=https://github.com/nkoriyama/aribb24.git
2026-09-15T12:24:49.8458425Z ++ SCRIPT_COMMIT=5e9be272f96e00f15a2f3c5f8ba7e124862aec38
2026-09-15T12:24:49.8461472Z ++ ffbuild_dockerdl
2026-09-15T12:24:49.8461746Z ++ default_dl .
2026-09-15T12:24:49.8462479Z ++ echo 'git-mini-clone "https://github.com/nkoriyama/aribb24.git" "5e9be272f96e00f15a2f3c5f8ba7e124862aec38" "."'
2026-09-15T12:24:49.8463602Z + STG='git-mini-clone "https://github.com/nkoriyama/aribb24.git" "5e9be272f96e00f15a2f3c5f8ba7e124862aec38" "."'
2026-09-15T12:24:49.8472902Z + [[ -z git-mini-clone "https://github.com/nkoriyama/aribb24.git" "5e9be272f96e00f15a2f3c5f8ba7e124862aec38" "." ]]
2026-09-15T12:24:49.8473254Z ++ sha256sum
2026-09-15T12:24:49.8473382Z ++ cut '-d ' -f1
2026-09-15T12:24:49.8492499Z + DLHASH=3dd74ffb861f7ef9133dab074b9845408d84ebc49db9aee5d91829efba6d52ce
2026-09-15T12:24:49.8492692Z + DLNAME=50-libaribb24
2026-09-15T12:24:49.8492769Z + [[ hashonly == hashonly ]]
2026-09-15T12:24:49.8492989Z + echo 3dd74ffb861f7ef9133dab074b9845408d84ebc49db9aee5d91829efba6d52ce
2026-09-15T12:24:49.8493086Z + exit 0
2026-09-15T12:24:49.8494621Z + for STAGE in /stages/*.sh
2026-09-15T12:24:49.8494739Z + bash /stages/50-libaribcaption.sh
2026-09-15T12:24:49.8503559Z + shopt -s dotglob
2026-09-15T12:24:49.8504037Z + source /dl_functions.sh
2026-09-15T12:24:49.8504156Z + source /scripts.d/50-libaribcaption.sh
2026-09-15T12:24:49.8504300Z ++ SCRIPT_REPO=https://github.com/xqq/libaribcaption.git
2026-09-15T12:24:49.8504429Z ++ SCRIPT_COMMIT=c64c23b8905ba514b87c9789269e9f66f949ffe0
2026-09-15T12:24:49.8506722Z ++ ffbuild_dockerdl
2026-09-15T12:24:49.8506861Z ++ default_dl .
2026-09-15T12:24:49.8507236Z ++ echo 'git-mini-clone "https://github.com/xqq/libaribcaption.git" "c64c23b8905ba514b87c9789269e9f66f949ffe0" "."'
2026-09-15T12:24:49.8509097Z + STG='git-mini-clone "https://github.com/xqq/libaribcaption.git" "c64c23b8905ba514b87c9789269e9f66f949ffe0" "."'
2026-09-15T12:24:49.8509550Z + [[ -z git-mini-clone "https://github.com/xqq/libaribcaption.git" "c64c23b8905ba514b87c9789269e9f66f949ffe0" "." ]]
2026-09-15T12:24:49.8513335Z ++ sha256sum
2026-09-15T12:24:49.8513603Z ++ cut '-d ' -f1
2026-09-15T12:24:49.8535111Z + DLHASH=8315a724d2e43047c02fb15f99a6decc2824fd4abd55c795ca1063dca443bf8e
2026-09-15T12:24:49.8535240Z + DLNAME=50-libaribcaption
2026-09-15T12:24:49.8535388Z + [[ hashonly == hashonly ]]
2026-09-15T12:24:49.8535621Z + echo 8315a724d2e43047c02fb15f99a6decc2824fd4abd55c795ca1063dca443bf8e
2026-09-15T12:24:49.8535738Z + exit 0
2026-09-15T12:24:49.8537196Z + for STAGE in /stages/*.sh
2026-09-15T12:24:49.8537428Z + bash /stages/50-libass.sh
2026-09-15T12:24:49.8546393Z + shopt -s dotglob
2026-09-15T12:24:49.8546520Z + source /dl_functions.sh
2026-09-15T12:24:49.8546653Z + source /scripts.d/50-libass.sh
2026-09-15T12:24:49.8546829Z ++ SCRIPT_REPO=https://github.com/libass/libass.git
2026-09-15T12:24:49.8547023Z ++ SCRIPT_COMMIT=3087d2b2ffda76602a17f9b09d25cb8addc8d313
2026-09-15T12:24:49.8549850Z ++ ffbuild_dockerdl
2026-09-15T12:24:49.8549943Z ++ default_dl .
2026-09-15T12:24:49.8550241Z ++ echo 'git-mini-clone "https://github.com/libass/libass.git" "3087d2b2ffda76602a17f9b09d25cb8addc8d313" "."'
2026-09-15T12:24:49.8552484Z + STG='git-mini-clone "https://github.com/libass/libass.git" "3087d2b2ffda76602a17f9b09d25cb8addc8d313" "."'
2026-09-15T12:24:49.8552785Z + [[ -z git-mini-clone "https://github.com/libass/libass.git" "3087d2b2ffda76602a17f9b09d25cb8addc8d313" "." ]]
2026-09-15T12:24:49.8557200Z ++ sha256sum
2026-09-15T12:24:49.8557658Z ++ cut '-d ' -f1
2026-09-15T12:24:49.8578514Z + DLHASH=eb0a72fee1bb9fe0003a273d115a36b08666ddc47934821affb006da826afdf2
2026-09-15T12:24:49.8578757Z + DLNAME=50-libass
2026-09-15T12:24:49.8579341Z + [[ hashonly == hashonly ]]
2026-09-15T12:24:49.8579801Z + echo eb0a72fee1bb9fe0003a273d115a36b08666ddc47934821affb006da826afdf2
2026-09-15T12:24:49.8579950Z + exit 0
2026-09-15T12:24:49.8580121Z + for STAGE in /stages/*.sh
2026-09-15T12:24:49.8580253Z + bash /stages/50-libbluray.sh
2026-09-15T12:24:49.8589232Z + shopt -s dotglob
2026-09-15T12:24:49.8589319Z + source /dl_functions.sh
2026-09-15T12:24:49.8592889Z + source /scripts.d/50-libbluray.sh
2026-09-15T12:24:49.8593145Z ++ SCRIPT_REPO=https://code.videolan.org/videolan/libbluray.git
2026-09-15T12:24:49.8593319Z ++ SCRIPT_COMMIT=065247e5ef40ccf39857db81e2c1368354a23ef8
2026-09-15T12:24:49.8593437Z ++ ffbuild_dockerdl
2026-09-15T12:24:49.8594386Z ++ default_dl .
2026-09-15T12:24:49.8595076Z ++ echo 'git-mini-clone "https://code.videolan.org/videolan/libbluray.git" "065247e5ef40ccf39857db81e2c1368354a23ef8" "."'
2026-09-15T12:24:49.8595639Z + STG='git-mini-clone "https://code.videolan.org/videolan/libbluray.git" "065247e5ef40ccf39857db81e2c1368354a23ef8" "."'
2026-09-15T12:24:49.8596098Z + [[ -z git-mini-clone "https://code.videolan.org/videolan/libbluray.git" "065247e5ef40ccf39857db81e2c1368354a23ef8" "." ]]
2026-09-15T12:24:49.8599028Z ++ sha256sum
2026-09-15T12:24:49.8600343Z ++ cut '-d ' -f1
2026-09-15T12:24:49.8620617Z + DLHASH=f1d8f0cf739b62e26267eeec08f3f9bfc61b1a524e8b108ddbf61ee7d639ca60
2026-09-15T12:24:49.8620811Z + DLNAME=50-libbluray
2026-09-15T12:24:49.8620910Z + [[ hashonly == hashonly ]]
2026-09-15T12:24:49.8621083Z + echo f1d8f0cf739b62e26267eeec08f3f9bfc61b1a524e8b108ddbf61ee7d639ca60
2026-09-15T12:24:49.8621201Z + exit 0
2026-09-15T12:24:49.8622228Z + for STAGE in /stages/*.sh
2026-09-15T12:24:49.8622398Z + bash /stages/50-libcurl.sh
2026-09-15T12:24:49.8631616Z + shopt -s dotglob
2026-09-15T12:24:49.8631760Z + source /dl_functions.sh
2026-09-15T12:24:49.8631899Z + source /scripts.d/50-libcurl.sh
2026-09-15T12:24:49.8633017Z ++ SCRIPT_REPO=https://github.com/curl/curl.git
2026-09-15T12:24:49.8633210Z ++ SCRIPT_COMMIT=1a17959fc7a80864c9c9b37097856bdb4a465cf8
2026-09-15T12:24:49.8635346Z ++ ffbuild_dockerdl
2026-09-15T12:24:49.8635460Z ++ default_dl .
2026-09-15T12:24:49.8637441Z ++ echo 'git-mini-clone "https://github.com/curl/curl.git" "1a17959fc7a80864c9c9b37097856bdb4a465cf8" "."'
2026-09-15T12:24:49.8637719Z + STG='git-mini-clone "https://github.com/curl/curl.git" "1a17959fc7a80864c9c9b37097856bdb4a465cf8" "."'
2026-09-15T12:24:49.8638152Z + [[ -z git-mini-clone "https://github.com/curl/curl.git" "1a17959fc7a80864c9c9b37097856bdb4a465cf8" "." ]]
2026-09-15T12:24:49.8648505Z ++ sha256sum
2026-09-15T12:24:49.8648870Z ++ cut '-d ' -f1
2026-09-15T12:24:49.8665318Z + DLHASH=045d84447a599a727f2e84fbc750e12a4a2003ac1d5d96ce442c47bdd5bad33a
2026-09-15T12:24:49.8665407Z + DLNAME=50-libcurl
2026-09-15T12:24:49.8665540Z + [[ hashonly == hashonly ]]
2026-09-15T12:24:49.8665834Z + echo 045d84447a599a727f2e84fbc750e12a4a2003ac1d5d96ce442c47bdd5bad33a
2026-09-15T12:24:49.8665918Z + exit 0
2026-09-15T12:24:49.8666524Z + for STAGE in /stages/*.sh
2026-09-15T12:24:49.8666945Z + bash /stages/50-libdvdnav.sh
2026-09-15T12:24:49.8676442Z + shopt -s dotglob
2026-09-15T12:24:49.8676578Z + source /dl_functions.sh
2026-09-15T12:24:49.8676792Z + source /scripts.d/50-dvd/50-libdvdnav.sh
2026-09-15T12:24:49.8677055Z ++ SCRIPT_REPO=https://code.videolan.org/videolan/libdvdnav.git
2026-09-15T12:24:49.8677212Z ++ SCRIPT_COMMIT=2ffc50b5c37a6ddc086829203fc44e95588198dd
2026-09-15T12:24:49.8680723Z ++ ffbuild_dockerdl
2026-09-15T12:24:49.8680814Z ++ default_dl .
2026-09-15T12:24:49.8681156Z ++ echo 'git-mini-clone "https://code.videolan.org/videolan/libdvdnav.git" "2ffc50b5c37a6ddc086829203fc44e95588198dd" "."'
2026-09-15T12:24:49.8683345Z + STG='git-mini-clone "https://code.videolan.org/videolan/libdvdnav.git" "2ffc50b5c37a6ddc086829203fc44e95588198dd" "."'
2026-09-15T12:24:49.8684011Z + [[ -z git-mini-clone "https://code.videolan.org/videolan/libdvdnav.git" "2ffc50b5c37a6ddc086829203fc44e95588198dd" "." ]]
2026-09-15T12:24:49.8687176Z ++ sha256sum
2026-09-15T12:24:49.8688223Z ++ cut '-d ' -f1
2026-09-15T12:24:49.8709306Z + DLHASH=b2d802a9d3c953740f05e04c01bb9764d1517818b7282160652586a93b9bbf5b
2026-09-15T12:24:49.8709419Z + DLNAME=50-libdvdnav
2026-09-15T12:24:49.8709538Z + [[ hashonly == hashonly ]]
2026-09-15T12:24:49.8709782Z + echo b2d802a9d3c953740f05e04c01bb9764d1517818b7282160652586a93b9bbf5b
2026-09-15T12:24:49.8709895Z + exit 0
2026-09-15T12:24:49.8710625Z + for STAGE in /stages/*.sh
2026-09-15T12:24:49.8710810Z + bash /stages/50-libjxl.sh
2026-09-15T12:24:49.8720936Z + shopt -s dotglob
2026-09-15T12:24:49.8721065Z + source /dl_functions.sh
2026-09-15T12:24:49.8721214Z + source /scripts.d/50-libjxl/50-libjxl.sh
2026-09-15T12:24:49.8721407Z ++ SCRIPT_REPO=https://github.com/libjxl/libjxl.git
2026-09-15T12:24:49.8721598Z ++ SCRIPT_COMMIT=d089091afeb7b00b3d0fec6f019d35eaa3b2b410
2026-09-15T12:24:49.8724650Z ++ ffbuild_dockerdl
2026-09-15T12:24:49.8724860Z ++ default_dl .
2026-09-15T12:24:49.8725644Z ++ echo 'git-mini-clone "https://github.com/libjxl/libjxl.git" "d089091afeb7b00b3d0fec6f019d35eaa3b2b410" "."'
2026-09-15T12:24:49.8726201Z ++ echo 'git submodule update --init --recursive --depth 1 --recommend-shallow third_party/highway'
2026-09-15T12:24:49.8727269Z + STG=$'git-mini-clone "https://github.com/libjxl/libjxl.git" "d089091afeb7b00b3d0fec6f019d35eaa3b2b410" "."\ngit submodule update --init --recursive --depth 1 --recommend-shallow third_party/highway'
2026-09-15T12:24:49.8727797Z + [[ -z git-mini-clone "https://github.com/libjxl/libjxl.git" "d089091afeb7b00b3d0fec6f019d35eaa3b2b410" "."
2026-09-15T12:24:49.8728405Z git submodule update --init --recursive --depth 1 --recommend-shallow third_party/highway ]]
2026-09-15T12:24:49.8733419Z ++ sha256sum
2026-09-15T12:24:49.8733623Z ++ cut '-d ' -f1
2026-09-15T12:24:49.8754217Z + DLHASH=d3647c8fb1cbd9d0180d65e147860283132056b94f1ef29aadfcf41e32e7c3d9
2026-09-15T12:24:49.8754354Z + DLNAME=50-libjxl
2026-09-15T12:24:49.8754543Z + [[ hashonly == hashonly ]]
2026-09-15T12:24:49.8754821Z + echo d3647c8fb1cbd9d0180d65e147860283132056b94f1ef29aadfcf41e32e7c3d9
2026-09-15T12:24:49.8754944Z + exit 0
2026-09-15T12:24:49.8755744Z + for STAGE in /stages/*.sh
2026-09-15T12:24:49.8755878Z + bash /stages/50-libmp3lame.sh
2026-09-15T12:24:49.8765555Z + shopt -s dotglob
2026-09-15T12:24:49.8765671Z + source /dl_functions.sh
2026-09-15T12:24:49.8767732Z + source /scripts.d/50-libmp3lame.sh
2026-09-15T12:24:49.8768198Z ++ SCRIPT_REPO=https://svn.code.sf.net/p/lame/svn/trunk/lame
2026-09-15T12:24:49.8768321Z ++ SCRIPT_REV=6761
2026-09-15T12:24:49.8769739Z ++ ffbuild_dockerdl
2026-09-15T12:24:49.8770286Z ++ echo 'retry-tool sh -c "rm -rf lame && svn checkout '\''https://svn.code.sf.net/p/lame/svn/trunk/lame@6761'\'' lame" && cd lame'
2026-09-15T12:24:49.8770391Z ++ echo 'autoreconf -i'
2026-09-15T12:24:49.8772139Z + STG=$'retry-tool sh -c "rm -rf lame && svn checkout \'https://svn.code.sf.net/p/lame/svn/trunk/lame@6761\' lame" && cd lame\nautoreconf -i'
2026-09-15T12:24:49.8772449Z + [[ -z retry-tool sh -c "rm -rf lame && svn checkout 'https://svn.code.sf.net/p/lame/svn/trunk/lame@6761' lame" && cd lame
2026-09-15T12:24:49.8772524Z autoreconf -i ]]
2026-09-15T12:24:49.8775817Z ++ sha256sum
2026-09-15T12:24:49.8777504Z ++ cut '-d ' -f1
2026-09-15T12:24:49.8799055Z + DLHASH=f2f7446b57b288ce67fc1343304ab42c69083e24cf9e6a16d47c5f511b43e248
2026-09-15T12:24:49.8799203Z + DLNAME=50-libmp3lame
2026-09-15T12:24:49.8799350Z + [[ hashonly == hashonly ]]
2026-09-15T12:24:49.8799623Z + echo f2f7446b57b288ce67fc1343304ab42c69083e24cf9e6a16d47c5f511b43e248
2026-09-15T12:24:49.8799749Z + exit 0
2026-09-15T12:24:49.8800748Z + for STAGE in /stages/*.sh
2026-09-15T12:24:49.8800956Z + bash /stages/50-libopus.sh
2026-09-15T12:24:49.8810585Z + shopt -s dotglob
2026-09-15T12:24:49.8810818Z + source /dl_functions.sh
2026-09-15T12:24:49.8810959Z + source /scripts.d/50-libopus.sh
2026-09-15T12:24:49.8811301Z ++ SCRIPT_REPO=https://github.com/xiph/opus.git
2026-09-15T12:24:49.8811491Z ++ SCRIPT_COMMIT=3da9f7a6db1c05c3996cb363a9d1931a978bf1be
2026-09-15T12:24:49.8814122Z ++ ffbuild_dockerdl
2026-09-15T12:24:49.8814238Z ++ default_dl .
2026-09-15T12:24:49.8814643Z ++ echo 'git-mini-clone "https://github.com/xiph/opus.git" "3da9f7a6db1c05c3996cb363a9d1931a978bf1be" "."'
2026-09-15T12:24:49.8814750Z ++ echo ./autogen.sh
2026-09-15T12:24:49.8816109Z + STG=$'git-mini-clone "https://github.com/xiph/opus.git" "3da9f7a6db1c05c3996cb363a9d1931a978bf1be" "."\n./autogen.sh'
2026-09-15T12:24:49.8816474Z + [[ -z git-mini-clone "https://github.com/xiph/opus.git" "3da9f7a6db1c05c3996cb363a9d1931a978bf1be" "."
2026-09-15T12:24:49.8816555Z ./autogen.sh ]]
2026-09-15T12:24:49.8820495Z ++ sha256sum
2026-09-15T12:24:49.8820629Z ++ cut '-d ' -f1
2026-09-15T12:24:49.8843622Z + DLHASH=d5d6bff35ed4cca25b341844c0f89c9f98b625b904750bdd960722ea107e9a60
2026-09-15T12:24:49.8843774Z + DLNAME=50-libopus
2026-09-15T12:24:49.8843959Z + [[ hashonly == hashonly ]]
2026-09-15T12:24:49.8844572Z + echo d5d6bff35ed4cca25b341844c0f89c9f98b625b904750bdd960722ea107e9a60
2026-09-15T12:24:49.8844939Z + exit 0
2026-09-15T12:24:49.8845052Z + for STAGE in /stages/*.sh
2026-09-15T12:24:49.8845136Z + bash /stages/50-libplacebo.sh
2026-09-15T12:24:49.8853831Z + shopt -s dotglob
2026-09-15T12:24:49.8853947Z + source /dl_functions.sh
2026-09-15T12:24:49.8854132Z + source /scripts.d/50-libplacebo.sh
2026-09-15T12:24:49.8856446Z ++ SCRIPT_REPO=https://code.videolan.org/videolan/libplacebo.git
2026-09-15T12:24:49.8856641Z ++ SCRIPT_COMMIT=22ee762e8e0890fc54068beb670310f0edce7263
2026-09-15T12:24:49.8857486Z ++ ffbuild_dockerdl
2026-09-15T12:24:49.8857600Z ++ default_dl .
2026-09-15T12:24:49.8858172Z ++ echo 'git-mini-clone "https://code.videolan.org/videolan/libplacebo.git" "22ee762e8e0890fc54068beb670310f0edce7263" "."'
2026-09-15T12:24:49.8859277Z ++ echo 'git submodule update --init --recursive --depth=1 --filter=blob:none'
2026-09-15T12:24:49.8861282Z + STG=$'git-mini-clone "https://code.videolan.org/videolan/libplacebo.git" "22ee762e8e0890fc54068beb670310f0edce7263" "."\ngit submodule update --init --recursive --depth=1 --filter=blob:none'
2026-09-15T12:24:49.8861655Z + [[ -z git-mini-clone "https://code.videolan.org/videolan/libplacebo.git" "22ee762e8e0890fc54068beb670310f0edce7263" "."
2026-09-15T12:24:49.8861816Z git submodule update --init --recursive --depth=1 --filter=blob:none ]]
2026-09-15T12:24:49.8865047Z ++ sha256sum
2026-09-15T12:24:49.8865443Z ++ cut '-d ' -f1
2026-09-15T12:24:49.8886605Z + DLHASH=f8a8cad5ba86c94e40a07e9f5d43a53f07329c10df7918b410f47ebc2969ef0e
2026-09-15T12:24:49.8886937Z + DLNAME=50-libplacebo
2026-09-15T12:24:49.8887191Z + [[ hashonly == hashonly ]]
2026-09-15T12:24:49.8888561Z + echo f8a8cad5ba86c94e40a07e9f5d43a53f07329c10df7918b410f47ebc2969ef0e
2026-09-15T12:24:49.8888685Z + exit 0
2026-09-15T12:24:49.8888809Z + for STAGE in /stages/*.sh
2026-09-15T12:24:49.8888928Z + bash /stages/50-librist.sh
2026-09-15T12:24:49.8898392Z + shopt -s dotglob
2026-09-15T12:24:49.8898572Z + source /dl_functions.sh
2026-09-15T12:24:49.8898872Z + source /scripts.d/50-librist/50-librist.sh
2026-09-15T12:24:49.8900939Z ++ SCRIPT_REPO=https://code.videolan.org/rist/librist.git
2026-09-15T12:24:49.8901459Z ++ SCRIPT_COMMIT=4f45ef8f78983892d52ccd52d9f675435b23738f
2026-09-15T12:24:49.8902013Z ++ ffbuild_dockerdl
2026-09-15T12:24:49.8902575Z ++ default_dl .
2026-09-15T12:24:49.8903158Z ++ echo 'git-mini-clone "https://code.videolan.org/rist/librist.git" "4f45ef8f78983892d52ccd52d9f675435b23738f" "."'
2026-09-15T12:24:49.8905899Z + STG='git-mini-clone "https://code.videolan.org/rist/librist.git" "4f45ef8f78983892d52ccd52d9f675435b23738f" "."'
2026-09-15T12:24:49.8906313Z + [[ -z git-mini-clone "https://code.videolan.org/rist/librist.git" "4f45ef8f78983892d52ccd52d9f675435b23738f" "." ]]
2026-09-15T12:24:49.8910722Z ++ sha256sum
2026-09-15T12:24:49.8910840Z ++ cut '-d ' -f1
2026-09-15T12:24:49.8933271Z + DLHASH=c44a5e59d58d44b672c8df850ae76b4ad372ebab3a4a63a003ac35d45aa9d1a2
2026-09-15T12:24:49.8933408Z + DLNAME=50-librist
2026-09-15T12:24:49.8933525Z + [[ hashonly == hashonly ]]
2026-09-15T12:24:49.8933700Z + echo c44a5e59d58d44b672c8df850ae76b4ad372ebab3a4a63a003ac35d45aa9d1a2
2026-09-15T12:24:49.8933770Z + exit 0
2026-09-15T12:24:49.8934856Z + for STAGE in /stages/*.sh
2026-09-15T12:24:49.8934982Z + bash /stages/50-libssh.sh
2026-09-15T12:24:49.8944093Z + shopt -s dotglob
2026-09-15T12:24:49.8944224Z + source /dl_functions.sh
2026-09-15T12:24:49.8944429Z + source /scripts.d/50-libssh.sh
2026-09-15T12:24:49.8944654Z ++ SCRIPT_REPO=https://gitlab.com/libssh/libssh-mirror.git
2026-09-15T12:24:49.8944846Z ++ SCRIPT_COMMIT=1dc52926c54b59ea7a3350a59a476bb76da3ff33
2026-09-15T12:24:49.8947687Z ++ ffbuild_dockerdl
2026-09-15T12:24:49.8948010Z ++ default_dl .
2026-09-15T12:24:49.8948456Z ++ echo 'git-mini-clone "https://gitlab.com/libssh/libssh-mirror.git" "1dc52926c54b59ea7a3350a59a476bb76da3ff33" "."'
2026-09-15T12:24:49.8950284Z + STG='git-mini-clone "https://gitlab.com/libssh/libssh-mirror.git" "1dc52926c54b59ea7a3350a59a476bb76da3ff33" "."'
2026-09-15T12:24:49.8950955Z + [[ -z git-mini-clone "https://gitlab.com/libssh/libssh-mirror.git" "1dc52926c54b59ea7a3350a59a476bb76da3ff33" "." ]]
2026-09-15T12:24:49.8955300Z ++ sha256sum
2026-09-15T12:24:49.8956101Z ++ cut '-d ' -f1
2026-09-15T12:24:49.8976989Z + DLHASH=4eaec4486b9a325624c84dc08381575f89816f8c201bc671e892acafaef521bf
2026-09-15T12:24:49.8977196Z + DLNAME=50-libssh
2026-09-15T12:24:49.8977336Z + [[ hashonly == hashonly ]]
2026-09-15T12:24:49.8977630Z + echo 4eaec4486b9a325624c84dc08381575f89816f8c201bc671e892acafaef521bf
2026-09-15T12:24:49.8977947Z + exit 0
2026-09-15T12:24:49.8980050Z + for STAGE in /stages/*.sh
2026-09-15T12:24:49.8980169Z + bash /stages/50-libtheora.sh
2026-09-15T12:24:49.8987033Z + shopt -s dotglob
2026-09-15T12:24:49.8987520Z + source /dl_functions.sh
2026-09-15T12:24:49.8987677Z + source /scripts.d/50-libtheora.sh
2026-09-15T12:24:49.8987978Z ++ SCRIPT_REPO=https://github.com/xiph/theora.git
2026-09-15T12:24:49.8988159Z ++ SCRIPT_COMMIT=28fd5ec77f0ad0e07a371cef1047828116f6bd8a
2026-09-15T12:24:49.8991719Z ++ ffbuild_dockerdl
2026-09-15T12:24:49.8991901Z ++ default_dl .
2026-09-15T12:24:49.8992308Z ++ echo 'git-mini-clone "https://github.com/xiph/theora.git" "28fd5ec77f0ad0e07a371cef1047828116f6bd8a" "."'
2026-09-15T12:24:49.8993771Z + STG='git-mini-clone "https://github.com/xiph/theora.git" "28fd5ec77f0ad0e07a371cef1047828116f6bd8a" "."'
2026-09-15T12:24:49.8994329Z + [[ -z git-mini-clone "https://github.com/xiph/theora.git" "28fd5ec77f0ad0e07a371cef1047828116f6bd8a" "." ]]
2026-09-15T12:24:49.8998334Z ++ sha256sum
2026-09-15T12:24:49.9008411Z ++ cut '-d ' -f1
2026-09-15T12:24:49.9020086Z + DLHASH=c5b1505081f2493a61c94a64ef8eef6de9b851447fab834bd5f9b6e35ee1d008
2026-09-15T12:24:49.9020318Z + DLNAME=50-libtheora
2026-09-15T12:24:49.9020872Z + [[ hashonly == hashonly ]]
2026-09-15T12:24:49.9021263Z + echo c5b1505081f2493a61c94a64ef8eef6de9b851447fab834bd5f9b6e35ee1d008
2026-09-15T12:24:49.9021533Z + exit 0
2026-09-15T12:24:49.9021859Z + for STAGE in /stages/*.sh
2026-09-15T12:24:49.9022357Z + bash /stages/50-libva.sh
2026-09-15T12:24:49.9031771Z + shopt -s dotglob
2026-09-15T12:24:49.9031872Z + source /dl_functions.sh
2026-09-15T12:24:49.9032064Z + source /scripts.d/50-vaapi/50-libva.sh
2026-09-15T12:24:49.9032241Z ++ SCRIPT_REPO=https://github.com/intel/libva.git
2026-09-15T12:24:49.9032393Z ++ SCRIPT_COMMIT=6b07f7100512817f736967e899b8c26313c20623
2026-09-15T12:24:49.9036018Z ++ ffbuild_dockerdl
2026-09-15T12:24:49.9036129Z ++ default_dl .
2026-09-15T12:24:49.9036513Z ++ echo 'git-mini-clone "https://github.com/intel/libva.git" "6b07f7100512817f736967e899b8c26313c20623" "."'
2026-09-15T12:24:49.9038393Z + STG='git-mini-clone "https://github.com/intel/libva.git" "6b07f7100512817f736967e899b8c26313c20623" "."'
2026-09-15T12:24:49.9038705Z + [[ -z git-mini-clone "https://github.com/intel/libva.git" "6b07f7100512817f736967e899b8c26313c20623" "." ]]
2026-09-15T12:24:49.9043309Z ++ sha256sum
2026-09-15T12:24:49.9050107Z ++ cut '-d ' -f1
2026-09-15T12:24:49.9065633Z + DLHASH=2bc55ab7571e4ab9d59dc473d3dfaebb2cbc6caca5da95e1e680eaae56e62d03
2026-09-15T12:24:49.9065759Z + DLNAME=50-libva
2026-09-15T12:24:49.9065868Z + [[ hashonly == hashonly ]]
2026-09-15T12:24:49.9066146Z + echo 2bc55ab7571e4ab9d59dc473d3dfaebb2cbc6caca5da95e1e680eaae56e62d03
2026-09-15T12:24:49.9066223Z + exit 0
2026-09-15T12:24:49.9066840Z + for STAGE in /stages/*.sh
2026-09-15T12:24:49.9066998Z + bash /stages/50-libvpx.sh
2026-09-15T12:24:49.9077209Z + shopt -s dotglob
2026-09-15T12:24:49.9077363Z + source /dl_functions.sh
2026-09-15T12:24:49.9080607Z + source /scripts.d/50-libvpx.sh
2026-09-15T12:24:49.9080854Z ++ SCRIPT_REPO=https://chromium.googlesource.com/webm/libvpx
2026-09-15T12:24:49.9081040Z ++ SCRIPT_COMMIT=9cc8e1c18024d6b64422ecb7fdd7a43c8e873908
2026-09-15T12:24:49.9084492Z ++ ffbuild_dockerdl
2026-09-15T12:24:49.9084604Z ++ default_dl .
2026-09-15T12:24:49.9085186Z ++ echo 'git-mini-clone "https://chromium.googlesource.com/webm/libvpx" "9cc8e1c18024d6b64422ecb7fdd7a43c8e873908" "."'
2026-09-15T12:24:49.9085629Z + STG='git-mini-clone "https://chromium.googlesource.com/webm/libvpx" "9cc8e1c18024d6b64422ecb7fdd7a43c8e873908" "."'
2026-09-15T12:24:49.9086262Z + [[ -z git-mini-clone "https://chromium.googlesource.com/webm/libvpx" "9cc8e1c18024d6b64422ecb7fdd7a43c8e873908" "." ]]
2026-09-15T12:24:49.9086653Z ++ sha256sum
2026-09-15T12:24:49.9088374Z ++ cut '-d ' -f1
2026-09-15T12:24:49.9108977Z + DLHASH=e1d9ee3f918e52bb06f3858a94d08f885b37db2fcfb791247d6b24f1e6c4f3fd
2026-09-15T12:24:49.9109083Z + DLNAME=50-libvpx
2026-09-15T12:24:49.9109201Z + [[ hashonly == hashonly ]]
2026-09-15T12:24:49.9109451Z + echo e1d9ee3f918e52bb06f3858a94d08f885b37db2fcfb791247d6b24f1e6c4f3fd
2026-09-15T12:24:49.9109618Z + exit 0
2026-09-15T12:24:49.9111552Z + for STAGE in /stages/*.sh
2026-09-15T12:24:49.9111716Z + bash /stages/50-libwebp.sh
2026-09-15T12:24:49.9120878Z + shopt -s dotglob
2026-09-15T12:24:49.9121006Z + source /dl_functions.sh
2026-09-15T12:24:49.9121226Z + source /scripts.d/50-libwebp.sh
2026-09-15T12:24:49.9121465Z ++ SCRIPT_REPO=https://chromium.googlesource.com/webm/libwebp
2026-09-15T12:24:49.9121657Z ++ SCRIPT_COMMIT=ba8358578ecbc4c75f0723163275de00dec0c704
2026-09-15T12:24:49.9124185Z ++ ffbuild_dockerdl
2026-09-15T12:24:49.9124291Z ++ default_dl .
2026-09-15T12:24:49.9124847Z ++ echo 'git-mini-clone "https://chromium.googlesource.com/webm/libwebp" "ba8358578ecbc4c75f0723163275de00dec0c704" "."'
2026-09-15T12:24:49.9126713Z + STG='git-mini-clone "https://chromium.googlesource.com/webm/libwebp" "ba8358578ecbc4c75f0723163275de00dec0c704" "."'
2026-09-15T12:24:49.9127175Z + [[ -z git-mini-clone "https://chromium.googlesource.com/webm/libwebp" "ba8358578ecbc4c75f0723163275de00dec0c704" "." ]]
2026-09-15T12:24:49.9130656Z ++ sha256sum
2026-09-15T12:24:49.9131795Z ++ cut '-d ' -f1
2026-09-15T12:24:49.9153636Z + DLHASH=217ee867d83c944da9171546b230ff0c4026fc894b9a55682487dea9e70c92b1
2026-09-15T12:24:49.9153727Z + DLNAME=50-libwebp
2026-09-15T12:24:49.9153813Z + [[ hashonly == hashonly ]]
2026-09-15T12:24:49.9154072Z + echo 217ee867d83c944da9171546b230ff0c4026fc894b9a55682487dea9e70c92b1
2026-09-15T12:24:49.9154172Z + exit 0
2026-09-15T12:24:49.9155475Z + for STAGE in /stages/*.sh
2026-09-15T12:24:49.9155596Z + bash /stages/50-libxext.sh
2026-09-15T12:24:49.9164833Z + shopt -s dotglob
2026-09-15T12:24:49.9165071Z + source /dl_functions.sh
2026-09-15T12:24:49.9165209Z + source /scripts.d/45-x11/50-libxext.sh
2026-09-15T12:24:49.9165438Z ++ SCRIPT_REPO=https://gitlab.freedesktop.org/xorg/lib/libxext.git
2026-09-15T12:24:49.9165619Z ++ SCRIPT_COMMIT=2a694ba264ccdb205909909abfe8b136f9156ebe
2026-09-15T12:24:49.9168722Z ++ ffbuild_dockerdl
2026-09-15T12:24:49.9168829Z ++ default_dl .
2026-09-15T12:24:49.9169300Z ++ echo 'git-mini-clone "https://gitlab.freedesktop.org/xorg/lib/libxext.git" "2a694ba264ccdb205909909abfe8b136f9156ebe" "."'
2026-09-15T12:24:49.9170899Z + STG='git-mini-clone "https://gitlab.freedesktop.org/xorg/lib/libxext.git" "2a694ba264ccdb205909909abfe8b136f9156ebe" "."'
2026-09-15T12:24:49.9171295Z + [[ -z git-mini-clone "https://gitlab.freedesktop.org/xorg/lib/libxext.git" "2a694ba264ccdb205909909abfe8b136f9156ebe" "." ]]
2026-09-15T12:24:49.9176534Z ++ sha256sum
2026-09-15T12:24:49.9176929Z ++ cut '-d ' -f1
2026-09-15T12:24:49.9196261Z + DLHASH=7a34fd4eccf5c92fa1873189fb11045fae39876d1600c65a436f32a13a47f912
2026-09-15T12:24:49.9196347Z + DLNAME=50-libxext
2026-09-15T12:24:49.9196425Z + [[ hashonly == hashonly ]]
2026-09-15T12:24:49.9196596Z + echo 7a34fd4eccf5c92fa1873189fb11045fae39876d1600c65a436f32a13a47f912
2026-09-15T12:24:49.9196662Z + exit 0
2026-09-15T12:24:49.9198129Z + for STAGE in /stages/*.sh
2026-09-15T12:24:49.9198349Z + bash /stages/50-libxfixes.sh
2026-09-15T12:24:49.9207379Z + shopt -s dotglob
2026-09-15T12:24:49.9207528Z + source /dl_functions.sh
2026-09-15T12:24:49.9207725Z + source /scripts.d/45-x11/50-libxfixes.sh
2026-09-15T12:24:49.9208138Z ++ SCRIPT_REPO=https://gitlab.freedesktop.org/xorg/lib/libxfixes.git
2026-09-15T12:24:49.9208366Z ++ SCRIPT_COMMIT=55bb2d1d57d43e0595ce45393f26eb433d75a7cc
2026-09-15T12:24:49.9211018Z ++ ffbuild_dockerdl
2026-09-15T12:24:49.9211127Z ++ default_dl .
2026-09-15T12:24:49.9211625Z ++ echo 'git-mini-clone "https://gitlab.freedesktop.org/xorg/lib/libxfixes.git" "55bb2d1d57d43e0595ce45393f26eb433d75a7cc" "."'
2026-09-15T12:24:49.9213142Z + STG='git-mini-clone "https://gitlab.freedesktop.org/xorg/lib/libxfixes.git" "55bb2d1d57d43e0595ce45393f26eb433d75a7cc" "."'
2026-09-15T12:24:49.9213629Z + [[ -z git-mini-clone "https://gitlab.freedesktop.org/xorg/lib/libxfixes.git" "55bb2d1d57d43e0595ce45393f26eb433d75a7cc" "." ]]
2026-09-15T12:24:49.9216680Z ++ sha256sum
2026-09-15T12:24:49.9218522Z ++ cut '-d ' -f1
2026-09-15T12:24:49.9239021Z + DLHASH=b0399b879cf10da97be556a7d224dc7e04f3caad8b63a46fcc683e8507fb1495
2026-09-15T12:24:49.9239144Z + DLNAME=50-libxfixes
2026-09-15T12:24:49.9239253Z + [[ hashonly == hashonly ]]
2026-09-15T12:24:49.9239523Z + echo b0399b879cf10da97be556a7d224dc7e04f3caad8b63a46fcc683e8507fb1495
2026-09-15T12:24:49.9240594Z + exit 0
2026-09-15T12:24:49.9241307Z + for STAGE in /stages/*.sh
2026-09-15T12:24:49.9241494Z + bash /stages/50-libxi.sh
2026-09-15T12:24:49.9251972Z + shopt -s dotglob
2026-09-15T12:24:49.9252104Z + source /dl_functions.sh
2026-09-15T12:24:49.9252230Z + source /scripts.d/45-x11/50-libxi.sh
2026-09-15T12:24:49.9252468Z ++ SCRIPT_REPO=https://gitlab.freedesktop.org/xorg/lib/libxi.git
2026-09-15T12:24:49.9252652Z ++ SCRIPT_COMMIT=f00f7e9140b4707775331950dd67851e55058c40
2026-09-15T12:24:49.9255224Z ++ ffbuild_dockerdl
2026-09-15T12:24:49.9255533Z ++ default_dl .
2026-09-15T12:24:49.9256087Z ++ echo 'git-mini-clone "https://gitlab.freedesktop.org/xorg/lib/libxi.git" "f00f7e9140b4707775331950dd67851e55058c40" "."'
2026-09-15T12:24:49.9258174Z + STG='git-mini-clone "https://gitlab.freedesktop.org/xorg/lib/libxi.git" "f00f7e9140b4707775331950dd67851e55058c40" "."'
2026-09-15T12:24:49.9258559Z + [[ -z git-mini-clone "https://gitlab.freedesktop.org/xorg/lib/libxi.git" "f00f7e9140b4707775331950dd67851e55058c40" "." ]]
2026-09-15T12:24:49.9261864Z ++ sha256sum
2026-09-15T12:24:49.9263514Z ++ cut '-d ' -f1
2026-09-15T12:24:49.9283976Z + DLHASH=a1edf30e31ce9cc9e27eb1dae07bde7eb49ccf6892c4d3ad5482fbb4b184e345
2026-09-15T12:24:49.9284100Z + DLNAME=50-libxi
2026-09-15T12:24:49.9284215Z + [[ hashonly == hashonly ]]
2026-09-15T12:24:49.9284480Z + echo a1edf30e31ce9cc9e27eb1dae07bde7eb49ccf6892c4d3ad5482fbb4b184e345
2026-09-15T12:24:49.9284579Z + exit 0
2026-09-15T12:24:49.9286021Z + for STAGE in /stages/*.sh
2026-09-15T12:24:49.9286114Z + bash /stages/50-libxinerama.sh
2026-09-15T12:24:49.9294891Z + shopt -s dotglob
2026-09-15T12:24:49.9295334Z + source /dl_functions.sh
2026-09-15T12:24:49.9295485Z + source /scripts.d/45-x11/50-libxinerama.sh
2026-09-15T12:24:49.9295742Z ++ SCRIPT_REPO=https://gitlab.freedesktop.org/xorg/lib/libxinerama.git
2026-09-15T12:24:49.9295914Z ++ SCRIPT_COMMIT=d7162b962710bc724b41cabab4e7cea303c4b541
2026-09-15T12:24:49.9298442Z ++ ffbuild_dockerdl
2026-09-15T12:24:49.9298765Z ++ default_dl .
2026-09-15T12:24:49.9299268Z ++ echo 'git-mini-clone "https://gitlab.freedesktop.org/xorg/lib/libxinerama.git" "d7162b962710bc724b41cabab4e7cea303c4b541" "."'
2026-09-15T12:24:49.9300940Z + STG='git-mini-clone "https://gitlab.freedesktop.org/xorg/lib/libxinerama.git" "d7162b962710bc724b41cabab4e7cea303c4b541" "."'
2026-09-15T12:24:49.9301445Z + [[ -z git-mini-clone "https://gitlab.freedesktop.org/xorg/lib/libxinerama.git" "d7162b962710bc724b41cabab4e7cea303c4b541" "." ]]
2026-09-15T12:24:49.9305524Z ++ sha256sum
2026-09-15T12:24:49.9305836Z ++ cut '-d ' -f1
2026-09-15T12:24:49.9326185Z + DLHASH=ba0cdf4b001e4bcb597ff1724ca04a818f15665b64bf9241c52047031c063f79
2026-09-15T12:24:49.9326394Z + DLNAME=50-libxinerama
2026-09-15T12:24:49.9326510Z + [[ hashonly == hashonly ]]
2026-09-15T12:24:49.9326754Z + echo ba0cdf4b001e4bcb597ff1724ca04a818f15665b64bf9241c52047031c063f79
2026-09-15T12:24:49.9326819Z + exit 0
2026-09-15T12:24:49.9328993Z + for STAGE in /stages/*.sh
2026-09-15T12:24:49.9329141Z + bash /stages/50-libxrender.sh
2026-09-15T12:24:49.9338114Z + shopt -s dotglob
2026-09-15T12:24:49.9338353Z + source /dl_functions.sh
2026-09-15T12:24:49.9338455Z + source /scripts.d/45-x11/50-libxrender.sh
2026-09-15T12:24:49.9338628Z ++ SCRIPT_REPO=https://gitlab.freedesktop.org/xorg/lib/libxrender.git
2026-09-15T12:24:49.9338768Z ++ SCRIPT_COMMIT=f32afe9f877ae032c6bc9c27b17b7978b1b4c856
2026-09-15T12:24:49.9340929Z ++ ffbuild_dockerdl
2026-09-15T12:24:49.9341006Z ++ default_dl .
2026-09-15T12:24:49.9342965Z ++ echo 'git-mini-clone "https://gitlab.freedesktop.org/xorg/lib/libxrender.git" "f32afe9f877ae032c6bc9c27b17b7978b1b4c856" "."'
2026-09-15T12:24:49.9343371Z + STG='git-mini-clone "https://gitlab.freedesktop.org/xorg/lib/libxrender.git" "f32afe9f877ae032c6bc9c27b17b7978b1b4c856" "."'
2026-09-15T12:24:49.9343743Z + [[ -z git-mini-clone "https://gitlab.freedesktop.org/xorg/lib/libxrender.git" "f32afe9f877ae032c6bc9c27b17b7978b1b4c856" "." ]]
2026-09-15T12:24:49.9348577Z ++ sha256sum
2026-09-15T12:24:49.9349013Z ++ cut '-d ' -f1
2026-09-15T12:24:49.9372292Z + DLHASH=7d6e7a256b86772c0becc40b1a7b8e980f33a155dd1ae4266480c05406712bf6
2026-09-15T12:24:49.9372435Z + DLNAME=50-libxrender
2026-09-15T12:24:49.9372554Z + [[ hashonly == hashonly ]]
2026-09-15T12:24:49.9372809Z + echo 7d6e7a256b86772c0becc40b1a7b8e980f33a155dd1ae4266480c05406712bf6
2026-09-15T12:24:49.9373892Z + exit 0
2026-09-15T12:24:49.9374777Z + for STAGE in /stages/*.sh
2026-09-15T12:24:49.9376611Z + bash /stages/50-libxscrnsaver.sh
2026-09-15T12:24:49.9385581Z + shopt -s dotglob
2026-09-15T12:24:49.9385724Z + source /dl_functions.sh
2026-09-15T12:24:49.9385886Z + source /scripts.d/45-x11/50-libxscrnsaver.sh
2026-09-15T12:24:49.9386148Z ++ SCRIPT_REPO=https://gitlab.freedesktop.org/xorg/lib/libxscrnsaver.git
2026-09-15T12:24:49.9386336Z ++ SCRIPT_COMMIT=3f753e7a4050db083474444ae91cc17a849eaa4d
2026-09-15T12:24:49.9388928Z ++ ffbuild_dockerdl
2026-09-15T12:24:49.9389037Z ++ default_dl .
2026-09-15T12:24:49.9389556Z ++ echo 'git-mini-clone "https://gitlab.freedesktop.org/xorg/lib/libxscrnsaver.git" "3f753e7a4050db083474444ae91cc17a849eaa4d" "."'
2026-09-15T12:24:49.9391188Z + STG='git-mini-clone "https://gitlab.freedesktop.org/xorg/lib/libxscrnsaver.git" "3f753e7a4050db083474444ae91cc17a849eaa4d" "."'
2026-09-15T12:24:49.9393351Z + [[ -z git-mini-clone "https://gitlab.freedesktop.org/xorg/lib/libxscrnsaver.git" "3f753e7a4050db083474444ae91cc17a849eaa4d" "." ]]
2026-09-15T12:24:49.9396580Z ++ sha256sum
2026-09-15T12:24:49.9396811Z ++ cut '-d ' -f1
2026-09-15T12:24:49.9417426Z + DLHASH=5c9dcd646e93ff51cbd135d4e0985d88853f250ce626ab0889723b8bee770e3d
2026-09-15T12:24:49.9417665Z + DLNAME=50-libxscrnsaver
2026-09-15T12:24:49.9417774Z + [[ hashonly == hashonly ]]
2026-09-15T12:24:49.9418254Z + echo 5c9dcd646e93ff51cbd135d4e0985d88853f250ce626ab0889723b8bee770e3d
2026-09-15T12:24:49.9418368Z + exit 0
2026-09-15T12:24:49.9419594Z + for STAGE in /stages/*.sh
2026-09-15T12:24:49.9419776Z + bash /stages/50-libxxf86vm.sh
2026-09-15T12:24:49.9429904Z + shopt -s dotglob
2026-09-15T12:24:49.9430037Z + source /dl_functions.sh
2026-09-15T12:24:49.9430180Z + source /scripts.d/45-x11/50-libxxf86vm.sh
2026-09-15T12:24:49.9431763Z ++ SCRIPT_REPO=https://gitlab.freedesktop.org/xorg/lib/libxxf86vm.git
2026-09-15T12:24:49.9431896Z ++ SCRIPT_COMMIT=c76fde6bffcc87e5dd98d8196bb01a299bdc3236
2026-09-15T12:24:49.9433345Z ++ ffbuild_dockerdl
2026-09-15T12:24:49.9433460Z ++ default_dl .
2026-09-15T12:24:49.9434102Z ++ echo 'git-mini-clone "https://gitlab.freedesktop.org/xorg/lib/libxxf86vm.git" "c76fde6bffcc87e5dd98d8196bb01a299bdc3236" "."'
2026-09-15T12:24:49.9436477Z + STG='git-mini-clone "https://gitlab.freedesktop.org/xorg/lib/libxxf86vm.git" "c76fde6bffcc87e5dd98d8196bb01a299bdc3236" "."'
2026-09-15T12:24:49.9436982Z + [[ -z git-mini-clone "https://gitlab.freedesktop.org/xorg/lib/libxxf86vm.git" "c76fde6bffcc87e5dd98d8196bb01a299bdc3236" "." ]]
2026-09-15T12:24:49.9439425Z ++ sha256sum
2026-09-15T12:24:49.9441059Z ++ cut '-d ' -f1
2026-09-15T12:24:49.9461563Z + DLHASH=03e86e2ea8e466bee1b235888c6ce6a6239689b2dd3d8f1f2a8c2f1ce5abdadc
2026-09-15T12:24:49.9461962Z + DLNAME=50-libxxf86vm
2026-09-15T12:24:49.9462048Z + [[ hashonly == hashonly ]]
2026-09-15T12:24:49.9462327Z + echo 03e86e2ea8e466bee1b235888c6ce6a6239689b2dd3d8f1f2a8c2f1ce5abdadc
2026-09-15T12:24:49.9462431Z + exit 0
2026-09-15T12:24:49.9463233Z + for STAGE in /stages/*.sh
2026-09-15T12:24:49.9463372Z + bash /stages/50-libzmq.sh
2026-09-15T12:24:49.9473987Z + shopt -s dotglob
2026-09-15T12:24:49.9474120Z + source /dl_functions.sh
2026-09-15T12:24:49.9474251Z + source /scripts.d/50-libzmq.sh
2026-09-15T12:24:49.9474434Z ++ SCRIPT_REPO=https://github.com/zeromq/libzmq.git
2026-09-15T12:24:49.9474620Z ++ SCRIPT_COMMIT=46493370217ac135246617fa2f6ac819d8b61bfc
2026-09-15T12:24:49.9476965Z ++ ffbuild_dockerdl
2026-09-15T12:24:49.9477039Z ++ default_dl .
2026-09-15T12:24:49.9477386Z ++ echo 'git-mini-clone "https://github.com/zeromq/libzmq.git" "46493370217ac135246617fa2f6ac819d8b61bfc" "."'
2026-09-15T12:24:49.9479250Z + STG='git-mini-clone "https://github.com/zeromq/libzmq.git" "46493370217ac135246617fa2f6ac819d8b61bfc" "."'
2026-09-15T12:24:49.9479622Z + [[ -z git-mini-clone "https://github.com/zeromq/libzmq.git" "46493370217ac135246617fa2f6ac819d8b61bfc" "." ]]
2026-09-15T12:24:49.9483763Z ++ sha256sum
2026-09-15T12:24:49.9489673Z ++ cut '-d ' -f1
2026-09-15T12:24:49.9508686Z + DLHASH=e68f6ea67cc2e84e0b320f3a4b5538dc90d97142264dc310dd8bbcb5f989d9e2
2026-09-15T12:24:49.9508782Z + DLNAME=50-libzmq
2026-09-15T12:24:49.9508918Z + [[ hashonly == hashonly ]]
2026-09-15T12:24:49.9509374Z + echo e68f6ea67cc2e84e0b320f3a4b5538dc90d97142264dc310dd8bbcb5f989d9e2
2026-09-15T12:24:49.9509519Z + exit 0
2026-09-15T12:24:49.9510520Z + for STAGE in /stages/*.sh
2026-09-15T12:24:49.9510603Z + bash /stages/50-onevpl.sh
2026-09-15T12:24:49.9520168Z + shopt -s dotglob
2026-09-15T12:24:49.9520304Z + source /dl_functions.sh
2026-09-15T12:24:49.9520424Z + source /scripts.d/50-onevpl.sh
2026-09-15T12:24:49.9520621Z ++ SCRIPT_REPO=https://github.com/intel/libvpl.git
2026-09-15T12:24:49.9520812Z ++ SCRIPT_COMMIT=674d015bcb294bc39fa276e99a652ea045423e82
2026-09-15T12:24:49.9523385Z ++ ffbuild_dockerdl
2026-09-15T12:24:49.9523493Z ++ default_dl .
2026-09-15T12:24:49.9523927Z ++ echo 'git-mini-clone "https://github.com/intel/libvpl.git" "674d015bcb294bc39fa276e99a652ea045423e82" "."'
2026-09-15T12:24:49.9526125Z + STG='git-mini-clone "https://github.com/intel/libvpl.git" "674d015bcb294bc39fa276e99a652ea045423e82" "."'
2026-09-15T12:24:49.9526400Z + [[ -z git-mini-clone "https://github.com/intel/libvpl.git" "674d015bcb294bc39fa276e99a652ea045423e82" "." ]]
2026-09-15T12:24:49.9531168Z ++ sha256sum
2026-09-15T12:24:49.9531334Z ++ cut '-d ' -f1
2026-09-15T12:24:49.9551697Z + DLHASH=c67accd07bdf24795034753f097eec4331f1a1174ce643cf5bcf94cb26ddd5e4
2026-09-15T12:24:49.9551786Z + DLNAME=50-onevpl
2026-09-15T12:24:49.9551865Z + [[ hashonly == hashonly ]]
2026-09-15T12:24:49.9552130Z + echo c67accd07bdf24795034753f097eec4331f1a1174ce643cf5bcf94cb26ddd5e4
2026-09-15T12:24:49.9552441Z + exit 0
2026-09-15T12:24:49.9553139Z + for STAGE in /stages/*.sh
2026-09-15T12:24:49.9553258Z + bash /stages/50-openal.sh
2026-09-15T12:24:49.9562269Z + shopt -s dotglob
2026-09-15T12:24:49.9562513Z + source /dl_functions.sh
2026-09-15T12:24:49.9562980Z + source /scripts.d/50-openal.sh
2026-09-15T12:24:49.9563179Z ++ SCRIPT_REPO=https://github.com/kcat/openal-soft.git
2026-09-15T12:24:49.9564031Z ++ SCRIPT_COMMIT=c157b87cb9eb58d747748e49f82ee4a64d1dcf8b
2026-09-15T12:24:49.9566550Z ++ ffbuild_dockerdl
2026-09-15T12:24:49.9566826Z ++ default_dl .
2026-09-15T12:24:49.9567254Z ++ echo 'git-mini-clone "https://github.com/kcat/openal-soft.git" "c157b87cb9eb58d747748e49f82ee4a64d1dcf8b" "."'
2026-09-15T12:24:49.9569223Z + STG='git-mini-clone "https://github.com/kcat/openal-soft.git" "c157b87cb9eb58d747748e49f82ee4a64d1dcf8b" "."'
2026-09-15T12:24:49.9569619Z + [[ -z git-mini-clone "https://github.com/kcat/openal-soft.git" "c157b87cb9eb58d747748e49f82ee4a64d1dcf8b" "." ]]
2026-09-15T12:24:49.9573117Z ++ sha256sum
2026-09-15T12:24:49.9574184Z ++ cut '-d ' -f1
2026-09-15T12:24:49.9595029Z + DLHASH=9c4ba41173fbaca308a4f97075b9938783fad976a0c557787e3d5435c8a52afd
2026-09-15T12:24:49.9595140Z + DLNAME=50-openal
2026-09-15T12:24:49.9595268Z + [[ hashonly == hashonly ]]
2026-09-15T12:24:49.9595526Z + echo 9c4ba41173fbaca308a4f97075b9938783fad976a0c557787e3d5435c8a52afd
2026-09-15T12:24:49.9595621Z + exit 0
2026-09-15T12:24:49.9597734Z + for STAGE in /stages/*.sh
2026-09-15T12:24:49.9597942Z + bash /stages/50-openapv.sh
2026-09-15T12:24:49.9605716Z + shopt -s dotglob
2026-09-15T12:24:49.9605855Z + source /dl_functions.sh
2026-09-15T12:24:49.9606250Z + source /scripts.d/50-openapv.sh
2026-09-15T12:24:49.9606516Z ++ SCRIPT_REPO=https://github.com/AcademySoftwareFoundation/openapv.git
2026-09-15T12:24:49.9606691Z ++ SCRIPT_COMMIT=d625af974550427e638574db61c270fe7f8c5a73
2026-09-15T12:24:49.9609436Z ++ ffbuild_dockerdl
2026-09-15T12:24:49.9609506Z ++ default_dl .
2026-09-15T12:24:49.9610004Z ++ echo 'git-mini-clone "https://github.com/AcademySoftwareFoundation/openapv.git" "d625af974550427e638574db61c270fe7f8c5a73" "."'
2026-09-15T12:24:49.9610162Z ++ echo 'git fetch --unshallow --filter=blob:none'
2026-09-15T12:24:49.9613708Z + STG=$'git-mini-clone "https://github.com/AcademySoftwareFoundation/openapv.git" "d625af974550427e638574db61c270fe7f8c5a73" "."\ngit fetch --unshallow --filter=blob:none'
2026-09-15T12:24:49.9614207Z + [[ -z git-mini-clone "https://github.com/AcademySoftwareFoundation/openapv.git" "d625af974550427e638574db61c270fe7f8c5a73" "."
2026-09-15T12:24:49.9614353Z git fetch --unshallow --filter=blob:none ]]
2026-09-15T12:24:49.9615915Z ++ sha256sum
2026-09-15T12:24:49.9616475Z ++ cut '-d ' -f1
2026-09-15T12:24:49.9638669Z + DLHASH=83b28fa418843fb59bd5e85c20fcb7e1c4b97d66e1d70000d258d50863ed39e1
2026-09-15T12:24:49.9639043Z + DLNAME=50-openapv
2026-09-15T12:24:49.9639176Z + [[ hashonly == hashonly ]]
2026-09-15T12:24:49.9639452Z + echo 83b28fa418843fb59bd5e85c20fcb7e1c4b97d66e1d70000d258d50863ed39e1
2026-09-15T12:24:49.9639578Z + exit 0
2026-09-15T12:24:49.9640151Z + for STAGE in /stages/*.sh
2026-09-15T12:24:49.9640412Z + bash /stages/50-opencore-amr.sh
2026-09-15T12:24:49.9649977Z + shopt -s dotglob
2026-09-15T12:24:49.9650077Z + source /dl_functions.sh
2026-09-15T12:24:49.9650188Z + source /scripts.d/50-opencore-amr.sh
2026-09-15T12:24:49.9652672Z ++ SCRIPT_REPO=https://git.code.sf.net/p/opencore-amr/code
2026-09-15T12:24:49.9652846Z ++ SCRIPT_COMMIT=7dba8c32238418ce0b316a852b2224df586ca896
2026-09-15T12:24:49.9652975Z ++ ffbuild_dockerdl
2026-09-15T12:24:49.9653458Z ++ default_dl .
2026-09-15T12:24:49.9653845Z ++ echo 'git-mini-clone "https://git.code.sf.net/p/opencore-amr/code" "7dba8c32238418ce0b316a852b2224df586ca896" "."'
2026-09-15T12:24:49.9655274Z + STG='git-mini-clone "https://git.code.sf.net/p/opencore-amr/code" "7dba8c32238418ce0b316a852b2224df586ca896" "."'
2026-09-15T12:24:49.9655775Z + [[ -z git-mini-clone "https://git.code.sf.net/p/opencore-amr/code" "7dba8c32238418ce0b316a852b2224df586ca896" "." ]]
2026-09-15T12:24:49.9661079Z ++ sha256sum
2026-09-15T12:24:49.9669127Z ++ cut '-d ' -f1
2026-09-15T12:24:49.9682756Z + DLHASH=5d7ec3b8ffdd0f32309a659256916e3286724f08acf0f625a4b4f1f9c17ebf7c
2026-09-15T12:24:49.9683278Z + DLNAME=50-opencore-amr
2026-09-15T12:24:49.9684015Z + [[ hashonly == hashonly ]]
2026-09-15T12:24:49.9684593Z + echo 5d7ec3b8ffdd0f32309a659256916e3286724f08acf0f625a4b4f1f9c17ebf7c
2026-09-15T12:24:49.9685057Z + exit 0
2026-09-15T12:24:49.9685298Z + for STAGE in /stages/*.sh
2026-09-15T12:24:49.9685593Z + bash /stages/50-openh264.sh
2026-09-15T12:24:49.9694990Z + shopt -s dotglob
2026-09-15T12:24:49.9695250Z + source /dl_functions.sh
2026-09-15T12:24:49.9695461Z + source /scripts.d/50-openh264.sh
2026-09-15T12:24:49.9696722Z ++ SCRIPT_REPO=https://github.com/cisco/openh264.git
2026-09-15T12:24:49.9697149Z ++ SCRIPT_COMMIT=98bc7cbbeb7381c94ef8f9a5d158327abbf6b8b9
2026-09-15T12:24:49.9699516Z ++ ffbuild_dockerdl
2026-09-15T12:24:49.9699926Z ++ default_dl .
2026-09-15T12:24:49.9700496Z ++ echo 'git-mini-clone "https://github.com/cisco/openh264.git" "98bc7cbbeb7381c94ef8f9a5d158327abbf6b8b9" "."'
2026-09-15T12:24:49.9701632Z + STG='git-mini-clone "https://github.com/cisco/openh264.git" "98bc7cbbeb7381c94ef8f9a5d158327abbf6b8b9" "."'
2026-09-15T12:24:49.9702510Z + [[ -z git-mini-clone "https://github.com/cisco/openh264.git" "98bc7cbbeb7381c94ef8f9a5d158327abbf6b8b9" "." ]]
2026-09-15T12:24:49.9705458Z ++ sha256sum
2026-09-15T12:24:49.9708083Z ++ cut '-d ' -f1
2026-09-15T12:24:49.9728213Z + DLHASH=28d2712432b4516dd771baa4199bc82aa79766600e4395fc9c88780f5dd3b319
2026-09-15T12:24:49.9728752Z + DLNAME=50-openh264
2026-09-15T12:24:49.9729039Z + [[ hashonly == hashonly ]]
2026-09-15T12:24:49.9729643Z + echo 28d2712432b4516dd771baa4199bc82aa79766600e4395fc9c88780f5dd3b319
2026-09-15T12:24:49.9730260Z + exit 0
2026-09-15T12:24:49.9730567Z + for STAGE in /stages/*.sh
2026-09-15T12:24:49.9730917Z + bash /stages/50-openjpeg.sh
2026-09-15T12:24:49.9739253Z + shopt -s dotglob
2026-09-15T12:24:49.9739727Z + source /dl_functions.sh
2026-09-15T12:24:49.9740043Z + source /scripts.d/50-openjpeg.sh
2026-09-15T12:24:49.9740443Z ++ SCRIPT_REPO=https://github.com/uclouvain/openjpeg.git
2026-09-15T12:24:49.9740794Z ++ SCRIPT_COMMIT=402ef5862195b177ea0a7788f2a6ef2804e62285
2026-09-15T12:24:49.9743875Z ++ ffbuild_dockerdl
2026-09-15T12:24:49.9744239Z ++ default_dl .
2026-09-15T12:24:49.9744916Z ++ echo 'git-mini-clone "https://github.com/uclouvain/openjpeg.git" "402ef5862195b177ea0a7788f2a6ef2804e62285" "."'
2026-09-15T12:24:49.9749697Z + STG='git-mini-clone "https://github.com/uclouvain/openjpeg.git" "402ef5862195b177ea0a7788f2a6ef2804e62285" "."'
2026-09-15T12:24:49.9750680Z + [[ -z git-mini-clone "https://github.com/uclouvain/openjpeg.git" "402ef5862195b177ea0a7788f2a6ef2804e62285" "." ]]
2026-09-15T12:24:49.9759841Z ++ sha256sum
2026-09-15T12:24:49.9760192Z ++ cut '-d ' -f1
2026-09-15T12:24:49.9773015Z + DLHASH=70f1c086f3e1fbc7af66c8e90d16c1fb0a55353eadc4f2428b4ba02c32e0ffe2
2026-09-15T12:24:49.9773372Z + DLNAME=50-openjpeg
2026-09-15T12:24:49.9773561Z + [[ hashonly == hashonly ]]
2026-09-15T12:24:49.9773852Z + echo 70f1c086f3e1fbc7af66c8e90d16c1fb0a55353eadc4f2428b4ba02c32e0ffe2
2026-09-15T12:24:49.9774161Z + exit 0
2026-09-15T12:24:49.9775910Z + for STAGE in /stages/*.sh
2026-09-15T12:24:49.9776276Z + bash /stages/50-openmpt.sh
2026-09-15T12:24:49.9785550Z + shopt -s dotglob
2026-09-15T12:24:49.9785854Z + source /dl_functions.sh
2026-09-15T12:24:49.9786162Z + source /scripts.d/50-openmpt.sh
2026-09-15T12:24:49.9786542Z ++ SCRIPT_REPO=https://github.com/OpenMPT/openmpt.git
2026-09-15T12:24:49.9786842Z ++ SCRIPT_COMMIT=1b000d4bca071364157b5d35940efe4feecd2e0a
2026-09-15T12:24:49.9789199Z ++ ffbuild_dockerdl
2026-09-15T12:24:49.9789670Z ++ default_dl .
2026-09-15T12:24:49.9790373Z ++ echo 'git-mini-clone "https://github.com/OpenMPT/openmpt.git" "1b000d4bca071364157b5d35940efe4feecd2e0a" "."'
2026-09-15T12:24:49.9792004Z + STG='git-mini-clone "https://github.com/OpenMPT/openmpt.git" "1b000d4bca071364157b5d35940efe4feecd2e0a" "."'
2026-09-15T12:24:49.9792663Z + [[ -z git-mini-clone "https://github.com/OpenMPT/openmpt.git" "1b000d4bca071364157b5d35940efe4feecd2e0a" "." ]]
2026-09-15T12:24:49.9794881Z ++ sha256sum
2026-09-15T12:24:49.9797572Z ++ cut '-d ' -f1
2026-09-15T12:24:49.9817649Z + DLHASH=170dbcf92e1eeb66ecbc1fafbe525a77ceca3b6d5719bbe71cce38ec3f7f598a
2026-09-15T12:24:49.9818266Z + DLNAME=50-openmpt
2026-09-15T12:24:49.9818535Z + [[ hashonly == hashonly ]]
2026-09-15T12:24:49.9819171Z + echo 170dbcf92e1eeb66ecbc1fafbe525a77ceca3b6d5719bbe71cce38ec3f7f598a
2026-09-15T12:24:49.9819646Z + exit 0
2026-09-15T12:24:49.9819816Z + for STAGE in /stages/*.sh
2026-09-15T12:24:49.9820013Z + bash /stages/50-rav1e.sh
2026-09-15T12:24:49.9829076Z + shopt -s dotglob
2026-09-15T12:24:49.9829376Z + source /dl_functions.sh
2026-09-15T12:24:49.9829803Z + source /scripts.d/50-rav1e.sh
2026-09-15T12:24:49.9830206Z ++ SCRIPT_REPO=https://github.com/xiph/rav1e.git
2026-09-15T12:24:49.9830519Z ++ SCRIPT_COMMIT=564ae3b0007ae2b06893fd7166bf88c5a84c5b63
2026-09-15T12:24:49.9833384Z ++ ffbuild_dockerdl
2026-09-15T12:24:49.9833850Z ++ default_dl .
2026-09-15T12:24:49.9834387Z ++ echo 'git-mini-clone "https://github.com/xiph/rav1e.git" "564ae3b0007ae2b06893fd7166bf88c5a84c5b63" "."'
2026-09-15T12:24:49.9836128Z + STG='git-mini-clone "https://github.com/xiph/rav1e.git" "564ae3b0007ae2b06893fd7166bf88c5a84c5b63" "."'
2026-09-15T12:24:49.9836977Z + [[ -z git-mini-clone "https://github.com/xiph/rav1e.git" "564ae3b0007ae2b06893fd7166bf88c5a84c5b63" "." ]]
2026-09-15T12:24:49.9840714Z ++ sha256sum
2026-09-15T12:24:49.9841429Z ++ cut '-d ' -f1
2026-09-15T12:24:49.9862406Z + DLHASH=f5502fba0839b77e72f498941acc6b52cd25845005fff70a9f22bff369d96d24
2026-09-15T12:24:49.9863207Z + DLNAME=50-rav1e
2026-09-15T12:24:49.9863598Z + [[ hashonly == hashonly ]]
2026-09-15T12:24:49.9864182Z + echo f5502fba0839b77e72f498941acc6b52cd25845005fff70a9f22bff369d96d24
2026-09-15T12:24:49.9864721Z + exit 0
2026-09-15T12:24:49.9864918Z + for STAGE in /stages/*.sh
2026-09-15T12:24:49.9865196Z + bash /stages/50-rubberband.sh
2026-09-15T12:24:49.9875727Z + shopt -s dotglob
2026-09-15T12:24:49.9876115Z + source /dl_functions.sh
2026-09-15T12:24:49.9876504Z + source /scripts.d/50-rubberband.sh
2026-09-15T12:24:49.9876885Z ++ SCRIPT_REPO=https://github.com/breakfastquay/rubberband.git
2026-09-15T12:24:49.9877261Z ++ SCRIPT_COMMIT=e4296ac80b1170018a110bc326fd0d45a0eb27d6
2026-09-15T12:24:49.9878629Z ++ ffbuild_dockerdl
2026-09-15T12:24:49.9878815Z ++ default_dl .
2026-09-15T12:24:49.9879294Z ++ echo 'git-mini-clone "https://github.com/breakfastquay/rubberband.git" "e4296ac80b1170018a110bc326fd0d45a0eb27d6" "."'
2026-09-15T12:24:49.9880741Z + STG='git-mini-clone "https://github.com/breakfastquay/rubberband.git" "e4296ac80b1170018a110bc326fd0d45a0eb27d6" "."'
2026-09-15T12:24:49.9881496Z + [[ -z git-mini-clone "https://github.com/breakfastquay/rubberband.git" "e4296ac80b1170018a110bc326fd0d45a0eb27d6" "." ]]
2026-09-15T12:24:49.9884773Z ++ sha256sum
2026-09-15T12:24:49.9885742Z ++ cut '-d ' -f1
2026-09-15T12:24:49.9906671Z + DLHASH=5d3ca7b4a1f4c07ead3f23ba9c7a3736384a9394a34e41bf70a78075e0ed9593
2026-09-15T12:24:49.9907150Z + DLNAME=50-rubberband
2026-09-15T12:24:49.9907435Z + [[ hashonly == hashonly ]]
2026-09-15T12:24:49.9907727Z + echo 5d3ca7b4a1f4c07ead3f23ba9c7a3736384a9394a34e41bf70a78075e0ed9593
2026-09-15T12:24:49.9908461Z + exit 0
2026-09-15T12:24:49.9909234Z + for STAGE in /stages/*.sh
2026-09-15T12:24:49.9909534Z + bash /stages/50-schannel.sh
2026-09-15T12:24:49.9917473Z + shopt -s dotglob
2026-09-15T12:24:49.9917674Z + source /dl_functions.sh
2026-09-15T12:24:49.9919950Z + source /scripts.d/50-schannel.sh
2026-09-15T12:24:49.9920311Z ++ SCRIPT_SKIP=1
2026-09-15T12:24:49.9920826Z ++ ffbuild_dockerdl
2026-09-15T12:24:49.9921077Z ++ true
2026-09-15T12:24:49.9922783Z + STG=
2026-09-15T12:24:49.9922958Z + [[ -z '' ]]
2026-09-15T12:24:49.9923123Z + exit 0
2026-09-15T12:24:49.9925618Z + for STAGE in /stages/*.sh
2026-09-15T12:24:49.9925819Z + bash /stages/50-sdl.sh
2026-09-15T12:24:49.9934378Z + shopt -s dotglob
2026-09-15T12:24:49.9934672Z + source /dl_functions.sh
2026-09-15T12:24:49.9935042Z + source /scripts.d/50-sdl.sh
2026-09-15T12:24:49.9935401Z ++ SCRIPT_REPO=https://github.com/libsdl-org/SDL.git
2026-09-15T12:24:49.9935756Z ++ SCRIPT_COMMIT=a2e7c76bda17c853ba93c7d2c9fdddf8a9d621d1
2026-09-15T12:24:49.9936008Z ++ SCRIPT_BRANCH=SDL2
2026-09-15T12:24:49.9938355Z ++ ffbuild_dockerdl
2026-09-15T12:24:49.9938616Z ++ default_dl .
2026-09-15T12:24:49.9939096Z ++ echo 'git-mini-clone "https://github.com/libsdl-org/SDL.git" "a2e7c76bda17c853ba93c7d2c9fdddf8a9d621d1" "."'
2026-09-15T12:24:49.9940551Z + STG='git-mini-clone "https://github.com/libsdl-org/SDL.git" "a2e7c76bda17c853ba93c7d2c9fdddf8a9d621d1" "."'
2026-09-15T12:24:49.9941845Z + [[ -z git-mini-clone "https://github.com/libsdl-org/SDL.git" "a2e7c76bda17c853ba93c7d2c9fdddf8a9d621d1" "." ]]
2026-09-15T12:24:49.9946112Z ++ sha256sum
2026-09-15T12:24:49.9946457Z ++ cut '-d ' -f1
2026-09-15T12:24:49.9967135Z + DLHASH=39aa248e02f3e880f3562110b8d35ed9933fd8e2629b360a16a41066de1832b2
2026-09-15T12:24:49.9967764Z + DLNAME=50-sdl
2026-09-15T12:24:49.9970238Z + [[ hashonly == hashonly ]]
2026-09-15T12:24:49.9970535Z + echo 39aa248e02f3e880f3562110b8d35ed9933fd8e2629b360a16a41066de1832b2
2026-09-15T12:24:49.9970905Z + exit 0
2026-09-15T12:24:49.9971071Z + for STAGE in /stages/*.sh
2026-09-15T12:24:49.9971265Z + bash /stages/50-shaderc.sh
2026-09-15T12:24:49.9979579Z + shopt -s dotglob
2026-09-15T12:24:49.9979860Z + source /dl_functions.sh
2026-09-15T12:24:49.9980084Z + source /scripts.d/47-vulkan/50-shaderc.sh
2026-09-15T12:24:49.9980353Z ++ SCRIPT_REPO=https://github.com/google/shaderc.git
2026-09-15T12:24:49.9980642Z ++ SCRIPT_COMMIT=7060a6615a1c6e2515e696651eea685524ecadb5
2026-09-15T12:24:49.9983224Z ++ ffbuild_dockerdl
2026-09-15T12:24:49.9983664Z ++ default_dl .
2026-09-15T12:24:49.9984286Z ++ echo 'git-mini-clone "https://github.com/google/shaderc.git" "7060a6615a1c6e2515e696651eea685524ecadb5" "."'
2026-09-15T12:24:49.9984942Z ++ echo './utils/git-sync-deps || exit 0'
2026-09-15T12:24:49.9987716Z + STG=$'git-mini-clone "https://github.com/google/shaderc.git" "7060a6615a1c6e2515e696651eea685524ecadb5" "."\n./utils/git-sync-deps || exit 0'
2026-09-15T12:24:49.9988835Z + [[ -z git-mini-clone "https://github.com/google/shaderc.git" "7060a6615a1c6e2515e696651eea685524ecadb5" "."
2026-09-15T12:24:49.9989236Z ./utils/git-sync-deps || exit 0 ]]
2026-09-15T12:24:50.0006599Z ++ sha256sum
2026-09-15T12:24:50.0006953Z ++ cut '-d ' -f1
2026-09-15T12:24:50.0012423Z + DLHASH=2a061b889468985d41c31e635f79a418277e3a87892a8235abf3b907ced27e6e
2026-09-15T12:24:50.0012897Z + DLNAME=50-shaderc
2026-09-15T12:24:50.0013188Z + [[ hashonly == hashonly ]]
2026-09-15T12:24:50.0013667Z + echo 2a061b889468985d41c31e635f79a418277e3a87892a8235abf3b907ced27e6e
2026-09-15T12:24:50.0014355Z + exit 0
2026-09-15T12:24:50.0014616Z + for STAGE in /stages/*.sh
2026-09-15T12:24:50.0014918Z + bash /stages/50-snappy.sh
2026-09-15T12:24:50.0023480Z + shopt -s dotglob
2026-09-15T12:24:50.0023764Z + source /dl_functions.sh
2026-09-15T12:24:50.0025838Z + source /scripts.d/50-snappy.sh
2026-09-15T12:24:50.0026228Z ++ SCRIPT_REPO=https://github.com/google/snappy.git
2026-09-15T12:24:50.0026669Z ++ SCRIPT_COMMIT=747488a9f3d0daf9b639b6704d7188fba48af179
2026-09-15T12:24:50.0028170Z ++ ffbuild_dockerdl
2026-09-15T12:24:50.0028428Z ++ default_dl .
2026-09-15T12:24:50.0028954Z ++ echo 'git-mini-clone "https://github.com/google/snappy.git" "747488a9f3d0daf9b639b6704d7188fba48af179" "."'
2026-09-15T12:24:50.0030439Z + STG='git-mini-clone "https://github.com/google/snappy.git" "747488a9f3d0daf9b639b6704d7188fba48af179" "."'
2026-09-15T12:24:50.0031108Z + [[ -z git-mini-clone "https://github.com/google/snappy.git" "747488a9f3d0daf9b639b6704d7188fba48af179" "." ]]
2026-09-15T12:24:50.0034375Z ++ sha256sum
2026-09-15T12:24:50.0034734Z ++ cut '-d ' -f1
2026-09-15T12:24:50.0054854Z + DLHASH=d8a43fb0eb02bc90350183462075a5b32ba7aefd0b5fa1552eee898a06fec5ba
2026-09-15T12:24:50.0055554Z + DLNAME=50-snappy
2026-09-15T12:24:50.0056243Z + [[ hashonly == hashonly ]]
2026-09-15T12:24:50.0056584Z + echo d8a43fb0eb02bc90350183462075a5b32ba7aefd0b5fa1552eee898a06fec5ba
2026-09-15T12:24:50.0056900Z + exit 0
2026-09-15T12:24:50.0057190Z + for STAGE in /stages/*.sh
2026-09-15T12:24:50.0057589Z + bash /stages/50-soxr.sh
2026-09-15T12:24:50.0067117Z + shopt -s dotglob
2026-09-15T12:24:50.0067407Z + source /dl_functions.sh
2026-09-15T12:24:50.0067719Z + source /scripts.d/50-soxr.sh
2026-09-15T12:24:50.0068205Z ++ SCRIPT_REPO=https://git.code.sf.net/p/soxr/code
2026-09-15T12:24:50.0068649Z ++ SCRIPT_COMMIT=945b592b70470e29f917f4de89b4281fbbd540c0
2026-09-15T12:24:50.0071149Z ++ ffbuild_dockerdl
2026-09-15T12:24:50.0071449Z ++ default_dl .
2026-09-15T12:24:50.0071818Z ++ echo 'git-mini-clone "https://git.code.sf.net/p/soxr/code" "945b592b70470e29f917f4de89b4281fbbd540c0" "."'
2026-09-15T12:24:50.0074160Z + STG='git-mini-clone "https://git.code.sf.net/p/soxr/code" "945b592b70470e29f917f4de89b4281fbbd540c0" "."'
2026-09-15T12:24:50.0075074Z + [[ -z git-mini-clone "https://git.code.sf.net/p/soxr/code" "945b592b70470e29f917f4de89b4281fbbd540c0" "." ]]
2026-09-15T12:24:50.0079281Z ++ sha256sum
2026-09-15T12:24:50.0080084Z ++ cut '-d ' -f1
2026-09-15T12:24:50.0100979Z + DLHASH=d24c000584012b62b406f09325af85575932219b972b87ab3e2b1037bdc97c6a
2026-09-15T12:24:50.0101482Z + DLNAME=50-soxr
2026-09-15T12:24:50.0101764Z + [[ hashonly == hashonly ]]
2026-09-15T12:24:50.0102192Z + echo d24c000584012b62b406f09325af85575932219b972b87ab3e2b1037bdc97c6a
2026-09-15T12:24:50.0102641Z + exit 0
2026-09-15T12:24:50.0102889Z + for STAGE in /stages/*.sh
2026-09-15T12:24:50.0103224Z + bash /stages/50-srt.sh
2026-09-15T12:24:50.0112798Z + shopt -s dotglob
2026-09-15T12:24:50.0113003Z + source /dl_functions.sh
2026-09-15T12:24:50.0113242Z + source /scripts.d/50-srt.sh
2026-09-15T12:24:50.0113522Z ++ SCRIPT_REPO=https://github.com/Haivision/srt.git
2026-09-15T12:24:50.0113833Z ++ SCRIPT_COMMIT=fcae57145c000a9e7b72aa777adb8f85c2463242
2026-09-15T12:24:50.0115861Z ++ ffbuild_dockerdl
2026-09-15T12:24:50.0116072Z ++ default_dl .
2026-09-15T12:24:50.0116646Z ++ echo 'git-mini-clone "https://github.com/Haivision/srt.git" "fcae57145c000a9e7b72aa777adb8f85c2463242" "."'
2026-09-15T12:24:50.0118246Z + STG='git-mini-clone "https://github.com/Haivision/srt.git" "fcae57145c000a9e7b72aa777adb8f85c2463242" "."'
2026-09-15T12:24:50.0118921Z + [[ -z git-mini-clone "https://github.com/Haivision/srt.git" "fcae57145c000a9e7b72aa777adb8f85c2463242" "." ]]
2026-09-15T12:24:50.0123105Z ++ sha256sum
2026-09-15T12:24:50.0125422Z ++ cut '-d ' -f1
2026-09-15T12:24:50.0146016Z + DLHASH=9ab50c21c12c46d2bb1f3be5bc86fab97365761a25ed88d64ad21ff275416d35
2026-09-15T12:24:50.0146494Z + DLNAME=50-srt
2026-09-15T12:24:50.0146692Z + [[ hashonly == hashonly ]]
2026-09-15T12:24:50.0147031Z + echo 9ab50c21c12c46d2bb1f3be5bc86fab97365761a25ed88d64ad21ff275416d35
2026-09-15T12:24:50.0147426Z + exit 0
2026-09-15T12:24:50.0148864Z + for STAGE in /stages/*.sh
2026-09-15T12:24:50.0149172Z + bash /stages/50-svtav1.sh
2026-09-15T12:24:50.0156834Z + shopt -s dotglob
2026-09-15T12:24:50.0157260Z + source /dl_functions.sh
2026-09-15T12:24:50.0157718Z + source /scripts.d/50-svtav1.sh
2026-09-15T12:24:50.0158235Z ++ SCRIPT_REPO=https://gitlab.com/AOMediaCodec/SVT-AV1.git
2026-09-15T12:24:50.0158677Z ++ SCRIPT_COMMIT=fb0ed7e5999caef1c4b51b7b4c8dc2c8c10f9291
2026-09-15T12:24:50.0160484Z ++ ffbuild_dockerdl
2026-09-15T12:24:50.0161049Z ++ echo 'git clone "https://gitlab.com/AOMediaCodec/SVT-AV1.git" . && git checkout "fb0ed7e5999caef1c4b51b7b4c8dc2c8c10f9291"'
2026-09-15T12:24:50.0163116Z + STG='git clone "https://gitlab.com/AOMediaCodec/SVT-AV1.git" . && git checkout "fb0ed7e5999caef1c4b51b7b4c8dc2c8c10f9291"'
2026-09-15T12:24:50.0164080Z + [[ -z git clone "https://gitlab.com/AOMediaCodec/SVT-AV1.git" . && git checkout "fb0ed7e5999caef1c4b51b7b4c8dc2c8c10f9291" ]]
2026-09-15T12:24:50.0168886Z ++ sha256sum
2026-09-15T12:24:50.0169153Z ++ cut '-d ' -f1
2026-09-15T12:24:50.0192828Z + DLHASH=bc68c167d279f46395f6f2517d3f2e6588916353912ac46897c3d53afbd361f5
2026-09-15T12:24:50.0193267Z + DLNAME=50-svtav1
2026-09-15T12:24:50.0193744Z + [[ hashonly == hashonly ]]
2026-09-15T12:24:50.0194028Z + echo bc68c167d279f46395f6f2517d3f2e6588916353912ac46897c3d53afbd361f5
2026-09-15T12:24:50.0194375Z + exit 0
2026-09-15T12:24:50.0194954Z + for STAGE in /stages/*.sh
2026-09-15T12:24:50.0195156Z + bash /stages/50-twolame.sh
2026-09-15T12:24:50.0202953Z + shopt -s dotglob
2026-09-15T12:24:50.0203322Z + source /dl_functions.sh
2026-09-15T12:24:50.0203604Z + source /scripts.d/50-twolame.sh
2026-09-15T12:24:50.0203858Z ++ SCRIPT_REPO=https://github.com/njh/twolame.git
2026-09-15T12:24:50.0204285Z ++ SCRIPT_COMMIT=6fced852d4d5cfad58cf9dbe3ea619b08e87d398
2026-09-15T12:24:50.0206797Z ++ ffbuild_dockerdl
2026-09-15T12:24:50.0207171Z ++ default_dl .
2026-09-15T12:24:50.0207576Z ++ echo 'git-mini-clone "https://github.com/njh/twolame.git" "6fced852d4d5cfad58cf9dbe3ea619b08e87d398" "."'
2026-09-15T12:24:50.0209591Z + STG='git-mini-clone "https://github.com/njh/twolame.git" "6fced852d4d5cfad58cf9dbe3ea619b08e87d398" "."'
2026-09-15T12:24:50.0210353Z + [[ -z git-mini-clone "https://github.com/njh/twolame.git" "6fced852d4d5cfad58cf9dbe3ea619b08e87d398" "." ]]
2026-09-15T12:24:50.0212988Z ++ sha256sum
2026-09-15T12:24:50.0215000Z ++ cut '-d ' -f1
2026-09-15T12:24:50.0237263Z + DLHASH=b034b56f3c8caa730922980b6e8aca15c6f3b46e3fa98d3229c337aeb7858f71
2026-09-15T12:24:50.0237786Z + DLNAME=50-twolame
2026-09-15T12:24:50.0238179Z + [[ hashonly == hashonly ]]
2026-09-15T12:24:50.0238660Z + echo b034b56f3c8caa730922980b6e8aca15c6f3b46e3fa98d3229c337aeb7858f71
2026-09-15T12:24:50.0239295Z + exit 0
2026-09-15T12:24:50.0239602Z + for STAGE in /stages/*.sh
2026-09-15T12:24:50.0240599Z + bash /stages/50-uavs3d.sh
2026-09-15T12:24:50.0248955Z + shopt -s dotglob
2026-09-15T12:24:50.0249258Z + source /dl_functions.sh
2026-09-15T12:24:50.0249713Z + source /scripts.d/50-uavs3d.sh
2026-09-15T12:24:50.0250101Z ++ SCRIPT_REPO=https://github.com/uavs3/uavs3d.git
2026-09-15T12:24:50.0250574Z ++ SCRIPT_COMMIT=0e20d2c291853f196c68922a264bcd8471d75b68
2026-09-15T12:24:50.0253338Z ++ ffbuild_dockerdl
2026-09-15T12:24:50.0254000Z ++ echo 'git clone "https://github.com/uavs3/uavs3d.git" . && git checkout "0e20d2c291853f196c68922a264bcd8471d75b68"'
2026-09-15T12:24:50.0255589Z + STG='git clone "https://github.com/uavs3/uavs3d.git" . && git checkout "0e20d2c291853f196c68922a264bcd8471d75b68"'
2026-09-15T12:24:50.0256325Z + [[ -z git clone "https://github.com/uavs3/uavs3d.git" . && git checkout "0e20d2c291853f196c68922a264bcd8471d75b68" ]]
2026-09-15T12:24:50.0259490Z ++ sha256sum
2026-09-15T12:24:50.0261800Z ++ cut '-d ' -f1
2026-09-15T12:24:50.0283515Z + DLHASH=f5c1983f0fc2360d5846298e08a8f89f2f345caa3beb83100ca9b48eff5ded6b
2026-09-15T12:24:50.0283861Z + DLNAME=50-uavs3d
2026-09-15T12:24:50.0284054Z + [[ hashonly == hashonly ]]
2026-09-15T12:24:50.0284339Z + echo f5c1983f0fc2360d5846298e08a8f89f2f345caa3beb83100ca9b48eff5ded6b
2026-09-15T12:24:50.0284633Z + exit 0
2026-09-15T12:24:50.0287004Z + for STAGE in /stages/*.sh
2026-09-15T12:24:50.0287333Z + bash /stages/50-vidstab.sh
2026-09-15T12:24:50.0296700Z + shopt -s dotglob
2026-09-15T12:24:50.0296982Z + source /dl_functions.sh
2026-09-15T12:24:50.0297279Z + source /scripts.d/50-vidstab.sh
2026-09-15T12:24:50.0297645Z ++ SCRIPT_REPO=https://github.com/georgmartius/vid.stab.git
2026-09-15T12:24:50.0298114Z ++ SCRIPT_COMMIT=c9985e75303da2ba1a78b37083a2bec2ed5baebc
2026-09-15T12:24:50.0300108Z ++ ffbuild_dockerdl
2026-09-15T12:24:50.0300401Z ++ default_dl .
2026-09-15T12:24:50.0301008Z ++ echo 'git-mini-clone "https://github.com/georgmartius/vid.stab.git" "c9985e75303da2ba1a78b37083a2bec2ed5baebc" "."'
2026-09-15T12:24:50.0302983Z + STG='git-mini-clone "https://github.com/georgmartius/vid.stab.git" "c9985e75303da2ba1a78b37083a2bec2ed5baebc" "."'
2026-09-15T12:24:50.0303797Z + [[ -z git-mini-clone "https://github.com/georgmartius/vid.stab.git" "c9985e75303da2ba1a78b37083a2bec2ed5baebc" "." ]]
2026-09-15T12:24:50.0309461Z ++ sha256sum
2026-09-15T12:24:50.0310270Z ++ cut '-d ' -f1
2026-09-15T12:24:50.0330302Z + DLHASH=64146de3a036c50996d0c9d19ebf22fd9ff0fb0adde303ebc089f356187eaf68
2026-09-15T12:24:50.0330729Z + DLNAME=50-vidstab
2026-09-15T12:24:50.0330966Z + [[ hashonly == hashonly ]]
2026-09-15T12:24:50.0331277Z + echo 64146de3a036c50996d0c9d19ebf22fd9ff0fb0adde303ebc089f356187eaf68
2026-09-15T12:24:50.0331683Z + exit 0
2026-09-15T12:24:50.0332972Z + for STAGE in /stages/*.sh
2026-09-15T12:24:50.0333363Z + bash /stages/50-vvenc.sh
2026-09-15T12:24:50.0341331Z + shopt -s dotglob
2026-09-15T12:24:50.0341779Z + source /dl_functions.sh
2026-09-15T12:24:50.0342101Z + source /scripts.d/50-vvenc.sh
2026-09-15T12:24:50.0342509Z ++ SCRIPT_REPO=https://github.com/fraunhoferhhi/vvenc.git
2026-09-15T12:24:50.0342938Z ++ SCRIPT_COMMIT=0f2e874451d6b194615e5dfefdc96796a7da00f4
2026-09-15T12:24:50.0344932Z ++ ffbuild_dockerdl
2026-09-15T12:24:50.0345134Z ++ default_dl .
2026-09-15T12:24:50.0345661Z ++ echo 'git-mini-clone "https://github.com/fraunhoferhhi/vvenc.git" "0f2e874451d6b194615e5dfefdc96796a7da00f4" "."'
2026-09-15T12:24:50.0348719Z + STG='git-mini-clone "https://github.com/fraunhoferhhi/vvenc.git" "0f2e874451d6b194615e5dfefdc96796a7da00f4" "."'
2026-09-15T12:24:50.0349503Z + [[ -z git-mini-clone "https://github.com/fraunhoferhhi/vvenc.git" "0f2e874451d6b194615e5dfefdc96796a7da00f4" "." ]]
2026-09-15T12:24:50.0351998Z ++ sha256sum
2026-09-15T12:24:50.0371150Z ++ cut '-d ' -f1
2026-09-15T12:24:50.0374343Z + DLHASH=faf7d4eedba9449f57440351627584d9bd96be053613d223bfe89f29e5120bc3
2026-09-15T12:24:50.0374834Z + DLNAME=50-vvenc
2026-09-15T12:24:50.0375021Z + [[ hashonly == hashonly ]]
2026-09-15T12:24:50.0375346Z + echo faf7d4eedba9449f57440351627584d9bd96be053613d223bfe89f29e5120bc3
2026-09-15T12:24:50.0375855Z + exit 0
2026-09-15T12:24:50.0377314Z + for STAGE in /stages/*.sh
2026-09-15T12:24:50.0377757Z + bash /stages/50-whisper.sh
2026-09-15T12:24:50.0386877Z + shopt -s dotglob
2026-09-15T12:24:50.0387107Z + source /dl_functions.sh
2026-09-15T12:24:50.0387457Z + source /scripts.d/50-whisper.sh
2026-09-15T12:24:50.0387730Z ++ SCRIPT_REPO=https://github.com/ggml-org/whisper.cpp.git
2026-09-15T12:24:50.0388334Z ++ SCRIPT_COMMIT=592feef04a1802b18cbeffd0fd0eb5d02570c2ec
2026-09-15T12:24:50.0390684Z ++ ffbuild_dockerdl
2026-09-15T12:24:50.0390906Z ++ default_dl .
2026-09-15T12:24:50.0391338Z ++ echo 'git-mini-clone "https://github.com/ggml-org/whisper.cpp.git" "592feef04a1802b18cbeffd0fd0eb5d02570c2ec" "."'
2026-09-15T12:24:50.0393108Z + STG='git-mini-clone "https://github.com/ggml-org/whisper.cpp.git" "592feef04a1802b18cbeffd0fd0eb5d02570c2ec" "."'
2026-09-15T12:24:50.0393863Z + [[ -z git-mini-clone "https://github.com/ggml-org/whisper.cpp.git" "592feef04a1802b18cbeffd0fd0eb5d02570c2ec" "." ]]
2026-09-15T12:24:50.0397501Z ++ sha256sum
2026-09-15T12:24:50.0398748Z ++ cut '-d ' -f1
2026-09-15T12:24:50.0420022Z + DLHASH=3407e4098aadf6d934fea4be497fa812ede7158f716e67eeb85eb0e7bc85dd7d
2026-09-15T12:24:50.0420615Z + DLNAME=50-whisper
2026-09-15T12:24:50.0420905Z + [[ hashonly == hashonly ]]
2026-09-15T12:24:50.0421425Z + echo 3407e4098aadf6d934fea4be497fa812ede7158f716e67eeb85eb0e7bc85dd7d
2026-09-15T12:24:50.0422126Z + exit 0
2026-09-15T12:24:50.0423356Z + for STAGE in /stages/*.sh
2026-09-15T12:24:50.0423570Z + bash /stages/50-x264.sh
2026-09-15T12:24:50.0430871Z + shopt -s dotglob
2026-09-15T12:24:50.0431058Z + source /dl_functions.sh
2026-09-15T12:24:50.0432979Z + source /scripts.d/50-x264.sh
2026-09-15T12:24:50.0433378Z ++ SCRIPT_REPO=https://code.videolan.org/videolan/x264.git
2026-09-15T12:24:50.0433876Z ++ SCRIPT_COMMIT=0480cb05fa188d37ae87e8f4fd8f1aea3711f7ee
2026-09-15T12:24:50.0434814Z ++ ffbuild_dockerdl
2026-09-15T12:24:50.0435077Z ++ default_dl .
2026-09-15T12:24:50.0435633Z ++ echo 'git-mini-clone "https://code.videolan.org/videolan/x264.git" "0480cb05fa188d37ae87e8f4fd8f1aea3711f7ee" "."'
2026-09-15T12:24:50.0437108Z + STG='git-mini-clone "https://code.videolan.org/videolan/x264.git" "0480cb05fa188d37ae87e8f4fd8f1aea3711f7ee" "."'
2026-09-15T12:24:50.0438177Z + [[ -z git-mini-clone "https://code.videolan.org/videolan/x264.git" "0480cb05fa188d37ae87e8f4fd8f1aea3711f7ee" "." ]]
2026-09-15T12:24:50.0442183Z ++ sha256sum
2026-09-15T12:24:50.0442922Z ++ cut '-d ' -f1
2026-09-15T12:24:50.0466809Z + DLHASH=7aee4cf46b7c0eff1a5ad3d23ae43a29562065ef2866a4a883d7ad2db0fb755d
2026-09-15T12:24:50.0467300Z + DLNAME=50-x264
2026-09-15T12:24:50.0467573Z + [[ hashonly == hashonly ]]
2026-09-15T12:24:50.0468185Z + echo 7aee4cf46b7c0eff1a5ad3d23ae43a29562065ef2866a4a883d7ad2db0fb755d
2026-09-15T12:24:50.0468819Z + exit 0
2026-09-15T12:24:50.0470081Z + for STAGE in /stages/*.sh
2026-09-15T12:24:50.0470381Z + bash /stages/50-x265.sh
2026-09-15T12:24:50.0477721Z + shopt -s dotglob
2026-09-15T12:24:50.0478133Z + source /dl_functions.sh
2026-09-15T12:24:50.0478444Z + source /scripts.d/50-x265.sh
2026-09-15T12:24:50.0479271Z ++ SCRIPT_REPO=https://github.com/Multicorewareinc/x265.git
2026-09-15T12:24:50.0479780Z ++ SCRIPT_COMMIT=116b87573ed0cec20b75ccacd5641bf06f6e57bd
2026-09-15T12:24:50.0482570Z ++ ffbuild_dockerdl
2026-09-15T12:24:50.0483248Z ++ echo 'git clone --filter=blob:none "https://github.com/Multicorewareinc/x265.git" . && git checkout "116b87573ed0cec20b75ccacd5641bf06f6e57bd"'
2026-09-15T12:24:50.0485649Z + STG='git clone --filter=blob:none "https://github.com/Multicorewareinc/x265.git" . && git checkout "116b87573ed0cec20b75ccacd5641bf06f6e57bd"'
2026-09-15T12:24:50.0487064Z + [[ -z git clone --filter=blob:none "https://github.com/Multicorewareinc/x265.git" . && git checkout "116b87573ed0cec20b75ccacd5641bf06f6e57bd" ]]
2026-09-15T12:24:50.0488324Z ++ sha256sum
2026-09-15T12:24:50.0489328Z ++ cut '-d ' -f1
2026-09-15T12:24:50.0514294Z + DLHASH=6151d2ebb2cf627d498368b2667da4d00df1e91e351920993dd4e553639303c0
2026-09-15T12:24:50.0514627Z + DLNAME=50-x265
2026-09-15T12:24:50.0514977Z + [[ hashonly == hashonly ]]
2026-09-15T12:24:50.0515336Z + echo 6151d2ebb2cf627d498368b2667da4d00df1e91e351920993dd4e553639303c0
2026-09-15T12:24:50.0515966Z + exit 0
2026-09-15T12:24:50.0516338Z + for STAGE in /stages/*.sh
2026-09-15T12:24:50.0516679Z + bash /stages/50-xavs2.sh
2026-09-15T12:24:50.0525265Z + shopt -s dotglob
2026-09-15T12:24:50.0525577Z + source /dl_functions.sh
2026-09-15T12:24:50.0526005Z + source /scripts.d/50-xavs2.sh
2026-09-15T12:24:50.0526594Z ++ SCRIPT_REPO=https://github.com/pkuvcl/xavs2.git
2026-09-15T12:24:50.0526987Z ++ SCRIPT_COMMIT=eae1e8b9d12468059bdd7dee893508e470fa83d8
2026-09-15T12:24:50.0529070Z ++ ffbuild_dockerdl
2026-09-15T12:24:50.0529626Z ++ echo 'git clone "https://github.com/pkuvcl/xavs2.git" . && git checkout "eae1e8b9d12468059bdd7dee893508e470fa83d8"'
2026-09-15T12:24:50.0532333Z + STG='git clone "https://github.com/pkuvcl/xavs2.git" . && git checkout "eae1e8b9d12468059bdd7dee893508e470fa83d8"'
2026-09-15T12:24:50.0540808Z + [[ -z git clone "https://github.com/pkuvcl/xavs2.git" . && git checkout "eae1e8b9d12468059bdd7dee893508e470fa83d8" ]]
2026-09-15T12:24:50.0541521Z ++ sha256sum
2026-09-15T12:24:50.0541764Z ++ cut '-d ' -f1
2026-09-15T12:24:50.0561312Z + DLHASH=983aacbab6d33318bf9c4742b41a1ed9d42afc12a0493ba97d07404a99734009
2026-09-15T12:24:50.0561816Z + DLNAME=50-xavs2
2026-09-15T12:24:50.0562101Z + [[ hashonly == hashonly ]]
2026-09-15T12:24:50.0562458Z + echo 983aacbab6d33318bf9c4742b41a1ed9d42afc12a0493ba97d07404a99734009
2026-09-15T12:24:50.0562938Z + exit 0
2026-09-15T12:24:50.0563935Z + for STAGE in /stages/*.sh
2026-09-15T12:24:50.0564235Z + bash /stages/50-xvid.sh
2026-09-15T12:24:50.0572254Z + shopt -s dotglob
2026-09-15T12:24:50.0572540Z + source /dl_functions.sh
2026-09-15T12:24:50.0572843Z + source /scripts.d/50-xvid.sh
2026-09-15T12:24:50.0574109Z ++ SCRIPT_REPO=https://svn.xvid.org/trunk/xvidcore
2026-09-15T12:24:50.0574502Z ++ SCRIPT_REV=2204
2026-09-15T12:24:50.0576236Z ++ ffbuild_dockerdl
2026-09-15T12:24:50.0577257Z ++ echo 'retry-tool sh -c "rm -rf xvid && svn --non-interactive checkout --username '\''anonymous'\'' --password '\'''\'' '\''https://svn.xvid.org/trunk/xvidcore@2204'\'' xvid" && cd xvid'
2026-09-15T12:24:50.0578899Z + STG='retry-tool sh -c "rm -rf xvid && svn --non-interactive checkout --username '\''anonymous'\'' --password '\'''\'' '\''https://svn.xvid.org/trunk/xvidcore@2204'\'' xvid" && cd xvid'
2026-09-15T12:24:50.0580253Z + [[ -z retry-tool sh -c "rm -rf xvid && svn --non-interactive checkout --username 'anonymous' --password '' 'https://svn.xvid.org/trunk/xvidcore@2204' xvid" && cd xvid ]]
2026-09-15T12:24:50.0583737Z ++ sha256sum
2026-09-15T12:24:50.0584032Z ++ cut '-d ' -f1
2026-09-15T12:24:50.0608817Z + DLHASH=03619a39e7e15a372b56fc954435c35668ed47258d7e7d3f2e47ba521e3b884f
2026-09-15T12:24:50.0609398Z + DLNAME=50-xvid
2026-09-15T12:24:50.0609711Z + [[ hashonly == hashonly ]]
2026-09-15T12:24:50.0610178Z + echo 03619a39e7e15a372b56fc954435c35668ed47258d7e7d3f2e47ba521e3b884f
2026-09-15T12:24:50.0610638Z + exit 0
2026-09-15T12:24:50.0610835Z + for STAGE in /stages/*.sh
2026-09-15T12:24:50.0611226Z + bash /stages/50-zimg.sh
2026-09-15T12:24:50.0621204Z + shopt -s dotglob
2026-09-15T12:24:50.0621509Z + source /dl_functions.sh
2026-09-15T12:24:50.0621841Z + source /scripts.d/50-zimg.sh
2026-09-15T12:24:50.0622224Z ++ SCRIPT_REPO=https://github.com/sekrit-twc/zimg.git
2026-09-15T12:24:50.0622692Z ++ SCRIPT_COMMIT=f6cc75ad23db1bb9c53673c15523e6b6e960ffc6
2026-09-15T12:24:50.0624135Z ++ ffbuild_dockerdl
2026-09-15T12:24:50.0624328Z ++ default_dl .
2026-09-15T12:24:50.0624806Z ++ echo 'git-mini-clone "https://github.com/sekrit-twc/zimg.git" "f6cc75ad23db1bb9c53673c15523e6b6e960ffc6" "."'
2026-09-15T12:24:50.0625535Z ++ echo 'git submodule update --init --recursive --depth=1'
2026-09-15T12:24:50.0628076Z + STG=$'git-mini-clone "https://github.com/sekrit-twc/zimg.git" "f6cc75ad23db1bb9c53673c15523e6b6e960ffc6" "."\ngit submodule update --init --recursive --depth=1'
2026-09-15T12:24:50.0628829Z + [[ -z git-mini-clone "https://github.com/sekrit-twc/zimg.git" "f6cc75ad23db1bb9c53673c15523e6b6e960ffc6" "."
2026-09-15T12:24:50.0629258Z git submodule update --init --recursive --depth=1 ]]
2026-09-15T12:24:50.0631221Z ++ cut '-d ' -f1
2026-09-15T12:24:50.0631538Z ++ sha256sum
2026-09-15T12:24:50.0657091Z + DLHASH=1b68d28a887f9b08c573b5e1dd54c4954cc91a8cdfb6d272905a1dc5d8d4d1a1
2026-09-15T12:24:50.0657599Z + DLNAME=50-zimg
2026-09-15T12:24:50.0658238Z + [[ hashonly == hashonly ]]
2026-09-15T12:24:50.0658777Z + echo 1b68d28a887f9b08c573b5e1dd54c4954cc91a8cdfb6d272905a1dc5d8d4d1a1
2026-09-15T12:24:50.0659315Z + exit 0
2026-09-15T12:24:50.0659489Z + for STAGE in /stages/*.sh
2026-09-15T12:24:50.0659690Z + bash /stages/50-zvbi.sh
2026-09-15T12:24:50.0668147Z + shopt -s dotglob
2026-09-15T12:24:50.0668441Z + source /dl_functions.sh
2026-09-15T12:24:50.0668733Z + source /scripts.d/50-zvbi.sh
2026-09-15T12:24:50.0669066Z ++ SCRIPT_REPO=https://github.com/zapping-vbi/zvbi
2026-09-15T12:24:50.0669363Z ++ SCRIPT_COMMIT=d3a5ee9f2b047bf16cd1ee5ccf6ec05ee75409d0
2026-09-15T12:24:50.0671385Z ++ ffbuild_dockerdl
2026-09-15T12:24:50.0671650Z ++ default_dl .
2026-09-15T12:24:50.0672205Z ++ echo 'git-mini-clone "https://github.com/zapping-vbi/zvbi" "d3a5ee9f2b047bf16cd1ee5ccf6ec05ee75409d0" "."'
2026-09-15T12:24:50.0674752Z + STG='git-mini-clone "https://github.com/zapping-vbi/zvbi" "d3a5ee9f2b047bf16cd1ee5ccf6ec05ee75409d0" "."'
2026-09-15T12:24:50.0675675Z + [[ -z git-mini-clone "https://github.com/zapping-vbi/zvbi" "d3a5ee9f2b047bf16cd1ee5ccf6ec05ee75409d0" "." ]]
2026-09-15T12:24:50.0677320Z ++ cut '-d ' -f1
2026-09-15T12:24:50.0677573Z ++ sha256sum
2026-09-15T12:24:50.0703277Z + DLHASH=7369ec5938a995eb4283992070b303e140fc8a3b5f53d80e2a5df0b84794a75b
2026-09-15T12:24:50.0703767Z + DLNAME=50-zvbi
2026-09-15T12:24:50.0704030Z + [[ hashonly == hashonly ]]
2026-09-15T12:24:50.0704315Z + echo 7369ec5938a995eb4283992070b303e140fc8a3b5f53d80e2a5df0b84794a75b
2026-09-15T12:24:50.0704627Z + exit 0
2026-09-15T12:24:50.0705732Z + for STAGE in /stages/*.sh
2026-09-15T12:24:50.0706209Z + bash /stages/55-rustdedup.sh
2026-09-15T12:24:50.0715299Z + shopt -s dotglob
2026-09-15T12:24:50.0715786Z + source /dl_functions.sh
2026-09-15T12:24:50.0716006Z + source /scripts.d/55-rustdedup.sh
2026-09-15T12:24:50.0716565Z ++ SCRIPT_SKIP=1
2026-09-15T12:24:50.0719326Z ++ ffbuild_dockerdl
2026-09-15T12:24:50.0719605Z ++ return 0
2026-09-15T12:24:50.0720712Z + STG=
2026-09-15T12:24:50.0721557Z + [[ -z '' ]]
2026-09-15T12:24:50.0721724Z + exit 0
2026-09-15T12:24:50.0722718Z + for STAGE in /stages/*.sh
2026-09-15T12:24:50.0722942Z + bash /stages/55-spirv-cross.sh
2026-09-15T12:24:50.0732752Z + shopt -s dotglob
2026-09-15T12:24:50.0733190Z + source /dl_functions.sh
2026-09-15T12:24:50.0733734Z + source /scripts.d/47-vulkan/55-spirv-cross.sh
2026-09-15T12:24:50.0734307Z ++ SCRIPT_REPO=https://github.com/KhronosGroup/SPIRV-Cross.git
2026-09-15T12:24:50.0734835Z ++ SCRIPT_COMMIT=9c3c8e2cefdd8194b193bb8ed2fdff4d5527e382
2026-09-15T12:24:50.0736482Z ++ ffbuild_dockerdl
2026-09-15T12:24:50.0736848Z ++ default_dl .
2026-09-15T12:24:50.0737537Z ++ echo 'git-mini-clone "https://github.com/KhronosGroup/SPIRV-Cross.git" "9c3c8e2cefdd8194b193bb8ed2fdff4d5527e382" "."'
2026-09-15T12:24:50.0739246Z + STG='git-mini-clone "https://github.com/KhronosGroup/SPIRV-Cross.git" "9c3c8e2cefdd8194b193bb8ed2fdff4d5527e382" "."'
2026-09-15T12:24:50.0740214Z + [[ -z git-mini-clone "https://github.com/KhronosGroup/SPIRV-Cross.git" "9c3c8e2cefdd8194b193bb8ed2fdff4d5527e382" "." ]]
2026-09-15T12:24:50.0742874Z ++ sha256sum
2026-09-15T12:24:50.0744225Z ++ cut '-d ' -f1
2026-09-15T12:24:50.0765053Z + DLHASH=beb52c3f40fbf31adb47a273fe38150d3bef886646a55550484ca13a4475c8b7
2026-09-15T12:24:50.0765398Z + DLNAME=55-spirv-cross
2026-09-15T12:24:50.0765601Z + [[ hashonly == hashonly ]]
2026-09-15T12:24:50.0765888Z + echo beb52c3f40fbf31adb47a273fe38150d3bef886646a55550484ca13a4475c8b7
2026-09-15T12:24:50.0766180Z + exit 0
2026-09-15T12:24:50.0769550Z + for STAGE in /stages/*.sh
2026-09-15T12:24:50.0769848Z + bash /stages/60-libglvnd.sh
2026-09-15T12:24:50.0776715Z + shopt -s dotglob
2026-09-15T12:24:50.0776907Z + source /dl_functions.sh
2026-09-15T12:24:50.0779409Z + source /scripts.d/45-x11/60-libglvnd.sh
2026-09-15T12:24:50.0780200Z ++ SCRIPT_REPO=https://gitlab.freedesktop.org/glvnd/libglvnd.git
2026-09-15T12:24:50.0780595Z ++ SCRIPT_COMMIT=c046a760d845416e98ac4128757b2b356c47fdaa
2026-09-15T12:24:50.0781002Z ++ ffbuild_dockerdl
2026-09-15T12:24:50.0781173Z ++ default_dl .
2026-09-15T12:24:50.0781572Z ++ echo 'git-mini-clone "https://gitlab.freedesktop.org/glvnd/libglvnd.git" "c046a760d845416e98ac4128757b2b356c47fdaa" "."'
2026-09-15T12:24:50.0783629Z + STG='git-mini-clone "https://gitlab.freedesktop.org/glvnd/libglvnd.git" "c046a760d845416e98ac4128757b2b356c47fdaa" "."'
2026-09-15T12:24:50.0784413Z + [[ -z git-mini-clone "https://gitlab.freedesktop.org/glvnd/libglvnd.git" "c046a760d845416e98ac4128757b2b356c47fdaa" "." ]]
2026-09-15T12:24:50.0787785Z ++ sha256sum
2026-09-15T12:24:50.0788452Z ++ cut '-d ' -f1
2026-09-15T12:24:50.0811206Z + DLHASH=b5decd6ef0d35071d5ef435a736000a7c2dfe94707206653267c61e11630c960
2026-09-15T12:24:50.0811579Z + DLNAME=60-libglvnd
2026-09-15T12:24:50.0811767Z + [[ hashonly == hashonly ]]
2026-09-15T12:24:50.0812059Z + echo b5decd6ef0d35071d5ef435a736000a7c2dfe94707206653267c61e11630c960
2026-09-15T12:24:50.0812351Z + exit 0
2026-09-15T12:24:50.0814797Z + for STAGE in /stages/*.sh
2026-09-15T12:24:50.0815041Z + bash /stages/60-libxcursor.sh
2026-09-15T12:24:50.0823358Z + shopt -s dotglob
2026-09-15T12:24:50.0823796Z + source /dl_functions.sh
2026-09-15T12:24:50.0825747Z + source /scripts.d/45-x11/60-libxcursor.sh
2026-09-15T12:24:50.0826148Z ++ SCRIPT_REPO=https://gitlab.freedesktop.org/xorg/lib/libxcursor.git
2026-09-15T12:24:50.0826558Z ++ SCRIPT_COMMIT=15efad7ccd035f5d1ddc8d437e047569d1775fa7
2026-09-15T12:24:50.0828377Z ++ ffbuild_dockerdl
2026-09-15T12:24:50.0828648Z ++ default_dl .
2026-09-15T12:24:50.0829317Z ++ echo 'git-mini-clone "https://gitlab.freedesktop.org/xorg/lib/libxcursor.git" "15efad7ccd035f5d1ddc8d437e047569d1775fa7" "."'
2026-09-15T12:24:50.0833454Z + STG='git-mini-clone "https://gitlab.freedesktop.org/xorg/lib/libxcursor.git" "15efad7ccd035f5d1ddc8d437e047569d1775fa7" "."'
2026-09-15T12:24:50.0834830Z + [[ -z git-mini-clone "https://gitlab.freedesktop.org/xorg/lib/libxcursor.git" "15efad7ccd035f5d1ddc8d437e047569d1775fa7" "." ]]
2026-09-15T12:24:50.0835519Z ++ sha256sum
2026-09-15T12:24:50.0837008Z ++ cut '-d ' -f1
2026-09-15T12:24:50.0856558Z + DLHASH=899caf3541ff1f0fdf3a60cbc483877819b6bc6b8fc6d56ae9863dd95d5b4a45
2026-09-15T12:24:50.0857045Z + DLNAME=60-libxcursor
2026-09-15T12:24:50.0857307Z + [[ hashonly == hashonly ]]
2026-09-15T12:24:50.0857960Z + echo 899caf3541ff1f0fdf3a60cbc483877819b6bc6b8fc6d56ae9863dd95d5b4a45
2026-09-15T12:24:50.0858076Z + exit 0
2026-09-15T12:24:50.0858180Z + for STAGE in /stages/*.sh
2026-09-15T12:24:50.0858264Z + bash /stages/60-libxrandr.sh
2026-09-15T12:24:50.0867607Z + shopt -s dotglob
2026-09-15T12:24:50.0867764Z + source /dl_functions.sh
2026-09-15T12:24:50.0868479Z + source /scripts.d/45-x11/60-libxrandr.sh
2026-09-15T12:24:50.0868860Z ++ SCRIPT_REPO=https://gitlab.freedesktop.org/xorg/lib/libxrandr.git
2026-09-15T12:24:50.0869292Z ++ SCRIPT_COMMIT=8a4ba1974bcf07057cf891128d86ae1ab5303574
2026-09-15T12:24:50.0871558Z ++ ffbuild_dockerdl
2026-09-15T12:24:50.0871727Z ++ default_dl .
2026-09-15T12:24:50.0874002Z ++ echo 'git-mini-clone "https://gitlab.freedesktop.org/xorg/lib/libxrandr.git" "8a4ba1974bcf07057cf891128d86ae1ab5303574" "."'
2026-09-15T12:24:50.0874319Z + STG='git-mini-clone "https://gitlab.freedesktop.org/xorg/lib/libxrandr.git" "8a4ba1974bcf07057cf891128d86ae1ab5303574" "."'
2026-09-15T12:24:50.0874632Z + [[ -z git-mini-clone "https://gitlab.freedesktop.org/xorg/lib/libxrandr.git" "8a4ba1974bcf07057cf891128d86ae1ab5303574" "." ]]
2026-09-15T12:24:50.0878407Z ++ sha256sum
2026-09-15T12:24:50.0879076Z ++ cut '-d ' -f1
2026-09-15T12:24:50.0900091Z + DLHASH=76ce7ef426d59979a255619444de369567889d5bfe2af130ef77700c096230fc
2026-09-15T12:24:50.0900219Z + DLNAME=60-libxrandr
2026-09-15T12:24:50.0900338Z + [[ hashonly == hashonly ]]
2026-09-15T12:24:50.0900605Z + echo 76ce7ef426d59979a255619444de369567889d5bfe2af130ef77700c096230fc
2026-09-15T12:24:50.0900698Z + exit 0
2026-09-15T12:24:50.0902671Z + for STAGE in /stages/*.sh
2026-09-15T12:24:50.0902755Z + bash /stages/60-libxv.sh
2026-09-15T12:24:50.0912317Z + shopt -s dotglob
2026-09-15T12:24:50.0912456Z + source /dl_functions.sh
2026-09-15T12:24:50.0912595Z + source /scripts.d/45-x11/60-libxv.sh
2026-09-15T12:24:50.0912910Z ++ SCRIPT_REPO=https://gitlab.freedesktop.org/xorg/lib/libxv.git
2026-09-15T12:24:50.0913109Z ++ SCRIPT_COMMIT=f315ec50fcad9bdbaed46c3e78dc5e7fe209f933
2026-09-15T12:24:50.0915472Z ++ ffbuild_dockerdl
2026-09-15T12:24:50.0915680Z ++ default_dl .
2026-09-15T12:24:50.0916173Z ++ echo 'git-mini-clone "https://gitlab.freedesktop.org/xorg/lib/libxv.git" "f315ec50fcad9bdbaed46c3e78dc5e7fe209f933" "."'
2026-09-15T12:24:50.0918937Z + STG='git-mini-clone "https://gitlab.freedesktop.org/xorg/lib/libxv.git" "f315ec50fcad9bdbaed46c3e78dc5e7fe209f933" "."'
2026-09-15T12:24:50.0919418Z + [[ -z git-mini-clone "https://gitlab.freedesktop.org/xorg/lib/libxv.git" "f315ec50fcad9bdbaed46c3e78dc5e7fe209f933" "." ]]
2026-09-15T12:24:50.0923161Z ++ sha256sum
2026-09-15T12:24:50.0923301Z ++ cut '-d ' -f1
2026-09-15T12:24:50.0944724Z + DLHASH=cda840dfd0f852c6535789148438618900c0a214b03a010c02ff1364a5499e02
2026-09-15T12:24:50.0944804Z + DLNAME=60-libxv
2026-09-15T12:24:50.0944927Z + [[ hashonly == hashonly ]]
2026-09-15T12:24:50.0945181Z + echo cda840dfd0f852c6535789148438618900c0a214b03a010c02ff1364a5499e02
2026-09-15T12:24:50.0945283Z + exit 0
2026-09-15T12:24:50.0946649Z + for STAGE in /stages/*.sh
2026-09-15T12:24:50.0946843Z + bash /stages/60-spirv-headers.sh
2026-09-15T12:24:50.0956521Z + shopt -s dotglob
2026-09-15T12:24:50.0956652Z + source /dl_functions.sh
2026-09-15T12:24:50.0956838Z + source /scripts.d/47-vulkan/60-spirv-headers.sh
2026-09-15T12:24:50.0957380Z ++ SCRIPT_REPO=https://github.com/KhronosGroup/SPIRV-Headers.git
2026-09-15T12:24:50.0957519Z ++ SCRIPT_COMMIT=f0bf307f7c49d26484db596185cece53c37701fc
2026-09-15T12:24:50.0959647Z ++ ffbuild_dockerdl
2026-09-15T12:24:50.0959752Z ++ default_dl .
2026-09-15T12:24:50.0960439Z ++ echo 'git-mini-clone "https://github.com/KhronosGroup/SPIRV-Headers.git" "f0bf307f7c49d26484db596185cece53c37701fc" "."'
2026-09-15T12:24:50.0961907Z + STG='git-mini-clone "https://github.com/KhronosGroup/SPIRV-Headers.git" "f0bf307f7c49d26484db596185cece53c37701fc" "."'
2026-09-15T12:24:50.0962394Z + [[ -z git-mini-clone "https://github.com/KhronosGroup/SPIRV-Headers.git" "f0bf307f7c49d26484db596185cece53c37701fc" "." ]]
2026-09-15T12:24:50.0967119Z ++ sha256sum
2026-09-15T12:24:50.0967446Z ++ cut '-d ' -f1
2026-09-15T12:24:50.0989252Z + DLHASH=635d9044201a4b38732e08b4078f951e570e32f2d510c10c8c372daf9ad5bba6
2026-09-15T12:24:50.0989388Z + DLNAME=60-spirv-headers
2026-09-15T12:24:50.0989524Z + [[ hashonly == hashonly ]]
2026-09-15T12:24:50.0989830Z + echo 635d9044201a4b38732e08b4078f951e570e32f2d510c10c8c372daf9ad5bba6
2026-09-15T12:24:50.0989944Z + exit 0
2026-09-15T12:24:50.0990135Z + for STAGE in /stages/*.sh
2026-09-15T12:24:50.0990293Z + bash /stages/96-lv2.sh
2026-09-15T12:24:50.1000014Z + shopt -s dotglob
2026-09-15T12:24:50.1000159Z + source /dl_functions.sh
2026-09-15T12:24:50.1000349Z + source /scripts.d/50-lilv/96-lv2.sh
2026-09-15T12:24:50.1002523Z ++ SCRIPT_REPO=https://github.com/lv2/lv2.git
2026-09-15T12:24:50.1002750Z ++ SCRIPT_COMMIT=3c57dae600a5ad8d05acd53ee3490f7d91cb7be6
2026-09-15T12:24:50.1003855Z ++ ffbuild_dockerdl
2026-09-15T12:24:50.1003964Z ++ default_dl .
2026-09-15T12:24:50.1004405Z ++ echo 'git-mini-clone "https://github.com/lv2/lv2.git" "3c57dae600a5ad8d05acd53ee3490f7d91cb7be6" "."'
2026-09-15T12:24:50.1005824Z + STG='git-mini-clone "https://github.com/lv2/lv2.git" "3c57dae600a5ad8d05acd53ee3490f7d91cb7be6" "."'
2026-09-15T12:24:50.1006187Z + [[ -z git-mini-clone "https://github.com/lv2/lv2.git" "3c57dae600a5ad8d05acd53ee3490f7d91cb7be6" "." ]]
2026-09-15T12:24:50.1009816Z ++ sha256sum
2026-09-15T12:24:50.1018246Z ++ cut '-d ' -f1
2026-09-15T12:24:50.1034248Z + DLHASH=1833e554a5a1760aa41062569225bbb9856f09f3c23d37301074d82a17b0624e
2026-09-15T12:24:50.1034376Z + DLNAME=96-lv2
2026-09-15T12:24:50.1034499Z + [[ hashonly == hashonly ]]
2026-09-15T12:24:50.1034742Z + echo 1833e554a5a1760aa41062569225bbb9856f09f3c23d37301074d82a17b0624e
2026-09-15T12:24:50.1034842Z + exit 0
2026-09-15T12:24:50.1037261Z + for STAGE in /stages/*.sh
2026-09-15T12:24:50.1037375Z + bash /stages/96-serd.sh
2026-09-15T12:24:50.1045455Z + shopt -s dotglob
2026-09-15T12:24:50.1045625Z + source /dl_functions.sh
2026-09-15T12:24:50.1045948Z + source /scripts.d/50-lilv/96-serd.sh
2026-09-15T12:24:50.1046258Z ++ SCRIPT_REPO=https://github.com/drobilla/serd.git
2026-09-15T12:24:50.1046516Z ++ SCRIPT_COMMIT=b6053bb2a4533e6a8e3821c1061f140d5e666938
2026-09-15T12:24:50.1048723Z ++ ffbuild_dockerdl
2026-09-15T12:24:50.1048828Z ++ default_dl .
2026-09-15T12:24:50.1049234Z ++ echo 'git-mini-clone "https://github.com/drobilla/serd.git" "b6053bb2a4533e6a8e3821c1061f140d5e666938" "."'
2026-09-15T12:24:50.1050621Z + STG='git-mini-clone "https://github.com/drobilla/serd.git" "b6053bb2a4533e6a8e3821c1061f140d5e666938" "."'
2026-09-15T12:24:50.1051033Z + [[ -z git-mini-clone "https://github.com/drobilla/serd.git" "b6053bb2a4533e6a8e3821c1061f140d5e666938" "." ]]
2026-09-15T12:24:50.1054248Z ++ sha256sum
2026-09-15T12:24:50.1054574Z ++ cut '-d ' -f1
2026-09-15T12:24:50.1076344Z + DLHASH=257c27b8651c05a3b7179f2477bd69ed036feac4eb253312569096821e69a8e7
2026-09-15T12:24:50.1076479Z + DLNAME=96-serd
2026-09-15T12:24:50.1076609Z + [[ hashonly == hashonly ]]
2026-09-15T12:24:50.1076851Z + echo 257c27b8651c05a3b7179f2477bd69ed036feac4eb253312569096821e69a8e7
2026-09-15T12:24:50.1076972Z + exit 0
2026-09-15T12:24:50.1078954Z + for STAGE in /stages/*.sh
2026-09-15T12:24:50.1079161Z + bash /stages/96-zix.sh
2026-09-15T12:24:50.1087612Z + shopt -s dotglob
2026-09-15T12:24:50.1087741Z + source /dl_functions.sh
2026-09-15T12:24:50.1088067Z + source /scripts.d/50-lilv/96-zix.sh
2026-09-15T12:24:50.1088626Z ++ SCRIPT_REPO=https://github.com/drobilla/zix.git
2026-09-15T12:24:50.1088882Z ++ SCRIPT_COMMIT=17d632393f5addb6fa24dda2927b96515407cca7
2026-09-15T12:24:50.1091799Z ++ ffbuild_dockerdl
2026-09-15T12:24:50.1091911Z ++ default_dl .
2026-09-15T12:24:50.1092324Z ++ echo 'git-mini-clone "https://github.com/drobilla/zix.git" "17d632393f5addb6fa24dda2927b96515407cca7" "."'
2026-09-15T12:24:50.1094024Z + STG='git-mini-clone "https://github.com/drobilla/zix.git" "17d632393f5addb6fa24dda2927b96515407cca7" "."'
2026-09-15T12:24:50.1094423Z + [[ -z git-mini-clone "https://github.com/drobilla/zix.git" "17d632393f5addb6fa24dda2927b96515407cca7" "." ]]
2026-09-15T12:24:50.1097630Z ++ sha256sum
2026-09-15T12:24:50.1098793Z ++ cut '-d ' -f1
2026-09-15T12:24:50.1119941Z + DLHASH=21e780c9ab8c0f8067c36bb53b76fcabc2dd828153b3f1ab082ed44281f62d13
2026-09-15T12:24:50.1120049Z + DLNAME=96-zix
2026-09-15T12:24:50.1120189Z + [[ hashonly == hashonly ]]
2026-09-15T12:24:50.1120520Z + echo 21e780c9ab8c0f8067c36bb53b76fcabc2dd828153b3f1ab082ed44281f62d13
2026-09-15T12:24:50.1120617Z + exit 0
2026-09-15T12:24:50.1122482Z + for STAGE in /stages/*.sh
2026-09-15T12:24:50.1122602Z + bash /stages/97-sord.sh
2026-09-15T12:24:50.1130215Z + shopt -s dotglob
2026-09-15T12:24:50.1130588Z + source /dl_functions.sh
2026-09-15T12:24:50.1130724Z + source /scripts.d/50-lilv/97-sord.sh
2026-09-15T12:24:50.1131097Z ++ SCRIPT_REPO=https://github.com/drobilla/sord.git
2026-09-15T12:24:50.1131271Z ++ SCRIPT_COMMIT=4b5232bb91e7f2f1b84df384494d073fabbcd312
2026-09-15T12:24:50.1133797Z ++ ffbuild_dockerdl
2026-09-15T12:24:50.1133895Z ++ default_dl .
2026-09-15T12:24:50.1134372Z ++ echo 'git-mini-clone "https://github.com/drobilla/sord.git" "4b5232bb91e7f2f1b84df384494d073fabbcd312" "."'
2026-09-15T12:24:50.1136267Z + STG='git-mini-clone "https://github.com/drobilla/sord.git" "4b5232bb91e7f2f1b84df384494d073fabbcd312" "."'
2026-09-15T12:24:50.1136672Z + [[ -z git-mini-clone "https://github.com/drobilla/sord.git" "4b5232bb91e7f2f1b84df384494d073fabbcd312" "." ]]
2026-09-15T12:24:50.1140255Z ++ sha256sum
2026-09-15T12:24:50.1146217Z ++ cut '-d ' -f1
2026-09-15T12:24:50.1165534Z + DLHASH=6ef433b3c59e64a645002e31f929dfec02cbd979f0d70b5373173e1ca217125d
2026-09-15T12:24:50.1165645Z + DLNAME=97-sord
2026-09-15T12:24:50.1165737Z + [[ hashonly == hashonly ]]
2026-09-15T12:24:50.1165903Z + echo 6ef433b3c59e64a645002e31f929dfec02cbd979f0d70b5373173e1ca217125d
2026-09-15T12:24:50.1168829Z + exit 0
2026-09-15T12:24:50.1168973Z + for STAGE in /stages/*.sh
2026-09-15T12:24:50.1169081Z + bash /stages/98-sratom.sh
2026-09-15T12:24:50.1176930Z + shopt -s dotglob
2026-09-15T12:24:50.1177066Z + source /dl_functions.sh
2026-09-15T12:24:50.1177302Z + source /scripts.d/50-lilv/98-sratom.sh
2026-09-15T12:24:50.1177460Z ++ SCRIPT_REPO=https://github.com/lv2/sratom.git
2026-09-15T12:24:50.1177589Z ++ SCRIPT_COMMIT=9e8ee84eed502e6030ce8bb49694fd28542b08fc
2026-09-15T12:24:50.1180406Z ++ ffbuild_dockerdl
2026-09-15T12:24:50.1180481Z ++ default_dl .
2026-09-15T12:24:50.1180798Z ++ echo 'git-mini-clone "https://github.com/lv2/sratom.git" "9e8ee84eed502e6030ce8bb49694fd28542b08fc" "."'
2026-09-15T12:24:50.1182903Z + STG='git-mini-clone "https://github.com/lv2/sratom.git" "9e8ee84eed502e6030ce8bb49694fd28542b08fc" "."'
2026-09-15T12:24:50.1183290Z + [[ -z git-mini-clone "https://github.com/lv2/sratom.git" "9e8ee84eed502e6030ce8bb49694fd28542b08fc" "." ]]
2026-09-15T12:24:50.1186353Z ++ sha256sum
2026-09-15T12:24:50.1188671Z ++ cut '-d ' -f1
2026-09-15T12:24:50.1208896Z + DLHASH=a7e01a157b247bfecbce4a5c63016fa503ddd5703ffc208af3f81805a7d30535
2026-09-15T12:24:50.1209190Z + DLNAME=98-sratom
2026-09-15T12:24:50.1209324Z + [[ hashonly == hashonly ]]
2026-09-15T12:24:50.1209597Z + echo a7e01a157b247bfecbce4a5c63016fa503ddd5703ffc208af3f81805a7d30535
2026-09-15T12:24:50.1209712Z + exit 0
2026-09-15T12:24:50.1210678Z + for STAGE in /stages/*.sh
2026-09-15T12:24:50.1210833Z + bash /stages/99-enable.sh
2026-09-15T12:24:50.1220775Z + shopt -s dotglob
2026-09-15T12:24:50.1220885Z + source /dl_functions.sh
2026-09-15T12:24:50.1221025Z + source /scripts.d/47-vulkan/99-enable.sh
2026-09-15T12:24:50.1221199Z ++ SCRIPT_SKIP=1
2026-09-15T12:24:50.1223818Z ++ ffbuild_dockerdl
2026-09-15T12:24:50.1223988Z ++ true
2026-09-15T12:24:50.1225531Z + STG=
2026-09-15T12:24:50.1225660Z + [[ -z '' ]]
2026-09-15T12:24:50.1225763Z + exit 0
2026-09-15T12:24:50.1226901Z + for STAGE in /stages/*.sh
2026-09-15T12:24:50.1227106Z + bash /stages/99-finalize.sh
2026-09-15T12:24:50.1236873Z + shopt -s dotglob
2026-09-15T12:24:50.1237486Z + source /dl_functions.sh
2026-09-15T12:24:50.1237639Z + source /scripts.d/50-vaapi/99-finalize.sh
2026-09-15T12:24:50.1237736Z ++ SCRIPT_SKIP=1
2026-09-15T12:24:50.1241094Z ++ ffbuild_dockerdl
2026-09-15T12:24:50.1241188Z ++ true
2026-09-15T12:24:50.1241287Z + STG=
2026-09-15T12:24:50.1241384Z + [[ -z '' ]]
2026-09-15T12:24:50.1241646Z + exit 0
2026-09-15T12:24:50.1243590Z + for STAGE in /stages/*.sh
2026-09-15T12:24:50.1243673Z + bash /stages/99-librsvg.sh
2026-09-15T12:24:50.1251690Z + shopt -s dotglob
2026-09-15T12:24:50.1251849Z + source /dl_functions.sh
2026-09-15T12:24:50.1251992Z + source /scripts.d/50-librsvg/99-librsvg.sh
2026-09-15T12:24:50.1252952Z ++ SCRIPT_REPO=https://github.com/GNOME/librsvg.git
2026-09-15T12:24:50.1253139Z ++ SCRIPT_COMMIT=a6cee75afad445355e1e1c9d02fa3fbe9939333c
2026-09-15T12:24:50.1256242Z ++ ffbuild_dockerdl
2026-09-15T12:24:50.1256357Z ++ default_dl .
2026-09-15T12:24:50.1256858Z ++ echo 'git-mini-clone "https://github.com/GNOME/librsvg.git" "a6cee75afad445355e1e1c9d02fa3fbe9939333c" "."'
2026-09-15T12:24:50.1257089Z ++ echo 'mkdir .cargo && CARGO_HOME="$(mktemp -d)" cargo vendor --versioned-dirs > .cargo/config.toml'
2026-09-15T12:24:50.1258852Z + STG=$'git-mini-clone "https://github.com/GNOME/librsvg.git" "a6cee75afad445355e1e1c9d02fa3fbe9939333c" "."\nmkdir .cargo && CARGO_HOME="$(mktemp -d)" cargo vendor --versioned-dirs > .cargo/config.toml'
2026-09-15T12:24:50.1259295Z + [[ -z git-mini-clone "https://github.com/GNOME/librsvg.git" "a6cee75afad445355e1e1c9d02fa3fbe9939333c" "."
2026-09-15T12:24:50.1263222Z mkdir .cargo && CARGO_HOME="$(mktemp -d)" cargo vendor --versioned-dirs > .cargo/config.toml ]]
2026-09-15T12:24:50.1263457Z ++ sha256sum
2026-09-15T12:24:50.1263793Z ++ cut '-d ' -f1
2026-09-15T12:24:50.1286837Z + DLHASH=38c8426faeb84e5198b43c24cadaacd1bdb27df0a6870b7dee9e0f26db90122a
2026-09-15T12:24:50.1287034Z + DLNAME=99-librsvg
2026-09-15T12:24:50.1287141Z + [[ hashonly == hashonly ]]
2026-09-15T12:24:50.1287308Z + echo 38c8426faeb84e5198b43c24cadaacd1bdb27df0a6870b7dee9e0f26db90122a
2026-09-15T12:24:50.1287387Z + exit 0
2026-09-15T12:24:50.1289252Z + for STAGE in /stages/*.sh
2026-09-15T12:24:50.1289394Z + bash /stages/99-lilv.sh
2026-09-15T12:24:50.1298432Z + shopt -s dotglob
2026-09-15T12:24:50.1298556Z + source /dl_functions.sh
2026-09-15T12:24:50.1300251Z + source /scripts.d/50-lilv/99-lilv.sh
2026-09-15T12:24:50.1300366Z ++ SCRIPT_REPO=https://github.com/lv2/lilv.git
2026-09-15T12:24:50.1300500Z ++ SCRIPT_COMMIT=4b8f30055fa5cb4134a2eb45fc1555bc04289314
2026-09-15T12:24:50.1302171Z ++ ffbuild_dockerdl
2026-09-15T12:24:50.1302368Z ++ default_dl .
2026-09-15T12:24:50.1302654Z ++ echo 'git-mini-clone "https://github.com/lv2/lilv.git" "4b8f30055fa5cb4134a2eb45fc1555bc04289314" "."'
2026-09-15T12:24:50.1305553Z + STG='git-mini-clone "https://github.com/lv2/lilv.git" "4b8f30055fa5cb4134a2eb45fc1555bc04289314" "."'
2026-09-15T12:24:50.1305925Z + [[ -z git-mini-clone "https://github.com/lv2/lilv.git" "4b8f30055fa5cb4134a2eb45fc1555bc04289314" "." ]]
2026-09-15T12:24:50.1319731Z ++ sha256sum
2026-09-15T12:24:50.1319871Z ++ cut '-d ' -f1
2026-09-15T12:24:50.1332644Z + DLHASH=0543a3c15e7971c2371260e51aad5ead6ffbc7a539de39540a906ebf944d829d
2026-09-15T12:24:50.1332722Z + DLNAME=99-lilv
2026-09-15T12:24:50.1332861Z + [[ hashonly == hashonly ]]
2026-09-15T12:24:50.1333042Z + echo 0543a3c15e7971c2371260e51aad5ead6ffbc7a539de39540a906ebf944d829d
2026-09-15T12:24:50.1333117Z + exit 0
2026-09-15T12:24:50.1334301Z + for STAGE in /stages/*.sh
2026-09-15T12:24:50.1334388Z + bash /stages/zz-final.sh
2026-09-15T12:24:50.1343419Z + shopt -s dotglob
2026-09-15T12:24:50.1343542Z + source /dl_functions.sh
2026-09-15T12:24:50.1343851Z + source /scripts.d/zz-final.sh
2026-09-15T12:24:50.1343949Z ++ SCRIPT_SKIP=1
2026-09-15T12:24:50.1346749Z ++ ffbuild_dockerdl
2026-09-15T12:24:50.1346852Z ++ return 0
2026-09-15T12:24:50.1348451Z + STG=
2026-09-15T12:24:50.1348592Z + [[ -z '' ]]
2026-09-15T12:24:50.1348812Z + exit 0
2026-09-15T12:24:50.2117024Z + rm -rf -- /tmp/tmp.ZkEfXwumuI
2026-09-15T12:24:50.2187380Z ##[group]Run T="$(echo -n *** | sha256sum | head -c 64)" && echo -e "::add-mask::${T}\n::stop-commands::${T}"
2026-09-15T12:24:50.2189575Z [36;1mT="$(echo -n *** | sha256sum | head -c 64)" && echo -e "::add-mask::${T}\n::stop-commands::${T}"[0m
2026-09-15T12:24:50.2219914Z shell: /usr/bin/bash -e {0}
2026-09-15T12:24:50.2219982Z env:
2026-09-15T12:24:50.2220067Z   DOCKER_BUILDKIT: 1
2026-09-15T12:24:50.2220141Z ##[endgroup]
2026-09-15T12:24:50.2287082Z ::stop-commands::***
2026-09-15T12:24:50.2306399Z ##[group]Run DOCKER_TAG_SUFFIX= ./generate.sh win64 lgpl 9.0
2026-09-15T12:24:50.2306550Z [36;1mDOCKER_TAG_SUFFIX= ./generate.sh win64 lgpl 9.0[0m
2026-09-15T12:24:50.2331913Z shell: /usr/bin/bash -e {0}
2026-09-15T12:24:50.2331984Z env:
2026-09-15T12:24:50.2332210Z   DOCKER_BUILDKIT: 1
2026-09-15T12:24:50.2332285Z ##[endgroup]
2026-09-15T12:25:01.2866050Z ##[group]Run actions/cache/restore@v6
2026-09-15T12:25:01.2866294Z with:
2026-09-15T12:25:01.2866463Z   path: .cache/downloads
2026-09-15T12:25:01.2866805Z   key: download-cache-0d971000b951bacd33b8cad80bed4c6aeb4fdcd2cfbf937759571cf22d5823a2
2026-09-15T12:25:01.2867180Z   fail-on-cache-miss: true
2026-09-15T12:25:01.2867387Z   enableCrossOsArchive: false
2026-09-15T12:25:01.2867590Z   lookup-only: false
2026-09-15T12:25:01.2867774Z env:
2026-09-15T12:25:01.2868125Z   DOCKER_BUILDKIT: 1
2026-09-15T12:25:01.2868301Z ##[endgroup]
2026-09-15T12:25:01.5769301Z Cache hit for: download-cache-0d971000b951bacd33b8cad80bed4c6aeb4fdcd2cfbf937759571cf22d5823a2
2026-09-15T12:25:02.7908039Z Received 41943040 of 2166432997 (1.9%), 40.0 MBs/sec
2026-09-15T12:25:03.7919335Z Received 192937984 of 2166432997 (8.9%), 92.0 MBs/sec
2026-09-15T12:25:04.7923821Z Received 364904448 of 2166432997 (16.8%), 115.9 MBs/sec
2026-09-15T12:25:05.7951656Z Received 486539264 of 2166432997 (22.5%), 116.0 MBs/sec
2026-09-15T12:25:06.7929310Z Received 624951296 of 2166432997 (28.8%), 119.2 MBs/sec
2026-09-15T12:25:07.7968941Z Received 738197504 of 2166432997 (34.1%), 117.3 MBs/sec
2026-09-15T12:25:08.7951508Z Received 834666496 of 2166432997 (38.5%), 113.6 MBs/sec
2026-09-15T12:25:09.7958679Z Received 960495616 of 2166432997 (44.3%), 114.4 MBs/sec
2026-09-15T12:25:10.7973673Z Received 1073741824 of 2166432997 (49.6%), 113.7 MBs/sec
2026-09-15T12:25:11.7999338Z Received 1199570944 of 2166432997 (55.4%), 114.3 MBs/sec
2026-09-15T12:25:12.7986749Z Received 1321205760 of 2166432997 (61.0%), 114.5 MBs/sec
2026-09-15T12:25:13.7996322Z Received 1438646272 of 2166432997 (66.4%), 114.2 MBs/sec
2026-09-15T12:25:14.8029378Z Received 1539309568 of 2166432997 (71.1%), 112.8 MBs/sec
2026-09-15T12:25:15.8008793Z Received 1631584256 of 2166432997 (75.3%), 111.1 MBs/sec
2026-09-15T12:25:16.8021904Z Received 1740636160 of 2166432997 (80.3%), 110.6 MBs/sec
2026-09-15T12:25:17.8022935Z Received 1845493760 of 2166432997 (85.2%), 109.9 MBs/sec
2026-09-15T12:25:18.8039642Z Received 1941962752 of 2166432997 (89.6%), 108.9 MBs/sec
2026-09-15T12:25:19.8045615Z Received 2042626048 of 2166432997 (94.3%), 108.1 MBs/sec
2026-09-15T12:25:20.8048872Z Received 2147483648 of 2166432997 (99.1%), 107.7 MBs/sec
2026-09-15T12:25:21.2618696Z Received 2166432997 of 2166432997 (100.0%), 106.1 MBs/sec
2026-09-15T12:25:21.2620034Z Cache Size: ~2066 MB (2166432997 B)
2026-09-15T12:25:21.2704278Z [command]/usr/bin/tar -xf /home/runner/work/_temp/4c8cc649-b3a7-4253-8bba-3d8d146da30d/cache.tzst -P -C /home/runner/work/FFmpeg-Builds/FFmpeg-Builds --use-compress-program unzstd
2026-09-15T12:25:27.9657400Z Cache restored successfully
2026-09-15T12:25:28.0557064Z Cache restored from key: download-cache-0d971000b951bacd33b8cad80bed4c6aeb4fdcd2cfbf937759571cf22d5823a2
2026-09-15T12:25:28.2567568Z ##[group]Run docker/build-push-action@v7
2026-09-15T12:25:28.2568041Z with:
2026-09-15T12:25:28.2568310Z   context: .
2026-09-15T12:25:28.2568562Z   pull: true
2026-09-15T12:25:28.2568818Z   push: true
2026-09-15T12:25:28.2569067Z   provenance: false
2026-09-15T12:25:28.2569423Z   tags: ghcr.io/btbn/ffmpeg-builds/win64-lgpl-9.0:latest
2026-09-15T12:25:28.2570017Z   cache-to: type=registry,mode=max,ref=ghcr.io/btbn/ffmpeg-builds/win64-lgpl-9.0:cache
2026-09-15T12:25:28.2570691Z   cache-from: type=registry,ref=ghcr.io/btbn/ffmpeg-builds/win64-lgpl-9.0:cache
2026-09-15T12:25:28.2571187Z   load: false
2026-09-15T12:25:28.2571444Z   no-cache: false
2026-09-15T12:25:28.2574738Z   github-token: ***
2026-09-15T12:25:28.2575013Z env:
2026-09-15T12:25:28.2575255Z   DOCKER_BUILDKIT: 1
2026-09-15T12:25:28.2575527Z ##[endgroup]
2026-09-15T12:25:28.4531264Z ##[group]GitHub Actions runtime token ACs
2026-09-15T12:25:28.4537981Z refs/heads/master: read/write
2026-09-15T12:25:28.4538631Z ##[endgroup]
2026-09-15T12:25:28.4539151Z ##[group]Docker info
2026-09-15T12:25:28.4566941Z [command]/usr/bin/docker version
2026-09-15T12:25:28.4723626Z Client: Docker Engine - Community
2026-09-15T12:25:28.4727517Z  Version:           28.0.4
2026-09-15T12:25:28.4727998Z  API version:       1.48
2026-09-15T12:25:28.4728296Z  Go version:        go1.23.7
2026-09-15T12:25:28.4728583Z  Git commit:        b8034c0
2026-09-15T12:25:28.4728876Z  Built:             Tue Mar 25 15:07:16 2025
2026-09-15T12:25:28.4729219Z  OS/Arch:           linux/amd64
2026-09-15T12:25:28.4729515Z  Context:           default
2026-09-15T12:25:28.4729698Z 
2026-09-15T12:25:28.4729822Z Server: Docker Engine - Community
2026-09-15T12:25:28.4730140Z  Engine:
2026-09-15T12:25:28.4730391Z   Version:          28.0.4
2026-09-15T12:25:28.4730748Z   API version:      1.48 (minimum version 1.24)
2026-09-15T12:25:28.4731120Z   Go version:       go1.23.7
2026-09-15T12:25:28.4731430Z   Git commit:       6430e49
2026-09-15T12:25:28.4731760Z   Built:            Tue Mar 25 15:07:16 2025
2026-09-15T12:25:28.4732115Z   OS/Arch:          linux/amd64
2026-09-15T12:25:28.4732424Z   Experimental:     false
2026-09-15T12:25:28.4732718Z  containerd:
2026-09-15T12:25:28.4732973Z   Version:          v2.3.4
2026-09-15T12:25:28.4733322Z   GitCommit:        db8809540e1a7a9da5d518876894933ff55692ab
2026-09-15T12:25:28.4733710Z  runc:
2026-09-15T12:25:28.4733963Z   Version:          1.5.1
2026-09-15T12:25:28.4734161Z   GitCommit:        v1.5.1-0-g8f2685a4
2026-09-15T12:25:28.4734387Z  docker-init:
2026-09-15T12:25:28.4734649Z   Version:          0.19.0
2026-09-15T12:25:28.4734841Z   GitCommit:        de40ad0
2026-09-15T12:25:28.4760003Z [command]/usr/bin/docker info
2026-09-15T12:25:28.5118047Z Client: Docker Engine - Community
2026-09-15T12:25:28.5118448Z  Version:    28.0.4
2026-09-15T12:25:28.5118750Z  Context:    default
2026-09-15T12:25:28.5118981Z  Debug Mode: false
2026-09-15T12:25:28.5119156Z  Plugins:
2026-09-15T12:25:28.5119345Z   buildx: Docker Buildx (Docker Inc.)
2026-09-15T12:25:28.5119597Z     Version:  v0.37.0
2026-09-15T12:25:28.5119834Z     Path:     /usr/libexec/docker/cli-plugins/docker-buildx
2026-09-15T12:25:28.5120131Z   compose: Docker Compose (Docker Inc.)
2026-09-15T12:25:28.5120363Z     Version:  v2.38.2
2026-09-15T12:25:28.5120596Z     Path:     /usr/libexec/docker/cli-plugins/docker-compose
2026-09-15T12:25:28.5120787Z 
2026-09-15T12:25:28.5120855Z Server:
2026-09-15T12:25:28.5121016Z  Containers: 1
2026-09-15T12:25:28.5121180Z   Running: 1
2026-09-15T12:25:28.5121336Z   Paused: 0
2026-09-15T12:25:28.5121496Z   Stopped: 0
2026-09-15T12:25:28.5121651Z  Images: 2
2026-09-15T12:25:28.5121812Z  Server Version: 28.0.4
2026-09-15T12:25:28.5122000Z  Storage Driver: overlay2
2026-09-15T12:25:28.5122200Z   Backing Filesystem: extfs
2026-09-15T12:25:28.5122395Z   Supports d_type: true
2026-09-15T12:25:28.5122575Z   Using metacopy: false
2026-09-15T12:25:28.5122767Z   Native Overlay Diff: false
2026-09-15T12:25:28.5122963Z   userxattr: false
2026-09-15T12:25:28.5123457Z  Logging Driver: json-file
2026-09-15T12:25:28.5123657Z  Cgroup Driver: systemd
2026-09-15T12:25:28.5123842Z  Cgroup Version: 2
2026-09-15T12:25:28.5124014Z  Plugins:
2026-09-15T12:25:28.5124170Z   Volume: local
2026-09-15T12:25:28.5124371Z   Network: bridge host ipvlan macvlan null overlay
2026-09-15T12:25:28.5124696Z   Log: awslogs fluentd gcplogs gelf journald json-file local splunk syslog
2026-09-15T12:25:28.5124994Z  Swarm: inactive
2026-09-15T12:25:28.5125178Z  Runtimes: io.containerd.runc.v2 runc
2026-09-15T12:25:28.5125403Z  Default Runtime: runc
2026-09-15T12:25:28.5125588Z  Init Binary: docker-init
2026-09-15T12:25:28.5125835Z  containerd version: db8809540e1a7a9da5d518876894933ff55692ab
2026-09-15T12:25:28.5126111Z  runc version: v1.5.1-0-g8f2685a4
2026-09-15T12:25:28.5126321Z  init version: de40ad0
2026-09-15T12:25:28.5126501Z  Security Options:
2026-09-15T12:25:28.5126675Z   apparmor
2026-09-15T12:25:28.5126866Z   seccomp
2026-09-15T12:25:28.5127028Z    Profile: builtin
2026-09-15T12:25:28.5127204Z   cgroupns
2026-09-15T12:25:28.5127376Z  Kernel Version: 6.17.0-1022-azure
2026-09-15T12:25:28.5127596Z  Operating System: Ubuntu 24.04.5 LTS
2026-09-15T12:25:28.5128469Z  OSType: linux
2026-09-15T12:25:28.5128644Z  Architecture: x86_64
2026-09-15T12:25:28.5128817Z  CPUs: 4
2026-09-15T12:25:28.5128972Z  Total Memory: 15.61GiB
2026-09-15T12:25:28.5129152Z  Name: runnervmlun5p
2026-09-15T12:25:28.5129345Z  ID: a4efb8b6-20f9-46f4-b827-91ac0547be3a
2026-09-15T12:25:28.5129576Z  Docker Root Dir: /var/lib/docker
2026-09-15T12:25:28.5129779Z  Debug Mode: false
2026-09-15T12:25:28.5130000Z  Username: githubactions
2026-09-15T12:25:28.5130287Z  Experimental: false
2026-09-15T12:25:28.5130507Z  Insecure Registries:
2026-09-15T12:25:28.5130713Z   ::1/128
2026-09-15T12:25:28.5130867Z   127.0.0.0/8
2026-09-15T12:25:28.5131044Z  Live Restore Enabled: false
2026-09-15T12:25:28.5131176Z 
2026-09-15T12:25:28.5134420Z ##[endgroup]
2026-09-15T12:25:28.5134882Z ##[group]Proxy configuration
2026-09-15T12:25:28.5138376Z No proxy configuration found
2026-09-15T12:25:28.5140150Z ##[endgroup]
2026-09-15T12:25:28.5562185Z ##[group]Buildx version
2026-09-15T12:25:28.5581770Z [command]/usr/bin/docker buildx version
2026-09-15T12:25:28.5940514Z github.com/docker/buildx v0.37.0 ac30b249211430b85fb8f37b6e7154b5c47ba0b6
2026-09-15T12:25:28.5967516Z ##[endgroup]
2026-09-15T12:25:28.5968123Z ##[group]Builder info
2026-09-15T12:25:28.6771277Z {
2026-09-15T12:25:28.6771517Z   "nodes": [
2026-09-15T12:25:28.6771717Z     {
2026-09-15T12:25:28.6771974Z       "name": "builder-a16d9762-b3a1-43a9-8bdc-6bf3883a455b0",
2026-09-15T12:25:28.6772302Z       "endpoint": "unix:///var/run/docker.sock",
2026-09-15T12:25:28.6772561Z       "status": "running",
2026-09-15T12:25:28.6772994Z       "buildkitd-flags": "--allow-insecure-entitlement security.insecure --allow-insecure-entitlement network.host",
2026-09-15T12:25:28.6773425Z       "buildkit": "v0.32.2",
2026-09-15T12:25:28.6773770Z       "platforms": "linux/amd64,linux/amd64/v2,linux/amd64/v3,linux/amd64/v4,linux/386",
2026-09-15T12:25:28.6774094Z       "features": {
2026-09-15T12:25:28.6774441Z         "Automatically load images to the Docker Engine image store": true,
2026-09-15T12:25:28.6774816Z         "Cache export": true,
2026-09-15T12:25:28.6775031Z         "Direct push": true,
2026-09-15T12:25:28.6775321Z         "Docker exporter": true,
2026-09-15T12:25:28.6775573Z         "Multi-platform build": true,
2026-09-15T12:25:28.6775854Z         "OCI exporter": true
2026-09-15T12:25:28.6776089Z       },
2026-09-15T12:25:28.6776256Z       "labels": {
2026-09-15T12:25:28.6776590Z         "org.mobyproject.buildkit.worker.executor": "oci",
2026-09-15T12:25:28.6776971Z         "org.mobyproject.buildkit.worker.hostname": "2fc8f028d44d",
2026-09-15T12:25:28.6777386Z         "org.mobyproject.buildkit.worker.network": "host",
2026-09-15T12:25:28.6777796Z         "org.mobyproject.buildkit.worker.oci.process-mode": "sandbox",
2026-09-15T12:25:28.6778635Z         "org.mobyproject.buildkit.worker.selinux.enabled": "false",
2026-09-15T12:25:28.6779084Z         "org.mobyproject.buildkit.worker.snapshotter": "overlayfs"
2026-09-15T12:25:28.6779413Z       },
2026-09-15T12:25:28.6779602Z       "gcPolicy": [
2026-09-15T12:25:28.6779812Z         {
2026-09-15T12:25:28.6780022Z           "all": false,
2026-09-15T12:25:28.6780239Z           "filter": [
2026-09-15T12:25:28.6780600Z             "type==source.local type==exec.cachemount type==source.git.checkout"
2026-09-15T12:25:28.6781063Z           ],
2026-09-15T12:25:28.6781239Z           "keepDuration": "48h0m0s",
2026-09-15T12:25:28.6781544Z           "maxUsedSpace": "488.3MiB"
2026-09-15T12:25:28.6781783Z         },
2026-09-15T12:25:28.6781983Z         {
2026-09-15T12:25:28.6782142Z           "all": false,
2026-09-15T12:25:28.6782407Z           "keepDuration": "1440h0m0s",
2026-09-15T12:25:28.6782664Z           "reservedSpace": "9.313GiB",
2026-09-15T12:25:28.6782950Z           "maxUsedSpace": "93.13GiB",
2026-09-15T12:25:28.6783237Z           "minFreeSpace": "27.01GiB"
2026-09-15T12:25:28.6783443Z         },
2026-09-15T12:25:28.6783597Z         {
2026-09-15T12:25:28.6783750Z           "all": false,
2026-09-15T12:25:28.6784086Z           "reservedSpace": "9.313GiB",
2026-09-15T12:25:28.6784393Z           "maxUsedSpace": "93.13GiB",
2026-09-15T12:25:28.6784604Z           "minFreeSpace": "27.01GiB"
2026-09-15T12:25:28.6784891Z         },
2026-09-15T12:25:28.6785052Z         {
2026-09-15T12:25:28.6785269Z           "all": true,
2026-09-15T12:25:28.6785479Z           "reservedSpace": "9.313GiB",
2026-09-15T12:25:28.6785782Z           "maxUsedSpace": "93.13GiB",
2026-09-15T12:25:28.6785995Z           "minFreeSpace": "27.01GiB"
2026-09-15T12:25:28.6786265Z         }
2026-09-15T12:25:28.6786414Z       ],
2026-09-15T12:25:28.6786644Z       "files": {
2026-09-15T12:25:28.6786910Z         "buildkitd.toml": "[worker]\n[worker.oci]\nmax-parallelism = 2\n"
2026-09-15T12:25:28.6787293Z       }
2026-09-15T12:25:28.6787447Z     }
2026-09-15T12:25:28.6787673Z   ],
2026-09-15T12:25:28.6788257Z   "name": "builder-a16d9762-b3a1-43a9-8bdc-6bf3883a455b",
2026-09-15T12:25:28.6788639Z   "driver": "docker-container",
2026-09-15T12:25:28.6788863Z   "lastActivity": "2026-09-15T12:23:52.000Z"
2026-09-15T12:25:28.6789162Z }
2026-09-15T12:25:28.6789616Z ##[endgroup]
2026-09-15T12:25:28.8006096Z [command]/usr/bin/docker buildx build --cache-from type=registry,ref=ghcr.io/btbn/ffmpeg-builds/win64-lgpl-9.0:cache --cache-to type=registry,mode=max,ref=ghcr.io/btbn/ffmpeg-builds/win64-lgpl-9.0:cache --iidfile /home/runner/work/_temp/docker-actions-toolkit-IQsxSb/build-iidfile-70b03f7318.txt --attest type=provenance,disabled=true --tag ghcr.io/btbn/ffmpeg-builds/win64-lgpl-9.0:latest --metadata-file /home/runner/work/_temp/docker-actions-toolkit-IQsxSb/build-metadata-b95014ee15.json --pull --push .
2026-09-15T12:25:29.9025073Z #0 building with "builder-a16d9762-b3a1-43a9-8bdc-6bf3883a455b" instance using docker-container driver
2026-09-15T12:25:29.9025453Z 
2026-09-15T12:25:29.9025601Z #1 [internal] load build definition from Dockerfile
2026-09-15T12:25:30.0122715Z #1 transferring dockerfile:
2026-09-15T12:25:30.1763940Z #1 transferring dockerfile: 43.55kB done
2026-09-15T12:25:30.1764291Z #1 DONE 0.3s
2026-09-15T12:25:30.1764395Z 
2026-09-15T12:25:30.1764588Z #2 [internal] load metadata for ghcr.io/btbn/ffmpeg-builds/base-win64:latest
2026-09-15T12:25:30.3547075Z #2 ...
2026-09-15T12:25:30.3547260Z 
2026-09-15T12:25:30.3547448Z #3 [auth] btbn/ffmpeg-builds/base-win64:pull token for ghcr.io
2026-09-15T12:25:30.3547750Z #3 DONE 0.0s
2026-09-15T12:25:30.5044247Z 
2026-09-15T12:25:30.5044637Z #2 [internal] load metadata for ghcr.io/btbn/ffmpeg-builds/base-win64:latest
2026-09-15T12:25:31.0016889Z #2 DONE 1.0s
2026-09-15T12:25:31.1890183Z 
2026-09-15T12:25:31.1890753Z #4 [internal] load .dockerignore
2026-09-15T12:25:31.1891066Z #4 transferring context: 2B done
2026-09-15T12:25:31.1891397Z #4 DONE 0.0s
2026-09-15T12:25:31.1891503Z 
2026-09-15T12:25:31.1891590Z #5 [internal] load build context
2026-09-15T12:25:31.1892093Z #5 DONE 0.0s
2026-09-15T12:25:31.1892227Z 
2026-09-15T12:25:31.1892590Z #6 [base-layer 1/2] FROM ghcr.io/btbn/ffmpeg-builds/base-win64:latest@sha256:f0d05267fd9d4538c73926ebf50e7edfe962c361f487c6c8302469d6616963be
2026-09-15T12:25:31.1893443Z #6 resolve ghcr.io/btbn/ffmpeg-builds/base-win64:latest@sha256:f0d05267fd9d4538c73926ebf50e7edfe962c361f487c6c8302469d6616963be done
2026-09-15T12:25:31.1893994Z #6 DONE 0.0s
2026-09-15T12:25:31.1894099Z 
2026-09-15T12:25:31.1894249Z #7 [auth] btbn/ffmpeg-builds/win64-lgpl-9.0:pull token for ghcr.io
2026-09-15T12:25:31.3403891Z #7 DONE 0.0s
2026-09-15T12:25:31.3404054Z 
2026-09-15T12:25:31.3404274Z #8 importing cache manifest from ghcr.io/btbn/ffmpeg-builds/win64-lgpl-9.0:cache
2026-09-15T12:25:31.9731417Z #8 inferred cache manifest type: application/vnd.oci.image.manifest.v1+json done
2026-09-15T12:25:32.2300146Z #8 DONE 1.2s
2026-09-15T12:25:32.3405591Z 
2026-09-15T12:25:32.3410998Z #5 [internal] load build context
2026-09-15T12:25:36.0211336Z #5 transferring context: 964.85MB 3.8s
2026-09-15T12:25:40.6806359Z #5 transferring context: 2.05GB 8.3s done
2026-09-15T12:25:41.2211802Z #5 DONE 9.0s
2026-09-15T12:25:41.7237086Z 
2026-09-15T12:25:41.7237800Z #9 [libplacebo 4/5] COPY --link --from=vulkan /opt/glslc /usr/bin/glslc
2026-09-15T12:25:41.7238389Z #9 CACHED
2026-09-15T12:25:41.7238525Z 
2026-09-15T12:25:41.7239379Z #10 [libogg 3/3] RUN --mount=src=scripts.d/25-libogg.sh,dst=/stage.sh --mount=src=.cache/downloads/25-libogg_bdea5ee518d129340be457dcc11c2cef63053ac3c827e71311caff1dd3c43339.tar.xz,dst=/cache.tar.xz run_stage /stage.sh
2026-09-15T12:25:41.7240586Z #10 CACHED
2026-09-15T12:25:41.7240717Z 
2026-09-15T12:25:41.7241002Z #11 [combine-layer 35/70] COPY --link --from=kvazaar /opt/ffdest/opt/ffbuild/. /opt/ffbuild
2026-09-15T12:25:41.7241500Z #11 CACHED
2026-09-15T12:25:41.7241622Z 
2026-09-15T12:25:41.7242550Z #12 [fribidi 3/3] RUN --mount=src=scripts.d/25-fribidi.sh,dst=/stage.sh --mount=src=.cache/downloads/25-fribidi_81b289b370baa994885c0e56a7929b51bbb80ba7574d0edaa629dda7a032ba58.tar.xz,dst=/cache.tar.xz run_stage /stage.sh
2026-09-15T12:25:41.7243647Z #12 CACHED
2026-09-15T12:25:41.7243806Z 
2026-09-15T12:25:41.7244672Z #13 [lilv 5/8] RUN --mount=src=scripts.d/50-lilv/96-zix.sh,dst=/stage.sh --mount=src=.cache/downloads/96-zix_21e780c9ab8c0f8067c36bb53b76fcabc2dd828153b3f1ab082ed44281f62d13.tar.xz,dst=/cache.tar.xz run_stage /stage.sh
2026-09-15T12:25:41.7245723Z #13 CACHED
2026-09-15T12:25:41.7245864Z 
2026-09-15T12:25:41.7246317Z #14 [chromaprint 3/4] COPY --link --from=fftw3 /opt/ffdest/opt/ffbuild/. /opt/ffbuild
2026-09-15T12:25:41.7246844Z #14 CACHED
2026-09-15T12:25:41.7247152Z 
2026-09-15T12:25:41.7248252Z #15 [xz 4/4] RUN --mount=src=scripts.d/25-xz.sh,dst=/stage.sh --mount=src=.cache/downloads/25-xz_373b29db9b20aa43988369e7b654a2ab7daf1c79c9a7171d039fdc0f2edc3f95.tar.xz,dst=/cache.tar.xz run_stage /stage.sh
2026-09-15T12:25:41.7249347Z #15 CACHED
2026-09-15T12:25:41.7249489Z 
2026-09-15T12:25:41.7259344Z #16 [openal 3/3] RUN --mount=src=scripts.d/50-openal.sh,dst=/stage.sh --mount=src=.cache/downloads/50-openal_9c4ba41173fbaca308a4f97075b9938783fad976a0c557787e3d5435c8a52afd.tar.xz,dst=/cache.tar.xz run_stage /stage.sh
2026-09-15T12:25:41.7260483Z #16 CACHED
2026-09-15T12:25:41.7260637Z 
2026-09-15T12:25:41.7260882Z #17 [openmpt 3/6] COPY --link --from=libogg /opt/ffdest/opt/ffbuild/. /opt/ffbuild
2026-09-15T12:25:41.7261375Z #17 CACHED
2026-09-15T12:25:41.7261514Z 
2026-09-15T12:25:41.7261831Z #18 [combine-layer 36/70] COPY --link --from=libaribb24 /opt/ffdest/opt/ffbuild/. /opt/ffbuild
2026-09-15T12:25:41.7262357Z #18 CACHED
2026-09-15T12:25:41.7262499Z 
2026-09-15T12:25:41.7262761Z #19 [zvbi 3/4] COPY --link --from=libiconv /opt/ffdest/opt/ffbuild/. /opt/ffbuild
2026-09-15T12:25:41.7263214Z #19 CACHED
2026-09-15T12:25:41.7263351Z 
2026-09-15T12:25:41.7263642Z #20 [combine-layer 20/70] COPY --link --from=pcre2 /opt/ffdest/opt/ffbuild/. /opt/ffbuild
2026-09-15T12:25:41.7264149Z #20 CACHED
2026-09-15T12:25:41.7264276Z 
2026-09-15T12:25:41.7264847Z #21 [combine-layer 60/70] COPY --link --from=sdl /opt/ffdest/opt/ffbuild/. /opt/ffbuild
2026-09-15T12:25:41.7265334Z #21 CACHED
2026-09-15T12:25:41.7265469Z 
2026-09-15T12:25:41.7266314Z #22 [lilv 3/8] RUN --mount=src=scripts.d/50-lilv/96-lv2.sh,dst=/stage.sh --mount=src=.cache/downloads/96-lv2_1833e554a5a1760aa41062569225bbb9856f09f3c23d37301074d82a17b0624e.tar.xz,dst=/cache.tar.xz run_stage /stage.sh
2026-09-15T12:25:41.7267334Z #22 CACHED
2026-09-15T12:25:41.7267468Z 
2026-09-15T12:25:41.7268163Z #23 [snappy 3/3] RUN --mount=src=scripts.d/50-snappy.sh,dst=/stage.sh --mount=src=.cache/downloads/50-snappy_d8a43fb0eb02bc90350183462075a5b32ba7aefd0b5fa1552eee898a06fec5ba.tar.xz,dst=/cache.tar.xz run_stage /stage.sh
2026-09-15T12:25:41.7268899Z #23 CACHED
2026-09-15T12:25:41.7268997Z 
2026-09-15T12:25:41.7269226Z #24 [combine-layer 10/70] COPY --link --from=libpng /opt/ffdest/opt/ffbuild/. /opt/ffbuild
2026-09-15T12:25:41.7269625Z #24 CACHED
2026-09-15T12:25:41.7269714Z 
2026-09-15T12:25:41.7270289Z #25 [libopus 3/3] RUN --mount=src=scripts.d/50-libopus.sh,dst=/stage.sh --mount=src=.cache/downloads/50-libopus_d5d6bff35ed4cca25b341844c0f89c9f98b625b904750bdd960722ea107e9a60.tar.xz,dst=/cache.tar.xz run_stage /stage.sh
2026-09-15T12:25:41.7271153Z #25 CACHED
2026-09-15T12:25:41.7271244Z 
2026-09-15T12:25:41.7271803Z #26 [fonts 8/8] RUN --mount=src=scripts.d/45-fonts/50-freetype.sh,dst=/stage.sh --mount=src=.cache/downloads/50-freetype_3617370b1dcde7476f60c6ba4fa9936d9dffa84a83db01be118439c6f7ea2c44.tar.xz,dst=/cache.tar.xz run_stage /stage.sh
2026-09-15T12:25:41.7272491Z #26 CACHED
2026-09-15T12:25:41.7272578Z 
2026-09-15T12:25:41.7272771Z #27 [combine-layer 57/70] COPY --link --from=openjpeg /opt/ffdest/opt/ffbuild/. /opt/ffbuild
2026-09-15T12:25:41.7273094Z #27 CACHED
2026-09-15T12:25:41.7273176Z 
2026-09-15T12:25:41.7273718Z #28 [lcevcdec 3/3] RUN --mount=src=scripts.d/50-lcevcdec.sh,dst=/stage.sh --mount=src=.cache/downloads/50-lcevcdec_74a493e06a33c4de0c2adcc72118cd80f1f80ed756ba9948c92ac5d0e369f1c9.tar.xz,dst=/cache.tar.xz run_stage /stage.sh
2026-09-15T12:25:41.7274377Z #28 CACHED
2026-09-15T12:25:41.7274464Z 
2026-09-15T12:25:41.7274640Z #29 [rustdedup 11/15] COPY --link --from=pcre2 /opt/ffdest/opt/ffbuild/. /opt/ffbuild
2026-09-15T12:25:41.7274955Z #29 CACHED
2026-09-15T12:25:41.7275043Z 
2026-09-15T12:25:41.7275587Z #30 [fonts 5/8] RUN --mount=src=scripts.d/45-fonts/25-freetype.sh,dst=/stage.sh --mount=src=.cache/downloads/25-freetype_3617370b1dcde7476f60c6ba4fa9936d9dffa84a83db01be118439c6f7ea2c44.tar.xz,dst=/cache.tar.xz run_stage /stage.sh
2026-09-15T12:25:41.7276252Z #30 CACHED
2026-09-15T12:25:41.7276338Z 
2026-09-15T12:25:41.7276492Z #31 [srt 4/5] COPY --link --from=openssl /opt/ffdest/opt/ffbuild/. /opt/ffbuild
2026-09-15T12:25:41.7276784Z #31 CACHED
2026-09-15T12:25:41.7276865Z 
2026-09-15T12:25:41.7277420Z #32 [fonts 6/8] RUN --mount=src=scripts.d/45-fonts/35-fontconfig.sh,dst=/stage.sh --mount=src=.cache/downloads/35-fontconfig_656d09390348e307aa170d43ac674665ab0508eacc86601d9f5812e413fdf479.tar.xz,dst=/cache.tar.xz run_stage /stage.sh
2026-09-15T12:25:41.7278239Z #32 CACHED
2026-09-15T12:25:41.7278329Z 
2026-09-15T12:25:41.7278516Z #33 [combine-layer 21/70] COPY --link --from=pixman /opt/ffdest/opt/ffbuild/. /opt/ffbuild
2026-09-15T12:25:41.7278834Z #33 CACHED
2026-09-15T12:25:41.7278920Z 
2026-09-15T12:25:41.7279095Z #34 [libaribcaption 6/8] COPY --link --from=fonts /opt/ffdest/opt/ffbuild/. /opt/ffbuild
2026-09-15T12:25:41.7279411Z #34 CACHED
2026-09-15T12:25:41.7279492Z 
2026-09-15T12:25:41.7279673Z #35 [combine-layer  7/70] COPY --link --from=libogg /opt/ffdest/opt/ffbuild/. /opt/ffbuild
2026-09-15T12:25:41.7279985Z #35 CACHED
2026-09-15T12:25:41.7280076Z 
2026-09-15T12:25:41.7280253Z #36 [combine-layer 18/70] COPY --link --from=dav1d /opt/ffdest/opt/ffbuild/. /opt/ffbuild
2026-09-15T12:25:41.7280559Z #36 CACHED
2026-09-15T12:25:41.7280647Z 
2026-09-15T12:25:41.7281263Z #37 [sdl 5/5] RUN --mount=src=scripts.d/50-sdl.sh,dst=/stage.sh --mount=src=.cache/downloads/50-sdl_39aa248e02f3e880f3562110b8d35ed9933fd8e2629b360a16a41066de1832b2.tar.xz,dst=/cache.tar.xz run_stage /stage.sh
2026-09-15T12:25:41.7281884Z #37 CACHED
2026-09-15T12:25:41.7281976Z 
2026-09-15T12:25:41.7282524Z #38 [libvorbis 4/4] RUN --mount=src=scripts.d/45-libvorbis.sh,dst=/stage.sh --mount=src=.cache/downloads/45-libvorbis_0ab43e5711b2585b0c19dd71023f5852d755c633bda0215caad53dc63c62a644.tar.xz,dst=/cache.tar.xz run_stage /stage.sh
2026-09-15T12:25:41.7283320Z #38 CACHED
2026-09-15T12:25:41.7283404Z 
2026-09-15T12:25:41.7283918Z #39 [libssh 5/5] RUN --mount=src=scripts.d/50-libssh.sh,dst=/stage.sh --mount=src=.cache/downloads/50-libssh_4eaec4486b9a325624c84dc08381575f89816f8c201bc671e892acafaef521bf.tar.xz,dst=/cache.tar.xz run_stage /stage.sh
2026-09-15T12:25:41.7284554Z #39 CACHED
2026-09-15T12:25:41.7284639Z 
2026-09-15T12:25:41.7284821Z #40 [combine-layer 38/70] COPY --link --from=libass /opt/ffdest/opt/ffbuild/. /opt/ffbuild
2026-09-15T12:25:41.7285128Z #40 CACHED
2026-09-15T12:25:41.7285213Z 
2026-09-15T12:25:41.7285383Z #41 [combine-layer 63/70] COPY --link --from=srt /opt/ffdest/opt/ffbuild/. /opt/ffbuild
2026-09-15T12:25:41.7285690Z #41 CACHED
2026-09-15T12:25:41.7285875Z 
2026-09-15T12:25:41.7286356Z #42 [gme 3/3] RUN --mount=src=scripts.d/50-gme.sh,dst=/stage.sh --mount=src=.cache/downloads/50-gme_0325438874b3d8664746a5dc5587ca3da46cd7c1ff911cd20f095fc3355618d5.tar.xz,dst=/cache.tar.xz run_stage /stage.sh
2026-09-15T12:25:41.7286953Z #42 CACHED
2026-09-15T12:25:41.7287046Z 
2026-09-15T12:25:41.7287217Z #43 [combine-layer 30/70] COPY --link --from=amf /opt/ffdest/opt/ffbuild/. /opt/ffbuild
2026-09-15T12:25:41.7287525Z #43 CACHED
2026-09-15T12:25:41.7287617Z 
2026-09-15T12:25:41.7287797Z #44 [combine-layer 45/70] COPY --link --from=librist /opt/ffdest/opt/ffbuild/. /opt/ffbuild
2026-09-15T12:25:41.7288270Z #44 CACHED
2026-09-15T12:25:41.7288357Z 
2026-09-15T12:25:41.7288534Z #45 [combine-layer 49/70] COPY --link --from=libwebp /opt/ffdest/opt/ffbuild/. /opt/ffbuild
2026-09-15T12:25:41.7288847Z #45 CACHED
2026-09-15T12:25:41.7288938Z 
2026-09-15T12:25:41.7289057Z #46 [zvbi 1/4] COPY --link --from=mingw /opt/mingw/. /
2026-09-15T12:25:41.7289294Z #46 CACHED
2026-09-15T12:25:41.7289390Z 
2026-09-15T12:25:41.7289580Z #47 [combine-layer 32/70] COPY --link --from=chromaprint /opt/ffdest/opt/ffbuild/. /opt/ffbuild
2026-09-15T12:25:41.7289905Z #47 CACHED
2026-09-15T12:25:41.7289986Z 
2026-09-15T12:25:41.7290164Z #48 [combine-layer 61/70] COPY --link --from=snappy /opt/ffdest/opt/ffbuild/. /opt/ffbuild
2026-09-15T12:25:41.7290495Z #48 CACHED
2026-09-15T12:25:41.7290582Z 
2026-09-15T12:25:41.7291125Z #49 [fftw3 3/3] RUN --mount=src=scripts.d/25-fftw3.sh,dst=/stage.sh --mount=src=.cache/downloads/25-fftw3_f590d55efb2139d10bea09f7f3542f648290d35fc2ecb3122d6896bf2af049e3.tar.xz,dst=/cache.tar.xz run_stage /stage.sh
2026-09-15T12:25:41.7291759Z #49 CACHED
2026-09-15T12:25:41.7291842Z 
2026-09-15T12:25:41.7292385Z #50 [libjxl 5/5] RUN --mount=src=scripts.d/50-libjxl/50-libjxl.sh,dst=/stage.sh --mount=src=.cache/downloads/50-libjxl_d3647c8fb1cbd9d0180d65e147860283132056b94f1ef29aadfcf41e32e7c3d9.tar.xz,dst=/cache.tar.xz run_stage /stage.sh
2026-09-15T12:25:41.7293046Z #50 CACHED
2026-09-15T12:25:41.7293140Z 
2026-09-15T12:25:41.7293680Z #51 [openmpt 6/6] RUN --mount=src=scripts.d/50-openmpt.sh,dst=/stage.sh --mount=src=.cache/downloads/50-openmpt_170dbcf92e1eeb66ecbc1fafbe525a77ceca3b6d5719bbe71cce38ec3f7f598a.tar.xz,dst=/cache.tar.xz run_stage /stage.sh
2026-09-15T12:25:41.7294342Z #51 CACHED
2026-09-15T12:25:41.7294427Z 
2026-09-15T12:25:41.7294616Z #52 [combine-layer 44/70] COPY --link --from=libplacebo /opt/ffdest/opt/ffbuild/. /opt/ffbuild
2026-09-15T12:25:41.7294939Z #52 CACHED
2026-09-15T12:25:41.7295021Z 
2026-09-15T12:25:41.7295597Z #53 [opencore-amr 3/3] RUN --mount=src=scripts.d/50-opencore-amr.sh,dst=/stage.sh --mount=src=.cache/downloads/50-opencore-amr_5d7ec3b8ffdd0f32309a659256916e3286724f08acf0f625a4b4f1f9c17ebf7c.tar.xz,dst=/cache.tar.xz run_stage /stage.sh
2026-09-15T12:25:41.7296290Z #53 CACHED
2026-09-15T12:25:41.7296377Z 
2026-09-15T12:25:41.7296667Z #54 [combine-layer 65/70] COPY --link --from=twolame /opt/ffdest/opt/ffbuild/. /opt/ffbuild
2026-09-15T12:25:41.7296988Z #54 CACHED
2026-09-15T12:25:41.7297084Z 
2026-09-15T12:25:41.7297281Z #55 [vulkan 8/8] RUN --mount=src=scripts.d/47-vulkan/99-enable.sh,dst=/stage.sh run_stage /stage.sh
2026-09-15T12:25:41.7297621Z #55 CACHED
2026-09-15T12:25:41.7297703Z 
2026-09-15T12:25:41.7298459Z #56 [libjxl 4/5] RUN --mount=src=scripts.d/50-libjxl/45-lcms2.sh,dst=/stage.sh --mount=src=.cache/downloads/45-lcms2_9bf96e71e5ca747e82781112fad718a036f4c45981112ebf3da56d896bd808ce.tar.xz,dst=/cache.tar.xz run_stage /stage.sh
2026-09-15T12:25:41.7299122Z #56 CACHED
2026-09-15T12:25:41.7299210Z 
2026-09-15T12:25:41.7299758Z #57 [librsvg 13/16] RUN --mount=src=scripts.d/50-librsvg/10-glib.sh,dst=/stage.sh --mount=src=.cache/downloads/10-glib_2345eb575abe4e65d06b8c4d33b9af85b1a6d98f1e74bc62e03cfd5fc3e02fb4.tar.xz,dst=/cache.tar.xz run_stage /stage.sh
2026-09-15T12:25:41.7300417Z #57 CACHED
2026-09-15T12:25:41.7300507Z 
2026-09-15T12:25:41.7301018Z #58 [rav1e 3/3] RUN --mount=src=scripts.d/50-rav1e.sh,dst=/stage.sh --mount=src=.cache/downloads/50-rav1e_f5502fba0839b77e72f498941acc6b52cd25845005fff70a9f22bff369d96d24.tar.xz,dst=/cache.tar.xz run_stage /stage.sh
2026-09-15T12:25:41.7301754Z #58 CACHED
2026-09-15T12:25:41.7301844Z 
2026-09-15T12:25:41.7302346Z #59 [pcre2 3/3] RUN --mount=src=scripts.d/45-pcre2.sh,dst=/stage.sh --mount=src=.cache/downloads/45-pcre2_a700553def1dbfd7ab6095b47ce1c0a5bfe2716e0f15e4b8b9aaf4af5942f4f9.tar.xz,dst=/cache.tar.xz run_stage /stage.sh
2026-09-15T12:25:41.7302989Z #59 CACHED
2026-09-15T12:25:41.7303069Z 
2026-09-15T12:25:41.7303259Z #60 [combine-layer 64/70] COPY --link --from=svtav1 /opt/ffdest/opt/ffbuild/. /opt/ffbuild
2026-09-15T12:25:41.7303571Z #60 CACHED
2026-09-15T12:25:41.7303660Z 
2026-09-15T12:25:41.7304153Z #61 [srt 5/5] RUN --mount=src=scripts.d/50-srt.sh,dst=/stage.sh --mount=src=.cache/downloads/50-srt_9ab50c21c12c46d2bb1f3be5bc86fab97365761a25ed88d64ad21ff275416d35.tar.xz,dst=/cache.tar.xz run_stage /stage.sh
2026-09-15T12:25:41.7304761Z #61 CACHED
2026-09-15T12:25:41.7304847Z 
2026-09-15T12:25:41.7305029Z #62 [combine-layer 23/70] COPY --link --from=rav1e /opt/ffdest/opt/ffbuild/. /opt/ffbuild
2026-09-15T12:25:41.7305332Z #62 CACHED
2026-09-15T12:25:41.7305417Z 
2026-09-15T12:25:41.7305625Z #63 [combine-layer  3/70] COPY --link --from=mingw-std-threads /opt/ffdest/opt/ffbuild/. /opt/ffbuild
2026-09-15T12:25:41.7305970Z #63 CACHED
2026-09-15T12:25:41.7306054Z 
2026-09-15T12:25:41.7306228Z #64 [combine-layer 52/70] COPY --link --from=onevpl /opt/ffdest/opt/ffbuild/. /opt/ffbuild
2026-09-15T12:25:41.7306529Z #64 CACHED
2026-09-15T12:25:41.7306612Z 
2026-09-15T12:25:41.7306779Z #65 [combine-layer 31/70] COPY --link --from=aom /opt/ffdest/opt/ffbuild/. /opt/ffbuild
2026-09-15T12:25:41.7307076Z #65 CACHED
2026-09-15T12:25:41.7307160Z 
2026-09-15T12:25:41.7307677Z #66 [libvpx 3/3] RUN --mount=src=scripts.d/50-libvpx.sh,dst=/stage.sh --mount=src=.cache/downloads/50-libvpx_e1d9ee3f918e52bb06f3858a94d08f885b37db2fcfb791247d6b24f1e6c4f3fd.tar.xz,dst=/cache.tar.xz run_stage /stage.sh
2026-09-15T12:25:41.7308450Z #66 CACHED
2026-09-15T12:25:41.7308535Z 
2026-09-15T12:25:41.7308705Z #67 [rustdedup  7/15] COPY --link --from=fonts /opt/ffdest/opt/ffbuild/. /opt/ffbuild
2026-09-15T12:25:41.7309000Z #67 CACHED
2026-09-15T12:25:41.7309086Z 
2026-09-15T12:25:41.7309286Z #68 [rustdedup 15/15] RUN --mount=src=scripts.d/55-rustdedup.sh,dst=/stage.sh run_stage /stage.sh
2026-09-15T12:25:41.7309611Z #68 CACHED
2026-09-15T12:25:41.7309697Z 
2026-09-15T12:25:41.7309895Z #69 [combine-layer 37/70] COPY --link --from=libaribcaption /opt/ffdest/opt/ffbuild/. /opt/ffbuild
2026-09-15T12:25:41.7310223Z #69 CACHED
2026-09-15T12:25:41.7310300Z 
2026-09-15T12:25:41.7310474Z #70 [combine-layer 53/70] COPY --link --from=openal /opt/ffdest/opt/ffbuild/. /opt/ffbuild
2026-09-15T12:25:41.7310773Z #70 CACHED
2026-09-15T12:25:41.7310857Z 
2026-09-15T12:25:41.7311138Z #71 [combine-layer 13/70] COPY --link --from=fribidi /opt/ffdest/opt/ffbuild/. /opt/ffbuild
2026-09-15T12:25:41.7311452Z #71 CACHED
2026-09-15T12:25:41.7311540Z 
2026-09-15T12:25:41.7311704Z #72 [combine-layer 26/70] COPY --link --from=gmp /opt/ffdest/opt/ffbuild/. /opt/ffbuild
2026-09-15T12:25:41.7312002Z #72 CACHED
2026-09-15T12:25:41.7312083Z 
2026-09-15T12:25:41.7312243Z #73 [combine-layer 34/70] COPY --link --from=gme /opt/ffdest/opt/ffbuild/. /opt/ffbuild
2026-09-15T12:25:41.7312533Z #73 CACHED
2026-09-15T12:25:41.7312622Z 
2026-09-15T12:25:41.7313163Z #74 [vaapi 3/4] RUN --mount=src=scripts.d/50-vaapi/50-libva.sh,dst=/stage.sh --mount=src=.cache/downloads/50-libva_2bc55ab7571e4ab9d59dc473d3dfaebb2cbc6caca5da95e1e680eaae56e62d03.tar.xz,dst=/cache.tar.xz run_stage /stage.sh
2026-09-15T12:25:41.7313822Z #74 CACHED
2026-09-15T12:25:41.7313908Z 
2026-09-15T12:25:41.7314467Z #75 [librist 3/4] RUN --mount=src=scripts.d/50-librist/40-mbedtls.sh,dst=/stage.sh --mount=src=.cache/downloads/40-mbedtls_8dd146455b388b9a7236d83bb2904ff89bba41fa28da9af8a310fc01f4ff1b53.tar.xz,dst=/cache.tar.xz run_stage /stage.sh
2026-09-15T12:25:41.7315153Z #75 CACHED
2026-09-15T12:25:41.7315242Z 
2026-09-15T12:25:41.7315514Z #76 [libbluray 5/7] COPY --link --from=fonts /opt/ffdest/opt/ffbuild/. /opt/ffbuild
2026-09-15T12:25:41.7315812Z #76 CACHED
2026-09-15T12:25:41.7315903Z 
2026-09-15T12:25:41.7316455Z #77 [libmp3lame 4/4] RUN --mount=src=scripts.d/50-libmp3lame.sh,dst=/stage.sh --mount=src=.cache/downloads/50-libmp3lame_f2f7446b57b288ce67fc1343304ab42c69083e24cf9e6a16d47c5f511b43e248.tar.xz,dst=/cache.tar.xz run_stage /stage.sh
2026-09-15T12:25:41.7317122Z #77 CACHED
2026-09-15T12:25:41.7317209Z 
2026-09-15T12:25:41.7317787Z #78 [vulkan 7/8] RUN --mount=src=scripts.d/47-vulkan/60-spirv-headers.sh,dst=/stage.sh --mount=src=.cache/downloads/60-spirv-headers_635d9044201a4b38732e08b4078f951e570e32f2d510c10c8c372daf9ad5bba6.tar.xz,dst=/cache.tar.xz run_stage /stage.sh
2026-09-15T12:25:41.7318588Z #78 CACHED
2026-09-15T12:25:41.7318675Z 
2026-09-15T12:25:41.7319178Z #79 [dav1d 3/3] RUN --mount=src=scripts.d/50-dav1d.sh,dst=/stage.sh --mount=src=.cache/downloads/50-dav1d_c641f552ea978b810b07c1d57cb7e8a3fe53e7114439817aabc12815250a342f.tar.xz,dst=/cache.tar.xz run_stage /stage.sh
2026-09-15T12:25:41.7319813Z #79 CACHED
2026-09-15T12:25:41.7319897Z 
2026-09-15T12:25:41.7320059Z #80 [libass 6/8] COPY --link --from=fribidi /opt/ffdest/opt/ffbuild/. /opt/ffbuild
2026-09-15T12:25:41.7320345Z #80 CACHED
2026-09-15T12:25:41.7320432Z 
2026-09-15T12:25:41.7320942Z #81 [libzmq 3/3] RUN --mount=src=scripts.d/50-libzmq.sh,dst=/stage.sh --mount=src=.cache/downloads/50-libzmq_e68f6ea67cc2e84e0b320f3a4b5538dc90d97142264dc310dd8bbcb5f989d9e2.tar.xz,dst=/cache.tar.xz run_stage /stage.sh
2026-09-15T12:25:41.7321583Z #81 CACHED
2026-09-15T12:25:41.7321668Z 
2026-09-15T12:25:41.7322165Z #82 [vvenc 3/3] RUN --mount=src=scripts.d/50-vvenc.sh,dst=/stage.sh --mount=src=.cache/downloads/50-vvenc_faf7d4eedba9449f57440351627584d9bd96be053613d223bfe89f29e5120bc3.tar.xz,dst=/cache.tar.xz run_stage /stage.sh
2026-09-15T12:25:41.7322798Z #82 CACHED
2026-09-15T12:25:41.7322884Z 
2026-09-15T12:25:41.7323027Z #83 [base-layer 2/2] COPY --link util/run_stage.sh /usr/bin/run_stage
2026-09-15T12:25:41.7323302Z #83 CACHED
2026-09-15T12:25:41.7323385Z 
2026-09-15T12:25:41.7323585Z #84 [vaapi 4/4] RUN --mount=src=scripts.d/50-vaapi/99-finalize.sh,dst=/stage.sh run_stage /stage.sh
2026-09-15T12:25:41.7323919Z #84 CACHED
2026-09-15T12:25:41.7324005Z 
2026-09-15T12:25:41.7324495Z #85 [zlib 3/3] RUN --mount=src=scripts.d/20-zlib.sh,dst=/stage.sh --mount=src=.cache/downloads/20-zlib_132d135e890f221364f5e66a4293ae247c65dd02d42b44d3ea02af0eeb35154a.tar.xz,dst=/cache.tar.xz run_stage /stage.sh
2026-09-15T12:25:41.7325104Z #85 CACHED
2026-09-15T12:25:41.7325190Z 
2026-09-15T12:25:41.7325369Z #86 [zvbi 2/4] COPY --link --from=mingw-std-threads /opt/ffdest/opt/ffbuild/. /opt/ffbuild
2026-09-15T12:25:41.7325687Z #86 CACHED
2026-09-15T12:25:41.7325769Z 
2026-09-15T12:25:41.7326415Z #87 [vulkan 5/8] RUN --mount=src=scripts.d/47-vulkan/50-shaderc.sh,dst=/stage.sh --mount=src=.cache/downloads/50-shaderc_2a061b889468985d41c31e635f79a418277e3a87892a8235abf3b907ced27e6e.tar.xz,dst=/cache.tar.xz run_stage /stage.sh
2026-09-15T12:25:41.7327082Z #87 CACHED
2026-09-15T12:25:41.7327169Z 
2026-09-15T12:25:41.7327361Z #88 [combine-layer 28/70] COPY --link --from=lcevcdec /opt/ffdest/opt/ffbuild/. /opt/ffbuild
2026-09-15T12:25:41.7327675Z #88 CACHED
2026-09-15T12:25:41.7327759Z 
2026-09-15T12:25:41.7328013Z #89 [combine-layer 67/70] COPY --link --from=vaapi /opt/ffdest/opt/ffbuild/. /opt/ffbuild
2026-09-15T12:25:41.7328325Z #89 CACHED
2026-09-15T12:25:41.7328406Z 
2026-09-15T12:25:41.7328577Z #90 [combine-layer 51/70] COPY --link --from=lilv /opt/ffdest/opt/ffbuild/. /opt/ffbuild
2026-09-15T12:25:41.7328876Z #90 CACHED
2026-09-15T12:25:41.7328960Z 
2026-09-15T12:25:41.7329460Z #91 [svtav1 3/3] RUN --mount=src=scripts.d/50-svtav1.sh,dst=/stage.sh --mount=src=.cache/downloads/50-svtav1_bc68c167d279f46395f6f2517d3f2e6588916353912ac46897c3d53afbd361f5.tar.xz,dst=/cache.tar.xz run_stage /stage.sh
2026-09-15T12:25:41.7330093Z #91 CACHED
2026-09-15T12:25:41.7330183Z 
2026-09-15T12:25:41.7330728Z #92 [librsvg 14/16] RUN --mount=src=scripts.d/50-librsvg/20-cairo.sh,dst=/stage.sh --mount=src=.cache/downloads/20-cairo_6e56413e573ab2effdfa2dd4e492de2df1c824f14da0fb44552bec3c97772a74.tar.xz,dst=/cache.tar.xz run_stage /stage.sh
2026-09-15T12:25:41.7331511Z #92 CACHED
2026-09-15T12:25:41.7331597Z 
2026-09-15T12:25:41.7332146Z #93 [libudfread 3/3] RUN --mount=src=scripts.d/45-libudfread.sh,dst=/stage.sh --mount=src=.cache/downloads/45-libudfread_025a841e2bc919a8fc0fe8d8290df4ff52e12e3d72cb7cbaaf7df6c7552c2a78.tar.xz,dst=/cache.tar.xz run_stage /stage.sh
2026-09-15T12:25:41.7332826Z #93 CACHED
2026-09-15T12:25:41.7332907Z 
2026-09-15T12:25:41.7333451Z #94 [libbluray 7/7] RUN --mount=src=scripts.d/50-libbluray.sh,dst=/stage.sh --mount=src=.cache/downloads/50-libbluray_f1d8f0cf739b62e26267eeec08f3f9bfc61b1a524e8b108ddbf61ee7d639ca60.tar.xz,dst=/cache.tar.xz run_stage /stage.sh
2026-09-15T12:25:41.7334118Z #94 CACHED
2026-09-15T12:25:41.7334203Z 
2026-09-15T12:25:41.7334375Z #95 [combine-layer  5/70] COPY --link --from=zlib /opt/ffdest/opt/ffbuild/. /opt/ffbuild
2026-09-15T12:25:41.7334682Z #95 CACHED
2026-09-15T12:25:41.7334766Z 
2026-09-15T12:25:41.7334939Z #96 [combine-layer 66/70] COPY --link --from=uavs3d /opt/ffdest/opt/ffbuild/. /opt/ffbuild
2026-09-15T12:25:41.7335246Z #96 CACHED
2026-09-15T12:25:41.7335328Z 
2026-09-15T12:25:41.7335886Z #97 [librsvg 16/16] RUN --mount=src=scripts.d/50-librsvg/99-librsvg.sh,dst=/stage.sh --mount=src=.cache/downloads/99-librsvg_38c8426faeb84e5198b43c24cadaacd1bdb27df0a6870b7dee9e0f26db90122a.tar.xz,dst=/cache.tar.xz run_stage /stage.sh
2026-09-15T12:25:41.7336563Z #97 CACHED
2026-09-15T12:25:41.7336649Z 
2026-09-15T12:25:41.7336815Z #98 [combine-layer 62/70] COPY --link --from=soxr /opt/ffdest/opt/ffbuild/. /opt/ffbuild
2026-09-15T12:25:41.7337108Z #98 CACHED
2026-09-15T12:25:41.7337193Z 
2026-09-15T12:25:41.7337378Z #99 [combine-layer 39/70] COPY --link --from=libbluray /opt/ffdest/opt/ffbuild/. /opt/ffbuild
2026-09-15T12:25:41.7337702Z #99 CACHED
2026-09-15T12:25:41.7337784Z 
2026-09-15T12:25:41.7338048Z #100 [combine-layer 69/70] COPY --link --from=zimg /opt/ffdest/opt/ffbuild/. /opt/ffbuild
2026-09-15T12:25:41.7338356Z #100 CACHED
2026-09-15T12:25:41.7338447Z 
2026-09-15T12:25:41.7338606Z #101 [combine-layer 17/70] COPY --link --from=vulkan /opt/glslc /usr/bin/glslc
2026-09-15T12:25:41.7338893Z #101 CACHED
2026-09-15T12:25:41.7338982Z 
2026-09-15T12:25:41.7339503Z #102 [twolame 3/3] RUN --mount=src=scripts.d/50-twolame.sh,dst=/stage.sh --mount=src=.cache/downloads/50-twolame_b034b56f3c8caa730922980b6e8aca15c6f3b46e3fa98d3229c337aeb7858f71.tar.xz,dst=/cache.tar.xz run_stage /stage.sh
2026-09-15T12:25:41.7340154Z #102 CACHED
2026-09-15T12:25:41.7340241Z 
2026-09-15T12:25:41.7340410Z #103 [libass 7/8] COPY --link --from=libunibreak /opt/ffdest/opt/ffbuild/. /opt/ffbuild
2026-09-15T12:25:41.7340715Z #103 CACHED
2026-09-15T12:25:41.7340797Z 
2026-09-15T12:25:41.7341097Z #104 [combine-layer 59/70] COPY --link --from=rustdedup /opt/ffdest/opt/ffbuild/. /opt/ffbuild
2026-09-15T12:25:41.7341420Z #104 CACHED
2026-09-15T12:25:41.7341513Z 
2026-09-15T12:25:41.7341696Z #105 [combine-layer  6/70] COPY --link --from=libxml2 /opt/ffdest/opt/ffbuild/. /opt/ffbuild
2026-09-15T12:25:41.7342007Z #105 CACHED
2026-09-15T12:25:41.7342089Z 
2026-09-15T12:25:41.7342601Z #106 [uavs3d 3/3] RUN --mount=src=scripts.d/50-uavs3d.sh,dst=/stage.sh --mount=src=.cache/downloads/50-uavs3d_f5c1983f0fc2360d5846298e08a8f89f2f345caa3beb83100ca9b48eff5ded6b.tar.xz,dst=/cache.tar.xz run_stage /stage.sh
2026-09-15T12:25:41.7343241Z #106 CACHED
2026-09-15T12:25:41.7343323Z 
2026-09-15T12:25:41.7343515Z #107 [combine-layer 42/70] COPY --link --from=libmp3lame /opt/ffdest/opt/ffbuild/. /opt/ffbuild
2026-09-15T12:25:41.7343836Z #107 CACHED
2026-09-15T12:25:41.7343922Z 
2026-09-15T12:25:41.7344104Z #108 [combine-layer 22/70] COPY --link --from=libvorbis /opt/ffdest/opt/ffbuild/. /opt/ffbuild
2026-09-15T12:25:41.7344419Z #108 CACHED
2026-09-15T12:25:41.7344508Z 
2026-09-15T12:25:41.7345014Z #109 [onevpl 3/3] RUN --mount=src=scripts.d/50-onevpl.sh,dst=/stage.sh --mount=src=.cache/downloads/50-onevpl_c67accd07bdf24795034753f097eec4331f1a1174ce643cf5bcf94cb26ddd5e4.tar.xz,dst=/cache.tar.xz run_stage /stage.sh
2026-09-15T12:25:41.7345792Z #109 CACHED
2026-09-15T12:25:41.7345878Z 
2026-09-15T12:25:41.7346377Z #110 [vmaf 3/3] RUN --mount=src=scripts.d/45-vmaf.sh,dst=/stage.sh --mount=src=.cache/downloads/45-vmaf_7e0936eea87afd4c4582aca102f105349e760b2c04bba3880d2b82ddc9ec50bc.tar.xz,dst=/cache.tar.xz run_stage /stage.sh
2026-09-15T12:25:41.7346996Z #110 CACHED
2026-09-15T12:25:41.7347083Z 
2026-09-15T12:25:41.7347593Z #111 [libffi 3/3] RUN --mount=src=scripts.d/45-libffi.sh,dst=/stage.sh --mount=src=.cache/downloads/45-libffi_a4a898f326ba3245333b394de219ca9bf67e5c48f7df5776fd6e1ea720ff792d.tar.xz,dst=/cache.tar.xz run_stage /stage.sh
2026-09-15T12:25:41.7348340Z #111 CACHED
2026-09-15T12:25:41.7348434Z 
2026-09-15T12:25:41.7348618Z #112 [rustdedup 10/15] COPY --link --from=libpng /opt/ffdest/opt/ffbuild/. /opt/ffbuild
2026-09-15T12:25:41.7348931Z #112 CACHED
2026-09-15T12:25:41.7349021Z 
2026-09-15T12:25:41.7349532Z #113 [pixman 3/3] RUN --mount=src=scripts.d/45-pixman.sh,dst=/stage.sh --mount=src=.cache/downloads/45-pixman_e6e161e8443d76882f09d1595f4bcd452a4e4a06dee28d6caf6dc2fc893095fe.tar.xz,dst=/cache.tar.xz run_stage /stage.sh
2026-09-15T12:25:41.7350171Z #113 CACHED
2026-09-15T12:25:41.7350254Z 
2026-09-15T12:25:41.7350843Z #114 [libsamplerate 3/3] RUN --mount=src=scripts.d/45-libsamplerate.sh,dst=/stage.sh --mount=src=.cache/downloads/45-libsamplerate_3ae5a3324e89da0d7254873085ad23e2b1a0cb22c1e330b8d3beb1da0a0c0273.tar.xz,dst=/cache.tar.xz run_stage /stage.sh
2026-09-15T12:25:41.7351556Z #114 CACHED
2026-09-15T12:25:41.7351654Z 
2026-09-15T12:25:41.7352181Z #115 [libass 8/8] RUN --mount=src=scripts.d/50-libass.sh,dst=/stage.sh --mount=src=.cache/downloads/50-libass_eb0a72fee1bb9fe0003a273d115a36b08666ddc47934821affb006da826afdf2.tar.xz,dst=/cache.tar.xz run_stage /stage.sh
2026-09-15T12:25:41.7352824Z #115 CACHED
2026-09-15T12:25:41.7352916Z 
2026-09-15T12:25:41.7353094Z #116 [libaribb24 4/5] COPY --link --from=libpng /opt/ffdest/opt/ffbuild/. /opt/ffbuild
2026-09-15T12:25:41.7353406Z #116 CACHED
2026-09-15T12:25:41.7353492Z 
2026-09-15T12:25:41.7353692Z #117 [combine-layer 14/70] COPY --link --from=libunibreak /opt/ffdest/opt/ffbuild/. /opt/ffbuild
2026-09-15T12:25:41.7354022Z #117 CACHED
2026-09-15T12:25:41.7354113Z 
2026-09-15T12:25:41.7354292Z #118 [rustdedup 14/15] COPY --link --from=librsvg /opt/ffdest/opt/ffbuild/. /opt/ffbuild
2026-09-15T12:25:41.7354598Z #118 CACHED
2026-09-15T12:25:41.7354688Z 
2026-09-15T12:25:41.7354848Z #119 [rustdedup  5/15] COPY --link --from=zlib /opt/ffdest/opt/ffbuild/. /opt/ffbuild
2026-09-15T12:25:41.7355150Z #119 CACHED
2026-09-15T12:25:41.7355233Z 
2026-09-15T12:25:41.7355429Z #120 [combine-layer 15/70] COPY --link --from=libudfread /opt/ffdest/opt/ffbuild/. /opt/ffbuild
2026-09-15T12:25:41.7355878Z #120 CACHED
2026-09-15T12:25:41.7355972Z 
2026-09-15T12:25:41.7356534Z #121 [libplacebo 5/5] RUN --mount=src=scripts.d/50-libplacebo.sh,dst=/stage.sh --mount=src=.cache/downloads/50-libplacebo_f8a8cad5ba86c94e40a07e9f5d43a53f07329c10df7918b410f47ebc2969ef0e.tar.xz,dst=/cache.tar.xz run_stage /stage.sh
2026-09-15T12:25:41.7357223Z #121 CACHED
2026-09-15T12:25:41.7357313Z 
2026-09-15T12:25:41.7357495Z #122 [combine-layer 11/70] COPY --link --from=fonts /opt/ffdest/opt/ffbuild/. /opt/ffbuild
2026-09-15T12:25:41.7357808Z #122 CACHED
2026-09-15T12:25:41.7357969Z 
2026-09-15T12:25:41.7358142Z #123 [sdl 4/5] COPY --link --from=libsamplerate /opt/ffdest/opt/ffbuild/. /opt/ffbuild
2026-09-15T12:25:41.7358444Z #123 CACHED
2026-09-15T12:25:41.7358534Z 
2026-09-15T12:25:41.7359046Z #124 [lilv 4/8] RUN --mount=src=scripts.d/50-lilv/96-serd.sh,dst=/stage.sh --mount=src=.cache/downloads/96-serd_257c27b8651c05a3b7179f2477bd69ed036feac4eb253312569096821e69a8e7.tar.xz,dst=/cache.tar.xz run_stage /stage.sh
2026-09-15T12:25:41.7367005Z #124 CACHED
2026-09-15T12:25:41.7367140Z 
2026-09-15T12:25:41.7367344Z #125 [rustdedup  8/15] COPY --link --from=fribidi /opt/ffdest/opt/ffbuild/. /opt/ffbuild
2026-09-15T12:25:41.7367947Z #125 CACHED
2026-09-15T12:25:41.7368044Z 
2026-09-15T12:25:41.7368235Z #126 [combine-layer 27/70] COPY --link --from=xz /opt/ffdest/opt/ffbuild/. /opt/ffbuild
2026-09-15T12:25:41.7368552Z #126 CACHED
2026-09-15T12:25:41.7368646Z 
2026-09-15T12:25:41.7369205Z #127 [libpng 4/4] RUN --mount=src=scripts.d/25-libpng.sh,dst=/stage.sh --mount=src=.cache/downloads/25-libpng_f695ee41ddfc411ac8050d7d4ee5ec37a63db25183186f120bcfa6056d5e8b07.tar.xz,dst=/cache.tar.xz run_stage /stage.sh
2026-09-15T12:25:41.7369863Z #127 CACHED
2026-09-15T12:25:41.7369951Z 
2026-09-15T12:25:41.7370483Z #128 [openssl 4/4] RUN --mount=src=scripts.d/25-openssl.sh,dst=/stage.sh --mount=src=.cache/downloads/25-openssl_9b34fe90db7bf8486ec3d2bb51d8a347e64cdcbf340f615f8db1755c77156e65.tar.xz,dst=/cache.tar.xz run_stage /stage.sh
2026-09-15T12:25:41.7371138Z #128 CACHED
2026-09-15T12:25:41.7371233Z 
2026-09-15T12:25:41.7371406Z #129 [rustdedup 13/15] COPY --link --from=rav1e /opt/ffdest/opt/ffbuild/. /opt/ffbuild
2026-09-15T12:25:41.7371725Z #129 CACHED
2026-09-15T12:25:41.7371808Z 
2026-09-15T12:25:41.7372312Z #130 [zimg 3/3] RUN --mount=src=scripts.d/50-zimg.sh,dst=/stage.sh --mount=src=.cache/downloads/50-zimg_1b68d28a887f9b08c573b5e1dd54c4954cc91a8cdfb6d272905a1dc5d8d4d1a1.tar.xz,dst=/cache.tar.xz run_stage /stage.sh
2026-09-15T12:25:41.7372935Z #130 CACHED
2026-09-15T12:25:41.7373023Z 
2026-09-15T12:25:41.7373212Z #131 [combine-layer 19/70] COPY --link --from=libffi /opt/ffdest/opt/ffbuild/. /opt/ffbuild
2026-09-15T12:25:41.7373528Z #131 CACHED
2026-09-15T12:25:41.7373614Z 
2026-09-15T12:25:41.7373773Z #132 [rustdedup  6/15] COPY --link --from=dav1d /opt/ffdest/opt/ffbuild/. /opt/ffbuild
2026-09-15T12:25:41.7374082Z #132 CACHED
2026-09-15T12:25:41.7374172Z 
2026-09-15T12:25:41.7374376Z #133 [combine-layer 54/70] COPY --link --from=openapv /opt/ffdest/opt/ffbuild/. /opt/ffbuild
2026-09-15T12:25:41.7374707Z #133 CACHED
2026-09-15T12:25:41.7374796Z 
2026-09-15T12:25:41.7375322Z #134 [gmp 3/3] RUN --mount=src=scripts.d/25-gmp.sh,dst=/stage.sh --mount=src=.cache/downloads/25-gmp_4b555c079737ef0f01f15976d7bbbff9d0dc94d7a06edd45d08a6cd2b60bdb86.tar.xz,dst=/cache.tar.xz run_stage /stage.sh
2026-09-15T12:25:41.7375944Z #134 CACHED
2026-09-15T12:25:41.7376032Z 
2026-09-15T12:25:41.7376626Z #135 [vulkan 3/8] RUN --mount=src=scripts.d/47-vulkan/40-vulkan-headers.sh,dst=/stage.sh --mount=src=.cache/downloads/40-vulkan-headers_fe6a3585343162c3c350aee116b2c311fd11b66c0307422b7c204b1645bafde2.tar.xz,dst=/cache.tar.xz run_stage /stage.sh
2026-09-15T12:25:41.7377347Z #135 CACHED
2026-09-15T12:25:41.7377434Z 
2026-09-15T12:25:41.7377622Z #136 [combine-layer 56/70] COPY --link --from=openh264 /opt/ffdest/opt/ffbuild/. /opt/ffbuild
2026-09-15T12:25:41.7378033Z #136 CACHED
2026-09-15T12:25:41.7378118Z 
2026-09-15T12:25:41.7378382Z #137 [srt 3/5] COPY --link --from=zlib /opt/ffdest/opt/ffbuild/. /opt/ffbuild
2026-09-15T12:25:41.7378671Z #137 CACHED
2026-09-15T12:25:41.7378759Z 
2026-09-15T12:25:41.7378952Z #138 [combine-layer 58/70] COPY --link --from=openmpt /opt/ffdest/opt/ffbuild/. /opt/ffbuild
2026-09-15T12:25:41.7379263Z #138 CACHED
2026-09-15T12:25:41.7379351Z 
2026-09-15T12:25:41.7379521Z #139 [combine-layer 40/70] COPY --link --from=libcurl /opt/ffdest/opt/ffbuild/. /opt/ffbuild
2026-09-15T12:25:41.7379825Z #139 CACHED
2026-09-15T12:25:41.7379913Z 
2026-09-15T12:25:41.7380091Z #140 [combine-layer 68/70] COPY --link --from=vvenc /opt/ffdest/opt/ffbuild/. /opt/ffbuild
2026-09-15T12:25:41.7380401Z #140 CACHED
2026-09-15T12:25:41.7380490Z 
2026-09-15T12:25:41.7380665Z #141 [combine-layer 46/70] COPY --link --from=libssh /opt/ffdest/opt/ffbuild/. /opt/ffbuild
2026-09-15T12:25:41.7380979Z #141 CACHED
2026-09-15T12:25:41.7381062Z 
2026-09-15T12:25:41.7381234Z #142 [combine-layer 16/70] COPY --link --from=vulkan /opt/ffdest/opt/ffbuild/. /opt/ffbuild
2026-09-15T12:25:41.7381544Z #142 CACHED
2026-09-15T12:25:41.7381632Z 
2026-09-15T12:25:41.7382194Z #143 [librsvg 15/16] RUN --mount=src=scripts.d/50-librsvg/30-pango.sh,dst=/stage.sh --mount=src=.cache/downloads/30-pango_b498218297fc1f0d7e9985c61eac1e031f9ce628c95f14a90fca7930d9d61301.tar.xz,dst=/cache.tar.xz run_stage /stage.sh
2026-09-15T12:25:41.7382978Z #143 CACHED
2026-09-15T12:25:41.7383071Z 
2026-09-15T12:25:41.7383277Z #144 [combine-layer 55/70] COPY --link --from=opencore-amr /opt/ffdest/opt/ffbuild/. /opt/ffbuild
2026-09-15T12:25:41.7383608Z #144 CACHED
2026-09-15T12:25:41.7383697Z 
2026-09-15T12:25:41.7384228Z #145 [libxml2 4/4] RUN --mount=src=scripts.d/25-libxml2.sh,dst=/stage.sh --mount=src=.cache/downloads/25-libxml2_616eedaefdac4bc11ac6b560da97776a32faa86a4293e7c70fd443eca9ea9f80.tar.xz,dst=/cache.tar.xz run_stage /stage.sh
2026-09-15T12:25:41.7384912Z #145 CACHED
2026-09-15T12:25:41.7384999Z 
2026-09-15T12:25:41.7385570Z #146 [libjxl 3/5] RUN --mount=src=scripts.d/50-libjxl/45-brotli.sh,dst=/stage.sh --mount=src=.cache/downloads/45-brotli_f6d0fe763664761aac7c59dba98fff76310597c0f90a8f42f7631376d615e196.tar.xz,dst=/cache.tar.xz run_stage /stage.sh
2026-09-15T12:25:41.7386249Z #146 CACHED
2026-09-15T12:25:41.7386338Z 
2026-09-15T12:25:41.7386519Z #147 [rustdedup  9/15] COPY --link --from=libffi /opt/ffdest/opt/ffbuild/. /opt/ffbuild
2026-09-15T12:25:41.7386828Z #147 CACHED
2026-09-15T12:25:41.7386914Z 
2026-09-15T12:25:41.7387106Z #148 [combine-layer 47/70] COPY --link --from=libtheora /opt/ffdest/opt/ffbuild/. /opt/ffbuild
2026-09-15T12:25:41.7387432Z #148 CACHED
2026-09-15T12:25:41.7387512Z 
2026-09-15T12:25:41.7388147Z #149 [lilv 7/8] RUN --mount=src=scripts.d/50-lilv/98-sratom.sh,dst=/stage.sh --mount=src=.cache/downloads/98-sratom_a7e01a157b247bfecbce4a5c63016fa503ddd5703ffc208af3f81805a7d30535.tar.xz,dst=/cache.tar.xz run_stage /stage.sh
2026-09-15T12:25:41.7388820Z #149 CACHED
2026-09-15T12:25:41.7388915Z 
2026-09-15T12:25:41.7389487Z #150 [librist 4/4] RUN --mount=src=scripts.d/50-librist/50-librist.sh,dst=/stage.sh --mount=src=.cache/downloads/50-librist_c44a5e59d58d44b672c8df850ae76b4ad372ebab3a4a63a003ac35d45aa9d1a2.tar.xz,dst=/cache.tar.xz run_stage /stage.sh
2026-09-15T12:25:41.7390174Z #150 CACHED
2026-09-15T12:25:41.7390264Z 
2026-09-15T12:25:41.7390778Z #151 [opencl 3/3] RUN --mount=src=scripts.d/45-opencl.sh,dst=/stage.sh --mount=src=.cache/downloads/45-opencl_eb9ead58354213261f2a045939284465ec36e0e3e052aa3b22e279002a94d002.tar.xz,dst=/cache.tar.xz run_stage /stage.sh
2026-09-15T12:25:41.7391417Z #151 CACHED
2026-09-15T12:25:41.7391504Z 
2026-09-15T12:25:41.7391672Z #152 [openmpt 5/6] COPY --link --from=libvorbis /opt/ffdest/opt/ffbuild/. /opt/ffbuild
2026-09-15T12:25:41.7391983Z #152 CACHED
2026-09-15T12:25:41.7392067Z 
2026-09-15T12:25:41.7392585Z #153 [lilv 8/8] RUN --mount=src=scripts.d/50-lilv/99-lilv.sh,dst=/stage.sh --mount=src=.cache/downloads/99-lilv_0543a3c15e7971c2371260e51aad5ead6ffbc7a539de39540a906ebf944d829d.tar.xz,dst=/cache.tar.xz run_stage /stage.sh
2026-09-15T12:25:41.7393222Z #153 CACHED
2026-09-15T12:25:41.7393416Z 
2026-09-15T12:25:41.7393613Z #154 [combine-layer 43/70] COPY --link --from=libopus /opt/ffdest/opt/ffbuild/. /opt/ffbuild
2026-09-15T12:25:41.7393939Z #154 CACHED
2026-09-15T12:25:41.7394029Z 
2026-09-15T12:25:41.7394211Z #155 [combine-layer  4/70] COPY --link --from=libiconv /opt/ffdest/opt/ffbuild/. /opt/ffbuild
2026-09-15T12:25:41.7394530Z #155 CACHED
2026-09-15T12:25:41.7394613Z 
2026-09-15T12:25:41.7395145Z #156 [openh264 3/3] RUN --mount=src=scripts.d/50-openh264.sh,dst=/stage.sh --mount=src=.cache/downloads/50-openh264_28d2712432b4516dd771baa4199bc82aa79766600e4395fc9c88780f5dd3b319.tar.xz,dst=/cache.tar.xz run_stage /stage.sh
2026-09-15T12:25:41.7395798Z #156 CACHED
2026-09-15T12:25:41.7395880Z 
2026-09-15T12:25:41.7396374Z #157 [zvbi 4/4] RUN --mount=src=scripts.d/50-zvbi.sh,dst=/stage.sh --mount=src=.cache/downloads/50-zvbi_7369ec5938a995eb4283992070b303e140fc8a3b5f53d80e2a5df0b84794a75b.tar.xz,dst=/cache.tar.xz run_stage /stage.sh
2026-09-15T12:25:41.7396988Z #157 CACHED
2026-09-15T12:25:41.7397079Z 
2026-09-15T12:25:41.7397259Z #158 [combine-layer  8/70] COPY --link --from=vmaf /opt/ffdest/opt/ffbuild/. /opt/ffbuild
2026-09-15T12:25:41.7397682Z #158 CACHED
2026-09-15T12:25:41.7397774Z 
2026-09-15T12:25:41.7398021Z #159 [combine-layer 70/70] COPY --link --from=zvbi /opt/ffdest/opt/ffbuild/. /opt/ffbuild
2026-09-15T12:25:41.7398330Z #159 CACHED
2026-09-15T12:25:41.7398413Z 
2026-09-15T12:25:41.7398574Z #160 [openmpt 4/6] COPY --link --from=zlib /opt/ffdest/opt/ffbuild/. /opt/ffbuild
2026-09-15T12:25:41.7398869Z #160 CACHED
2026-09-15T12:25:41.7398959Z 
2026-09-15T12:25:41.7399143Z #161 [combine-layer 48/70] COPY --link --from=libvpx /opt/ffdest/opt/ffbuild/. /opt/ffbuild
2026-09-15T12:25:41.7399453Z #161 CACHED
2026-09-15T12:25:41.7399539Z 
2026-09-15T12:25:41.7400081Z #162 [openjpeg 3/3] RUN --mount=src=scripts.d/50-openjpeg.sh,dst=/stage.sh --mount=src=.cache/downloads/50-openjpeg_70f1c086f3e1fbc7af66c8e90d16c1fb0a55353eadc4f2428b4ba02c32e0ffe2.tar.xz,dst=/cache.tar.xz run_stage /stage.sh
2026-09-15T12:25:41.7400755Z #162 CACHED
2026-09-15T12:25:41.7400838Z 
2026-09-15T12:25:41.7401369Z #163 [kvazaar 3/3] RUN --mount=src=scripts.d/50-kvazaar.sh,dst=/stage.sh --mount=src=.cache/downloads/50-kvazaar_36ba4fecb23c3c52d829030be410feb99cf26cb09ddecc0108d24aa538a0f99c.tar.xz,dst=/cache.tar.xz run_stage /stage.sh
2026-09-15T12:25:41.7402025Z #163 CACHED
2026-09-15T12:25:41.7402112Z 
2026-09-15T12:25:41.7402645Z #164 [libiconv 3/3] RUN --mount=src=scripts.d/20-libiconv.sh,dst=/stage.sh --mount=src=.cache/downloads/20-libiconv_a820eb1a2cb6f2232acc997f363eaf56b72c509dfd979fa029a13e9278f1872a.tar.xz,dst=/cache.tar.xz run_stage /stage.sh
2026-09-15T12:25:41.7403304Z #164 CACHED
2026-09-15T12:25:41.7403392Z 
2026-09-15T12:25:41.7404055Z #165 [libaribb24 5/5] RUN --mount=src=scripts.d/50-libaribb24.sh,dst=/stage.sh --mount=src=.cache/downloads/50-libaribb24_3dd74ffb861f7ef9133dab074b9845408d84ebc49db9aee5d91829efba6d52ce.tar.xz,dst=/cache.tar.xz --mount=src=patches/aribb24,dst=/patches run_stage /stage.sh
2026-09-15T12:25:41.7404835Z #165 CACHED
2026-09-15T12:25:41.7404922Z 
2026-09-15T12:25:41.7405447Z #166 [libcurl 4/4] RUN --mount=src=scripts.d/50-libcurl.sh,dst=/stage.sh --mount=src=.cache/downloads/50-libcurl_045d84447a599a727f2e84fbc750e12a4a2003ac1d5d96ce442c47bdd5bad33a.tar.xz,dst=/cache.tar.xz run_stage /stage.sh
2026-09-15T12:25:41.7406138Z #166 CACHED
2026-09-15T12:25:41.7406232Z 
2026-09-15T12:25:41.7406759Z #167 [lilv 6/8] RUN --mount=src=scripts.d/50-lilv/97-sord.sh,dst=/stage.sh --mount=src=.cache/downloads/97-sord_6ef433b3c59e64a645002e31f929dfec02cbd979f0d70b5373173e1ca217125d.tar.xz,dst=/cache.tar.xz run_stage /stage.sh
2026-09-15T12:25:41.7407397Z #167 CACHED
2026-09-15T12:25:41.7407490Z 
2026-09-15T12:25:41.7407675Z #168 [rustdedup  4/15] COPY --link --from=libxml2 /opt/ffdest/opt/ffbuild/. /opt/ffbuild
2026-09-15T12:25:41.7408069Z #168 CACHED
2026-09-15T12:25:41.7408164Z 
2026-09-15T12:25:41.7408313Z #169 [aom 3/4] COPY --link --from=vmaf /opt/ffdest/opt/ffbuild/. /opt/ffbuild
2026-09-15T12:25:41.7408709Z #169 CACHED
2026-09-15T12:25:41.7408795Z 
2026-09-15T12:25:41.7409320Z #170 [mingw 1/1] RUN --mount=src=scripts.d/10-mingw.sh,dst=/stage.sh --mount=src=.cache/downloads/10-mingw_085e09c5ef82fb3dcde052a2f5de92445435bea8d3766db035b6d5483d3eacf9.tar.xz,dst=/cache.tar.xz run_stage /stage.sh
2026-09-15T12:25:41.7409967Z #170 CACHED
2026-09-15T12:25:41.7410049Z 
2026-09-15T12:25:41.7410623Z #171 [chromaprint 4/4] RUN --mount=src=scripts.d/50-chromaprint.sh,dst=/stage.sh --mount=src=.cache/downloads/50-chromaprint_fd1913f99597fe11aa0a070aaaee173d271d06a2578bd240a1e6f9d7e5d9e344.tar.xz,dst=/cache.tar.xz run_stage /stage.sh
2026-09-15T12:25:41.7411322Z #171 CACHED
2026-09-15T12:25:41.7411412Z 
2026-09-15T12:25:41.7411605Z #172 [combine-layer 12/70] COPY --link --from=openssl /opt/ffdest/opt/ffbuild/. /opt/ffbuild
2026-09-15T12:25:41.7411927Z #172 CACHED
2026-09-15T12:25:41.7412015Z 
2026-09-15T12:25:41.7412189Z #173 [combine-layer 24/70] COPY --link --from=librsvg /opt/ffdest/opt/ffbuild/. /opt/ffbuild
2026-09-15T12:25:41.7412502Z #173 CACHED
2026-09-15T12:25:41.7412583Z 
2026-09-15T12:25:41.7413132Z #174 [fonts 7/8] RUN --mount=src=scripts.d/45-fonts/45-harfbuzz.sh,dst=/stage.sh --mount=src=.cache/downloads/45-harfbuzz_596d9d91bebaf3c3a72bd614b9a1a386c1cd4ce7514760f428323369c5a1b304.tar.xz,dst=/cache.tar.xz run_stage /stage.sh
2026-09-15T12:25:41.7413911Z #174 CACHED
2026-09-15T12:25:41.7414007Z 
2026-09-15T12:25:41.7414503Z #175 [amf 3/3] RUN --mount=src=scripts.d/50-amf.sh,dst=/stage.sh --mount=src=.cache/downloads/50-amf_c691021656d6ced1df998c54494b9d1bb1aefecc1100af7f4b5d2d2ee89cad44.tar.xz,dst=/cache.tar.xz run_stage /stage.sh
2026-09-15T12:25:41.7415118Z #175 CACHED
2026-09-15T12:25:41.7415210Z 
2026-09-15T12:25:41.7415813Z #176 [libaribcaption 8/8] RUN --mount=src=scripts.d/50-libaribcaption.sh,dst=/stage.sh --mount=src=.cache/downloads/50-libaribcaption_8315a724d2e43047c02fb15f99a6decc2824fd4abd55c795ca1063dca443bf8e.tar.xz,dst=/cache.tar.xz run_stage /stage.sh
2026-09-15T12:25:41.7416543Z #176 CACHED
2026-09-15T12:25:41.7416634Z 
2026-09-15T12:25:41.7416814Z #177 [libbluray 6/7] COPY --link --from=libudfread /opt/ffdest/opt/ffbuild/. /opt/ffbuild
2026-09-15T12:25:41.7417136Z #177 CACHED
2026-09-15T12:25:41.7417220Z 
2026-09-15T12:25:41.7417422Z #178 [combine-layer 25/70] COPY --link --from=libsamplerate /opt/ffdest/opt/ffbuild/. /opt/ffbuild
2026-09-15T12:25:41.7417754Z #178 CACHED
2026-09-15T12:25:41.7417927Z 
2026-09-15T12:25:41.7418514Z #179 [vulkan 6/8] RUN --mount=src=scripts.d/47-vulkan/55-spirv-cross.sh,dst=/stage.sh --mount=src=.cache/downloads/55-spirv-cross_beb52c3f40fbf31adb47a273fe38150d3bef886646a55550484ca13a4475c8b7.tar.xz,dst=/cache.tar.xz run_stage /stage.sh
2026-09-15T12:25:41.7419218Z #179 CACHED
2026-09-15T12:25:41.7419306Z 
2026-09-15T12:25:41.7419789Z #180 [soxr 3/3] RUN --mount=src=scripts.d/50-soxr.sh,dst=/stage.sh --mount=src=.cache/downloads/50-soxr_d24c000584012b62b406f09325af85575932219b972b87ab3e2b1037bdc97c6a.tar.xz,dst=/cache.tar.xz run_stage /stage.sh
2026-09-15T12:25:41.7420412Z #180 CACHED
2026-09-15T12:25:41.7420495Z 
2026-09-15T12:25:41.7420685Z #181 [combine-layer 29/70] COPY --link --from=opencl /opt/ffdest/opt/ffbuild/. /opt/ffbuild
2026-09-15T12:25:41.7421009Z #181 CACHED
2026-09-15T12:25:41.7421099Z 
2026-09-15T12:25:41.7421668Z #182 [aom 4/4] RUN --mount=src=scripts.d/50-aom.sh,dst=/stage.sh --mount=src=.cache/downloads/50-aom_23565bf906e76056043bbf69491946f43e4a082de1c9448304970e7e1f38c77c.tar.xz,dst=/cache.tar.xz --mount=src=patches/aom,dst=/patches run_stage /stage.sh
2026-09-15T12:25:41.7422359Z #182 CACHED
2026-09-15T12:25:41.7422453Z 
2026-09-15T12:25:41.7422631Z #183 [combine-layer 41/70] COPY --link --from=libjxl /opt/ffdest/opt/ffbuild/. /opt/ffbuild
2026-09-15T12:25:41.7422947Z #183 CACHED
2026-09-15T12:25:41.7423036Z 
2026-09-15T12:25:41.7423205Z #184 [combine-layer 50/70] COPY --link --from=libzmq /opt/ffdest/opt/ffbuild/. /opt/ffbuild
2026-09-15T12:25:41.7423514Z #184 CACHED
2026-09-15T12:25:41.7423595Z 
2026-09-15T12:25:41.7423871Z #185 [libplacebo 3/5] COPY --link --from=vulkan /opt/ffdest/opt/ffbuild/. /opt/ffbuild
2026-09-15T12:25:41.7424186Z #185 CACHED
2026-09-15T12:25:41.7424283Z 
2026-09-15T12:25:41.7424818Z #186 [openapv 3/3] RUN --mount=src=scripts.d/50-openapv.sh,dst=/stage.sh --mount=src=.cache/downloads/50-openapv_83b28fa418843fb59bd5e85c20fcb7e1c4b97d66e1d70000d258d50863ed39e1.tar.xz,dst=/cache.tar.xz run_stage /stage.sh
2026-09-15T12:25:41.7425466Z #186 CACHED
2026-09-15T12:25:41.7425554Z 
2026-09-15T12:25:41.7426098Z #187 [libtheora 4/4] RUN --mount=src=scripts.d/50-libtheora.sh,dst=/stage.sh --mount=src=.cache/downloads/50-libtheora_c5b1505081f2493a61c94a64ef8eef6de9b851447fab834bd5f9b6e35ee1d008.tar.xz,dst=/cache.tar.xz run_stage /stage.sh
2026-09-15T12:25:41.7426769Z #187 CACHED
2026-09-15T12:25:41.7426853Z 
2026-09-15T12:25:41.7427012Z #188 [combine-layer  2/70] COPY --link --from=mingw /opt/mingw/. /opt/mingw
2026-09-15T12:25:41.7427301Z #188 CACHED
2026-09-15T12:25:41.7427391Z 
2026-09-15T12:25:41.7427997Z #189 [libwebp 3/3] RUN --mount=src=scripts.d/50-libwebp.sh,dst=/stage.sh --mount=src=.cache/downloads/50-libwebp_217ee867d83c944da9171546b230ff0c4026fc894b9a55682487dea9e70c92b1.tar.xz,dst=/cache.tar.xz run_stage /stage.sh
2026-09-15T12:25:41.7428739Z #189 CACHED
2026-09-15T12:25:41.7428829Z 
2026-09-15T12:25:41.7429012Z #190 [libaribcaption 7/8] COPY --link --from=openssl /opt/ffdest/opt/ffbuild/. /opt/ffbuild
2026-09-15T12:25:41.7429324Z #190 CACHED
2026-09-15T12:25:41.7429411Z 
2026-09-15T12:25:41.7429956Z #191 [ffnvcodec 3/3] RUN --mount=src=scripts.d/50-ffnvcodec.sh,dst=/stage.sh --mount=src=.cache/downloads/50-ffnvcodec_ef2a38b483abf36f56dfe74a3ab3909ef01360a01619123b6a4cfac4eece7e28.tar.xz,dst=/cache.tar.xz run_stage /stage.sh
2026-09-15T12:25:41.7430622Z #191 CACHED
2026-09-15T12:25:41.7430707Z 
2026-09-15T12:25:41.7431290Z #192 [vulkan 4/8] RUN --mount=src=scripts.d/47-vulkan/45-vulkan-loader.sh,dst=/stage.sh --mount=src=.cache/downloads/45-vulkan-loader_9737f99883713bfebd417a68bdd2d4046d3678249b723a676ac386da128fd315.tar.xz,dst=/cache.tar.xz run_stage /stage.sh
2026-09-15T12:25:41.7431991Z #192 CACHED
2026-09-15T12:25:41.7432072Z 
2026-09-15T12:25:41.7432639Z #193 [libunibreak 3/3] RUN --mount=src=scripts.d/45-libunibreak.sh,dst=/stage.sh --mount=src=.cache/downloads/45-libunibreak_b853ebf9bfeb5a24db32ac3024fcb2b90a1f6906e146295a9611ea367ef90197.tar.xz,dst=/cache.tar.xz run_stage /stage.sh
2026-09-15T12:25:41.7433323Z #193 CACHED
2026-09-15T12:25:41.7433412Z 
2026-09-15T12:25:41.7433601Z #194 [combine-layer 33/70] COPY --link --from=ffnvcodec /opt/ffdest/opt/ffbuild/. /opt/ffbuild
2026-09-15T12:25:41.7433917Z #194 CACHED
2026-09-15T12:25:41.7434003Z 
2026-09-15T12:25:41.7434176Z #195 [combine-layer  9/70] COPY --link --from=fftw3 /opt/ffdest/opt/ffbuild/. /opt/ffbuild
2026-09-15T12:25:41.7434485Z #195 CACHED
2026-09-15T12:25:41.7434565Z 
2026-09-15T12:25:41.7435187Z #196 [mingw-std-threads 1/1] RUN --mount=src=scripts.d/10-mingw-std-threads.sh,dst=/stage.sh --mount=src=.cache/downloads/10-mingw-std-threads_f6fe5dc5a067e90cd8b37a748b33962ac2eb09f3b486b287265803070dbf02d2.tar.xz,dst=/cache.tar.xz run_stage /stage.sh
2026-09-15T12:25:41.7435932Z #196 CACHED
2026-09-15T12:25:41.7436013Z 
2026-09-15T12:25:41.7436188Z #197 [rustdedup 12/15] COPY --link --from=pixman /opt/ffdest/opt/ffbuild/. /opt/ffbuild
2026-09-15T12:25:41.7436494Z #197 CACHED
2026-09-15T12:25:46.1608955Z 
2026-09-15T12:25:46.1609687Z #159 [combine-layer 70/70] COPY --link --from=zvbi /opt/ffdest/opt/ffbuild/. /opt/ffbuild
2026-09-15T12:25:46.1610250Z #159 CACHED
2026-09-15T12:25:46.3119994Z 
2026-09-15T12:25:46.3120831Z #159 [combine-layer 70/70] COPY --link --from=zvbi /opt/ffdest/opt/ffbuild/. /opt/ffbuild
2026-09-15T12:25:46.3143786Z #159 sha256:7c535c419222cc44c895448c484825abfda3eb629e37b408438c0b4927597bd7 0B / 237.14kB 0.2s
2026-09-15T12:25:46.4662676Z #159 sha256:7c535c419222cc44c895448c484825abfda3eb629e37b408438c0b4927597bd7 237.14kB / 237.14kB 0.2s done
2026-09-15T12:25:46.4664067Z #159 sha256:e29731ac1f485901c0c18998f00de9cb7c3e47aad6eeee7c01aea249dd4134a0 0B / 475.87kB 0.3s
2026-09-15T12:25:46.4664609Z #159 sha256:166ebec4dc3d226d066b177f01884ad069ef3d56f226696c6a37555df79ba501 0B / 267.70kB 0.2s
2026-09-15T12:25:46.4665120Z #159 sha256:14a4895849fe11e2826bd2d2f7cf069cb05e97daf1df4fb6063609626f413edb 0B / 2.72MB 0.2s
2026-09-15T12:25:46.5965777Z #159 sha256:166ebec4dc3d226d066b177f01884ad069ef3d56f226696c6a37555df79ba501 267.70kB / 267.70kB 0.3s done
2026-09-15T12:25:46.5966713Z #159 sha256:297cd665d666e862470f078e287622e47e1ce5b8cf7c3ecdc749550f66180eed 0B / 503.94kB 0.2s
2026-09-15T12:25:46.7473708Z #159 sha256:e29731ac1f485901c0c18998f00de9cb7c3e47aad6eeee7c01aea249dd4134a0 475.87kB / 475.87kB 0.4s done
2026-09-15T12:25:46.7474726Z #159 sha256:14a4895849fe11e2826bd2d2f7cf069cb05e97daf1df4fb6063609626f413edb 2.72MB / 2.72MB 0.5s done
2026-09-15T12:25:46.7475583Z #159 sha256:297cd665d666e862470f078e287622e47e1ce5b8cf7c3ecdc749550f66180eed 503.94kB / 503.94kB 0.2s done
2026-09-15T12:25:46.7476277Z #159 sha256:4c9fd589f47a2c23f8f1e5d68000219971091305d0e42072456db0307bf9be20 0B / 234.08kB 0.2s
2026-09-15T12:25:46.8492279Z #159 sha256:4c9fd589f47a2c23f8f1e5d68000219971091305d0e42072456db0307bf9be20 234.08kB / 234.08kB 0.2s done
2026-09-15T12:25:46.8493522Z #159 sha256:5f641df5ac60f8c7f409b6ffcb0016f38929b1f420eead98ccb0910c713835f7 90.34kB / 90.34kB 0.2s done
2026-09-15T12:25:46.8494371Z #159 sha256:a5d21de981516fe19356aace81ec63184f1880db44d21f4f1fa0563124d92c3e 0B / 3.62MB 0.2s
2026-09-15T12:25:46.8494932Z #159 sha256:7173df781371e84852761bd7d9d2e4dee02bee16f8f5c62f7e54f6fcc0939972 41.59kB / 41.59kB 0.2s done
2026-09-15T12:25:46.9995097Z #159 sha256:a5d21de981516fe19356aace81ec63184f1880db44d21f4f1fa0563124d92c3e 3.15MB / 3.62MB 0.3s
2026-09-15T12:25:46.9996069Z #159 sha256:248c540a88e3cac32d3ff60da5b8b2020192162fa75d50816fdcadd76ecdbceb 0B / 546.82kB 0.2s
2026-09-15T12:25:46.9997052Z #159 sha256:f573ba29422ee21eec8f7d93d072d6e542fc6de36f645bf4a0b657fdf404c54f 0B / 178.52kB 0.2s
2026-09-15T12:25:46.9998163Z #159 sha256:2c16e4bddfe00dbe9b002a42e83710162098a2cfc15040a71571302e32284152 0B / 1.72MB 0.2s
2026-09-15T12:25:47.1499111Z #159 sha256:a5d21de981516fe19356aace81ec63184f1880db44d21f4f1fa0563124d92c3e 3.62MB / 3.62MB 0.4s done
2026-09-15T12:25:47.1499796Z #159 sha256:248c540a88e3cac32d3ff60da5b8b2020192162fa75d50816fdcadd76ecdbceb 546.82kB / 546.82kB 0.2s done
2026-09-15T12:25:47.1500366Z #159 sha256:f573ba29422ee21eec8f7d93d072d6e542fc6de36f645bf4a0b657fdf404c54f 178.52kB / 178.52kB 0.2s done
2026-09-15T12:25:47.1500899Z #159 sha256:2c16e4bddfe00dbe9b002a42e83710162098a2cfc15040a71571302e32284152 1.72MB / 1.72MB 0.3s
2026-09-15T12:25:47.3172907Z #159 sha256:2c16e4bddfe00dbe9b002a42e83710162098a2cfc15040a71571302e32284152 1.72MB / 1.72MB 0.4s done
2026-09-15T12:25:47.3173803Z #159 sha256:51acd9785fbc9dc2feac656a9b38b341ba372df8c1f8d97681930afd1113b5a7 4.19MB / 45.56MB 0.3s
2026-09-15T12:25:47.3174651Z #159 sha256:9bb8eecdbabcf0e7667fe4823557b5bf377eca4b0127b042fdf559d1a2d7d4a0 0B / 2.91MB 0.2s
2026-09-15T12:25:47.3175566Z #159 sha256:f869d82511bfe9e85dd90799e132d87f66fdb649dcdbf595122671cbee835d0c 257.53kB / 257.53kB 0.2s done
2026-09-15T12:25:47.4249473Z #159 sha256:9bb8eecdbabcf0e7667fe4823557b5bf377eca4b0127b042fdf559d1a2d7d4a0 2.91MB / 2.91MB 0.3s done
2026-09-15T12:25:47.4250153Z #159 sha256:db49126aab75842d3591f5380b97fef5f16fec80ecf89590087e94fe23c5fa68 0B / 616.47kB 0.2s
2026-09-15T12:25:47.4250754Z #159 sha256:bf632184a60c6dde8e87c4d2de65a89d816c1d5846b0ab7333ba26fb5389b80c 202.06kB / 202.06kB 0.2s done
2026-09-15T12:25:47.5754701Z #159 sha256:51acd9785fbc9dc2feac656a9b38b341ba372df8c1f8d97681930afd1113b5a7 10.49MB / 45.56MB 0.5s
2026-09-15T12:25:47.5755656Z #159 sha256:db49126aab75842d3591f5380b97fef5f16fec80ecf89590087e94fe23c5fa68 616.47kB / 616.47kB 0.2s done
2026-09-15T12:25:47.5756539Z #159 sha256:4739d605ea459e9de34f3645f9260884e2b3bf8403855856b2724230c2598562 92.69kB / 92.69kB 0.2s done
2026-09-15T12:25:47.5757206Z #159 sha256:2572d43174e2534f3db85618ed5cc0ad94ecd9da3358da69eb9f139dd9c65b24 0B / 2.31MB 0.2s
2026-09-15T12:25:47.6881916Z #159 sha256:51acd9785fbc9dc2feac656a9b38b341ba372df8c1f8d97681930afd1113b5a7 20.97MB / 45.56MB 0.6s
2026-09-15T12:25:47.6883121Z #159 sha256:2572d43174e2534f3db85618ed5cc0ad94ecd9da3358da69eb9f139dd9c65b24 2.31MB / 2.31MB 0.2s done
2026-09-15T12:25:47.6884035Z #159 sha256:8cc1ffa4161467707de7313394770744e3e851f99c096605446d89daa94f8588 380.32kB / 380.32kB 0.2s done
2026-09-15T12:25:47.6884691Z #159 sha256:facdea38e917c9e0ea4d5b078fc261e5988878f9cca814831288bf9aa0a4e528 0B / 380.86kB 0.2s
2026-09-15T12:25:47.8171694Z #159 sha256:51acd9785fbc9dc2feac656a9b38b341ba372df8c1f8d97681930afd1113b5a7 31.46MB / 45.56MB 0.8s
2026-09-15T12:25:47.8172404Z #159 sha256:facdea38e917c9e0ea4d5b078fc261e5988878f9cca814831288bf9aa0a4e528 380.86kB / 380.86kB 0.2s done
2026-09-15T12:25:47.8172994Z #159 sha256:e4a6b9a84973ae2741ec0e7e5c6491deaf182701cb710f31f75e1ad093248606 0B / 536.53kB 0.2s
2026-09-15T12:25:47.9177442Z #159 sha256:51acd9785fbc9dc2feac656a9b38b341ba372df8c1f8d97681930afd1113b5a7 41.94MB / 45.56MB 0.9s
2026-09-15T12:25:47.9178331Z #159 sha256:92cc581489983b46a0fc7aa31e4c7602cdab89eabc4ed58fae34726e56b5a1c4 0B / 421.25kB 0.2s
2026-09-15T12:25:48.0707377Z #159 sha256:e4a6b9a84973ae2741ec0e7e5c6491deaf182701cb710f31f75e1ad093248606 536.53kB / 536.53kB 0.3s
2026-09-15T12:25:48.0708215Z #159 sha256:92cc581489983b46a0fc7aa31e4c7602cdab89eabc4ed58fae34726e56b5a1c4 421.25kB / 421.25kB 0.3s
2026-09-15T12:25:48.0708843Z #159 sha256:48f196bb063e2ce554fc9835b63a9f1a44ae51a775923f7a37ded480052383dc 403.04kB / 403.04kB 0.3s
2026-09-15T12:25:48.2170833Z #159 sha256:51acd9785fbc9dc2feac656a9b38b341ba372df8c1f8d97681930afd1113b5a7 45.56MB / 45.56MB 1.2s
2026-09-15T12:25:48.6674033Z #159 sha256:e4a6b9a84973ae2741ec0e7e5c6491deaf182701cb710f31f75e1ad093248606 536.53kB / 536.53kB 0.5s done
2026-09-15T12:25:48.8171201Z #159 sha256:6d24cda17bba78d364d7bc1485558b8a5d0f6f3eaf8f1c723a6f68c01ad5af50 0B / 345.54kB 0.2s
2026-09-15T12:25:48.9672006Z #159 sha256:6d24cda17bba78d364d7bc1485558b8a5d0f6f3eaf8f1c723a6f68c01ad5af50 345.54kB / 345.54kB 0.3s
2026-09-15T12:25:49.1172754Z #159 sha256:92cc581489983b46a0fc7aa31e4c7602cdab89eabc4ed58fae34726e56b5a1c4 421.25kB / 421.25kB 1.2s done
2026-09-15T12:25:49.2676693Z #159 sha256:c5ee72cb614431d006f7db531fc30908dde95c7bf19297b74099087c6d43fbb4 0B / 1.83MB 0.2s
2026-09-15T12:25:49.3994169Z #159 sha256:48f196bb063e2ce554fc9835b63a9f1a44ae51a775923f7a37ded480052383dc 403.04kB / 403.04kB 1.4s done
2026-09-15T12:25:49.3994857Z #159 sha256:c5ee72cb614431d006f7db531fc30908dde95c7bf19297b74099087c6d43fbb4 1.83MB / 1.83MB 0.3s
2026-09-15T12:25:49.6198723Z #159 sha256:51acd9785fbc9dc2feac656a9b38b341ba372df8c1f8d97681930afd1113b5a7 45.56MB / 45.56MB 2.5s done
2026-09-15T12:25:49.6199390Z #159 sha256:6d24cda17bba78d364d7bc1485558b8a5d0f6f3eaf8f1c723a6f68c01ad5af50 345.54kB / 345.54kB 1.0s done
2026-09-15T12:25:49.6200061Z #159 sha256:c5ee72cb614431d006f7db531fc30908dde95c7bf19297b74099087c6d43fbb4 1.83MB / 1.83MB 0.5s done
2026-09-15T12:25:49.6200726Z #159 sha256:4d93562424f04bccbf60c7681a56659703c8c500f144044a6ef8a94b9a2914b6 1.75MB / 1.75MB 0.2s done
2026-09-15T12:25:49.7313312Z #159 sha256:fd07ba9452244d716f2c18dde3542eca35d00b5aa0e1b47de55c1a44b19cc50f 0B / 757.64kB 0.2s
2026-09-15T12:25:49.8934066Z #159 sha256:fd07ba9452244d716f2c18dde3542eca35d00b5aa0e1b47de55c1a44b19cc50f 757.64kB / 757.64kB 0.2s done
2026-09-15T12:25:49.8935099Z #159 sha256:08e4617bd09cfc7427efa0f7bb46e51ccdef29b2af4e52948b7e302460159475 354.97kB / 354.97kB 0.2s done
2026-09-15T12:25:49.8935849Z #159 sha256:bfe886e4a86252e49e4a0faa81575586efcb397a23d80073fcc109a59d0d0a33 266.32kB / 266.32kB 0.2s done
2026-09-15T12:25:49.8936599Z #159 sha256:317da281fe770ebbe0316090bc361187cd230af14170870849577a72b7a657f5 4.72MB / 4.72MB 0.3s done
2026-09-15T12:25:50.0442274Z #159 sha256:c667d3b059606e8abece596c1c31bc9bdf7e8259a9585bc32927b4f1dd6689c6 0B / 573.02kB 0.2s
2026-09-15T12:25:50.0442951Z #159 sha256:7b123e2cb9f6d3c278306cae664a6b49bafc637937d75ca4e9534fd3f53fe05e 0B / 188.07kB 0.2s
2026-09-15T12:25:50.0443760Z #159 sha256:7afe0460313656dffe4463dd41078e9f97e921e09cda5205db4899ee0dc93f8d 0B / 763.92kB 0.2s
2026-09-15T12:25:50.0444280Z #159 sha256:ca753f73a75e2b1d72d4fdcaba17b31ba70f0228e5aa9efe044314d6fdf23952 0B / 203.50kB 0.2s
2026-09-15T12:25:50.2472138Z #159 sha256:c667d3b059606e8abece596c1c31bc9bdf7e8259a9585bc32927b4f1dd6689c6 573.02kB / 573.02kB 0.3s done
2026-09-15T12:25:50.2473258Z #159 sha256:7b123e2cb9f6d3c278306cae664a6b49bafc637937d75ca4e9534fd3f53fe05e 188.07kB / 188.07kB 0.2s done
2026-09-15T12:25:50.2474173Z #159 sha256:7afe0460313656dffe4463dd41078e9f97e921e09cda5205db4899ee0dc93f8d 763.92kB / 763.92kB 0.3s done
2026-09-15T12:25:50.2475063Z #159 sha256:ca753f73a75e2b1d72d4fdcaba17b31ba70f0228e5aa9efe044314d6fdf23952 203.50kB / 203.50kB 0.2s done
2026-09-15T12:25:50.2475971Z #159 sha256:12a21127b344c21319afeff411cec11b3ad12a1fe459bff9166b4da622b0ffdf 0B / 373.85kB 0.2s
2026-09-15T12:25:50.4267653Z #159 sha256:12a21127b344c21319afeff411cec11b3ad12a1fe459bff9166b4da622b0ffdf 373.85kB / 373.85kB 0.2s done
2026-09-15T12:25:50.4268626Z #159 sha256:d0c869b6f75a9bd0cc2dbd3ec18583e27f48093f45a6880416386a5f4db1d8c0 44.80kB / 44.80kB 0.2s done
2026-09-15T12:25:50.4269239Z #159 sha256:01617158b8cd3b73a6705da952c6d28aadcd064c4154f39be7c3b88e71679f30 86.26kB / 86.26kB 0.2s done
2026-09-15T12:25:50.4270230Z #159 sha256:be8760fc1faec4296c030e59c37ea05e207e2682b2711c2c2434bb7cfa8e9630 60.82kB / 60.82kB 0.2s done
2026-09-15T12:25:50.4270759Z #159 sha256:de1ac289041c2bb363347de841af7741b1a01f0a5bd66961aa2a6d2e00f1774c 0B / 4.23MB 0.2s
2026-09-15T12:25:50.5764401Z #159 sha256:de1ac289041c2bb363347de841af7741b1a01f0a5bd66961aa2a6d2e00f1774c 4.23MB / 4.23MB 0.3s
2026-09-15T12:25:50.5765139Z #159 sha256:e5aeec732a7f3e08e6c76291362d0de5fd4850715056268507ec695e54577ac2 78.54kB / 78.54kB 0.2s done
2026-09-15T12:25:50.5765780Z #159 sha256:6ad21c258f1070486dd07b77d5c7c098dafef06a0d4cd758062c5dc590cebdf2 144.04kB / 144.04kB 0.2s done
2026-09-15T12:25:50.5766390Z #159 sha256:6406cded3f01e1db36ef1a57f6d21c0bb802d31c664cec21ea6be9bb381b1340 457.89kB / 457.89kB 0.2s done
2026-09-15T12:25:50.7259823Z #159 sha256:7a3d59ec049dcaf00c231399aa44bd713e29e576845db85a6c2e5efb64ac8b7b 0B / 282.75kB 0.2s
2026-09-15T12:25:50.7260429Z #159 sha256:f14adcf2c334450677110607610fe31b1f0fda7cc0650cc2a974491a09fda8b0 0B / 494.58kB 0.2s
2026-09-15T12:25:50.7261110Z #159 sha256:23db6e48e3f0e402f0dfde7812ef00fb8dad51525e2d446660fca474df694c51 0B / 1.40MB 0.2s
2026-09-15T12:25:50.8842131Z #159 sha256:de1ac289041c2bb363347de841af7741b1a01f0a5bd66961aa2a6d2e00f1774c 4.23MB / 4.23MB 0.5s done
2026-09-15T12:25:50.8843050Z #159 sha256:7a3d59ec049dcaf00c231399aa44bd713e29e576845db85a6c2e5efb64ac8b7b 282.75kB / 282.75kB 0.2s done
2026-09-15T12:25:50.8843948Z #159 sha256:f14adcf2c334450677110607610fe31b1f0fda7cc0650cc2a974491a09fda8b0 494.58kB / 494.58kB 0.2s done
2026-09-15T12:25:50.8844708Z #159 sha256:23db6e48e3f0e402f0dfde7812ef00fb8dad51525e2d446660fca474df694c51 1.40MB / 1.40MB 0.2s done
2026-09-15T12:25:50.8845378Z #159 sha256:73197916e89afa434a9a33e8aad405f24c14a532d1b6d4c5e54b02ee214afcb2 0B / 49.55MB 0.2s
2026-09-15T12:25:51.0350197Z #159 sha256:73197916e89afa434a9a33e8aad405f24c14a532d1b6d4c5e54b02ee214afcb2 10.49MB / 49.55MB 0.3s
2026-09-15T12:25:51.0351124Z #159 sha256:013d42d373a946164e7cf18087abc720ccf157d672b54a31f1edaf3b6536a2d0 0B / 12.57MB 0.2s
2026-09-15T12:25:51.0351819Z #159 sha256:dbe5241094a78c642c066a9baadc722fc847bf548457e8b035e35cf8e5d5bb3b 403.94kB / 403.94kB 0.2s done
2026-09-15T12:25:51.0352397Z #159 sha256:5e1d2c91235a22367035350d1c2456862793339555c0f1a57159c318f5b66615 369.92kB / 369.92kB 0.2s done
2026-09-15T12:25:51.1842057Z #159 sha256:73197916e89afa434a9a33e8aad405f24c14a532d1b6d4c5e54b02ee214afcb2 17.83MB / 49.55MB 0.5s
2026-09-15T12:25:51.1842995Z #159 sha256:013d42d373a946164e7cf18087abc720ccf157d672b54a31f1edaf3b6536a2d0 9.44MB / 12.57MB 0.3s
2026-09-15T12:25:51.1843629Z #159 sha256:fa476170fb86e8dfada76f1f21b7cfa6bed224d326793f7dc790997fede22486 0B / 1.08MB 0.2s
2026-09-15T12:25:51.1844191Z #159 sha256:595e25b496faa45e1e1abdff6f8f08bdc3d7dcab4bad7c7c5616b08ce301246b 0B / 28.43kB 0.2s
2026-09-15T12:25:51.3345618Z #159 sha256:73197916e89afa434a9a33e8aad405f24c14a532d1b6d4c5e54b02ee214afcb2 25.17MB / 49.55MB 0.6s
2026-09-15T12:25:51.3346458Z #159 sha256:013d42d373a946164e7cf18087abc720ccf157d672b54a31f1edaf3b6536a2d0 12.57MB / 12.57MB 0.5s done
2026-09-15T12:25:51.3347269Z #159 sha256:fa476170fb86e8dfada76f1f21b7cfa6bed224d326793f7dc790997fede22486 1.08MB / 1.08MB 0.3s done
2026-09-15T12:25:51.3348210Z #159 sha256:595e25b496faa45e1e1abdff6f8f08bdc3d7dcab4bad7c7c5616b08ce301246b 28.43kB / 28.43kB 0.3s done
2026-09-15T12:25:51.4842886Z #159 sha256:73197916e89afa434a9a33e8aad405f24c14a532d1b6d4c5e54b02ee214afcb2 31.46MB / 49.55MB 0.8s
2026-09-15T12:25:51.4843644Z #159 sha256:dae02c9ad2d8bad4884cd42f1840ee7c5ad7a565382f33b89bce6ea11a491777 1.04MB / 1.04MB 0.2s done
2026-09-15T12:25:51.4844322Z #159 sha256:a6cc31f163d7c9489cdaa79b60b4f00101218a25a4c1f34deea945226c7c21af 0B / 4.07MB 0.2s
2026-09-15T12:25:51.4845454Z #159 sha256:46de5dccccd8ac2985e42427b1a908a4bc73400ece75e8b2d4a6cc114bde4025 0B / 19.00MB 0.2s
2026-09-15T12:25:51.6244349Z #159 sha256:a6cc31f163d7c9489cdaa79b60b4f00101218a25a4c1f34deea945226c7c21af 4.07MB / 4.07MB 0.3s done
2026-09-15T12:25:51.6245334Z #159 sha256:46de5dccccd8ac2985e42427b1a908a4bc73400ece75e8b2d4a6cc114bde4025 9.44MB / 19.00MB 0.3s
2026-09-15T12:25:51.6245897Z #159 sha256:968bfc697d37f43d9756da3a281057cc19af4daeef717ddc341da2245d8e891e 66.11kB / 66.11kB 0.2s done
2026-09-15T12:25:51.7329006Z #159 sha256:73197916e89afa434a9a33e8aad405f24c14a532d1b6d4c5e54b02ee214afcb2 41.94MB / 49.55MB 0.9s
2026-09-15T12:25:51.7329981Z #159 sha256:46de5dccccd8ac2985e42427b1a908a4bc73400ece75e8b2d4a6cc114bde4025 16.78MB / 19.00MB 0.5s
2026-09-15T12:25:51.7330861Z #159 sha256:b05a2f5333e329cdf47c3abf58696cb1077ff51873e8bedc5e3dcf962f428976 0B / 37.10kB 0.2s
2026-09-15T12:25:51.8797315Z #159 sha256:73197916e89afa434a9a33e8aad405f24c14a532d1b6d4c5e54b02ee214afcb2 49.55MB / 49.55MB 1.1s
2026-09-15T12:25:51.8798493Z #159 sha256:46de5dccccd8ac2985e42427b1a908a4bc73400ece75e8b2d4a6cc114bde4025 19.00MB / 19.00MB 0.6s
2026-09-15T12:25:51.8799221Z #159 sha256:b05a2f5333e329cdf47c3abf58696cb1077ff51873e8bedc5e3dcf962f428976 37.10kB / 37.10kB 0.2s done
2026-09-15T12:25:51.8799902Z #159 sha256:94604c77b5ba03fd510a0c2462be0a877ab9c097b8ba85463ba0954e43d1c346 0B / 44.66kB 0.2s
2026-09-15T12:25:52.0291955Z #159 sha256:94604c77b5ba03fd510a0c2462be0a877ab9c097b8ba85463ba0954e43d1c346 44.66kB / 44.66kB 0.3s
2026-09-15T12:25:52.0292715Z #159 sha256:693b058674ae427f62262222dfee116b86754245d3a4ca8c105f32f0babefc7a 0B / 3.97MB 0.2s
2026-09-15T12:25:52.2466562Z #159 sha256:73197916e89afa434a9a33e8aad405f24c14a532d1b6d4c5e54b02ee214afcb2 49.55MB / 49.55MB 1.4s done
2026-09-15T12:25:52.2467433Z #159 sha256:46de5dccccd8ac2985e42427b1a908a4bc73400ece75e8b2d4a6cc114bde4025 19.00MB / 19.00MB 0.8s done
2026-09-15T12:25:52.2468427Z #159 sha256:94604c77b5ba03fd510a0c2462be0a877ab9c097b8ba85463ba0954e43d1c346 44.66kB / 44.66kB 0.5s done
2026-09-15T12:25:52.2469200Z #159 sha256:693b058674ae427f62262222dfee116b86754245d3a4ca8c105f32f0babefc7a 3.97MB / 3.97MB 0.4s done
2026-09-15T12:25:52.2469939Z #159 sha256:747ed6a6c0ddb3309b3062b44e43e6c18032caad5587a9f239b56cbaf6bcda76 0B / 4.03MB 0.2s
2026-09-15T12:25:52.3970022Z #159 sha256:747ed6a6c0ddb3309b3062b44e43e6c18032caad5587a9f239b56cbaf6bcda76 4.03MB / 4.03MB 0.3s done
2026-09-15T12:25:52.3970642Z #159 sha256:4dc34f157d09b8159284641fa147535a287ea4a0ed60681dba97c34e7a92e895 257.69kB / 257.69kB 0.2s done
2026-09-15T12:25:52.3971477Z #159 sha256:a842657f70ff48a9487948f3ffb7abbdc95c589cd82f8a03a43359b188276f8b 0B / 1.74MB 0.2s
2026-09-15T12:25:52.3972333Z #159 sha256:6a91a78ea0feca92d0d7baaf50c42596043bd7d287570a7f87ba02276b644847 515.98kB / 515.98kB 0.2s done
2026-09-15T12:25:52.5024155Z #159 sha256:a842657f70ff48a9487948f3ffb7abbdc95c589cd82f8a03a43359b188276f8b 1.74MB / 1.74MB 0.3s done
2026-09-15T12:25:52.5025166Z #159 sha256:940e4c8cc824bb2a06c94eb63efc6d6bf1aec8deb2f111cf9b86063304fd8399 211.33kB / 211.33kB 0.2s done
2026-09-15T12:25:52.5026368Z #159 sha256:5ca23e32e760f4d92246b6cdd47209c6da053ad6dc5ba1c4b2aaf67d72398804 0B / 757.22kB 0.2s
2026-09-15T12:25:52.6134166Z #159 sha256:5ca23e32e760f4d92246b6cdd47209c6da053ad6dc5ba1c4b2aaf67d72398804 757.22kB / 757.22kB 0.3s done
2026-09-15T12:25:52.6134935Z #159 sha256:2b9c078c2801f6a37da4bf832e6ac7f69fd3fa7db07e375fe2561bbfc95d3564 91.86kB / 91.86kB 0.2s done
2026-09-15T12:25:52.6135635Z #159 sha256:5f1356ea84ef89eafcb3bea09ac4bdb29334492f275a9de1c1bd2606653d495b 798.07kB / 798.07kB 0.2s done
2026-09-15T12:25:52.7365988Z #159 sha256:d24870dc793e88d7843f0b5baf6c6a07bb9cf8c21c8cc1a95999538f34db7b6c 22.02kB / 22.02kB 0.2s done
2026-09-15T12:25:52.7366695Z #159 sha256:b1631fbc26f7a1ee023ebef1474a55c995b592f9459bafb85f99f347819ac7af 0B / 23.04MB 0.2s
2026-09-15T12:25:52.7367329Z #159 sha256:d263e667bf4eaa61487cd1219f4c6558c1d84c3c9c25bf964c8888eaecaf4059 0B / 23.03MB 0.2s
2026-09-15T12:25:52.8460743Z #159 sha256:3ee34c475f8833370501c322acbc06125dbd27f60ac6b82e7d6c7b0a2ec21be5 0B / 576B 0.2s
2026-09-15T12:25:52.8461638Z #159 sha256:0a08583b9b930fb472883cabc92b6c3a33fecb3c96e2188a73bd132ee01b153e 0B / 302B 0.2s
2026-09-15T12:25:52.9709819Z #159 sha256:b1631fbc26f7a1ee023ebef1474a55c995b592f9459bafb85f99f347819ac7af 6.29MB / 23.04MB 0.3s
2026-09-15T12:25:52.9711819Z #159 sha256:d263e667bf4eaa61487cd1219f4c6558c1d84c3c9c25bf964c8888eaecaf4059 10.49MB / 23.03MB 0.3s
2026-09-15T12:25:52.9712834Z #159 sha256:3ee34c475f8833370501c322acbc06125dbd27f60ac6b82e7d6c7b0a2ec21be5 576B / 576B 0.4s done
2026-09-15T12:25:53.1218297Z #159 sha256:b1631fbc26f7a1ee023ebef1474a55c995b592f9459bafb85f99f347819ac7af 10.49MB / 23.04MB 0.5s
2026-09-15T12:25:53.1218937Z #159 sha256:d263e667bf4eaa61487cd1219f4c6558c1d84c3c9c25bf964c8888eaecaf4059 13.63MB / 23.03MB 0.5s
2026-09-15T12:25:53.1219583Z #159 sha256:0a08583b9b930fb472883cabc92b6c3a33fecb3c96e2188a73bd132ee01b153e 302B / 302B 0.3s done
2026-09-15T12:25:53.1220179Z #159 sha256:a68a245d9debc1254919426b251adfc4ba62e90a43eee65b0cf036f11eb6f4ee 0B / 359B 0.2s
2026-09-15T12:25:53.2727493Z #159 sha256:b1631fbc26f7a1ee023ebef1474a55c995b592f9459bafb85f99f347819ac7af 20.97MB / 23.04MB 0.6s
2026-09-15T12:25:53.2728612Z #159 sha256:d263e667bf4eaa61487cd1219f4c6558c1d84c3c9c25bf964c8888eaecaf4059 20.97MB / 23.03MB 0.6s
2026-09-15T12:25:53.2729312Z #159 sha256:a68a245d9debc1254919426b251adfc4ba62e90a43eee65b0cf036f11eb6f4ee 359B / 359B 0.2s done
2026-09-15T12:25:53.2730032Z #159 sha256:5fe51573ed66fd052af35d4bf256ae56e573177901fe5b3d80350de619c1ce3d 7.34MB / 44.30MB 0.3s
2026-09-15T12:25:53.4228243Z #159 sha256:d263e667bf4eaa61487cd1219f4c6558c1d84c3c9c25bf964c8888eaecaf4059 23.03MB / 23.03MB 0.8s
2026-09-15T12:25:53.4229142Z #159 sha256:5fe51573ed66fd052af35d4bf256ae56e573177901fe5b3d80350de619c1ce3d 14.68MB / 44.30MB 0.5s
2026-09-15T12:25:53.4230009Z #159 sha256:612630c430ac0ae44b8b3802af5399b690e7af6d91d45793258d0f7df53373da 0B / 504.89MB 0.2s
2026-09-15T12:25:53.5727587Z #159 sha256:b1631fbc26f7a1ee023ebef1474a55c995b592f9459bafb85f99f347819ac7af 23.04MB / 23.04MB 0.9s done
2026-09-15T12:25:53.5728451Z #159 sha256:d263e667bf4eaa61487cd1219f4c6558c1d84c3c9c25bf964c8888eaecaf4059 23.03MB / 23.03MB 0.9s done
2026-09-15T12:25:53.5729004Z #159 sha256:5fe51573ed66fd052af35d4bf256ae56e573177901fe5b3d80350de619c1ce3d 22.02MB / 44.30MB 0.6s
2026-09-15T12:25:53.7280840Z #159 sha256:5fe51573ed66fd052af35d4bf256ae56e573177901fe5b3d80350de619c1ce3d 33.55MB / 44.30MB 0.8s
2026-09-15T12:25:53.7281780Z #159 sha256:0e4ac1414efd8a9794c3f9c4846d98e136ca4bd66de75732bd517034b5833da3 562B / 562B 0.2s done
2026-09-15T12:25:53.7282643Z #159 sha256:aa0dbb51786a9c7a9544810cac087e1a1e5f8ee824d7cf4ee05ce5ee8bbe2bee 0B / 160.74MB 0.2s
2026-09-15T12:25:53.8736058Z #159 sha256:5fe51573ed66fd052af35d4bf256ae56e573177901fe5b3d80350de619c1ce3d 41.94MB / 44.30MB 0.9s
2026-09-15T12:25:53.8736731Z #159 sha256:aa0dbb51786a9c7a9544810cac087e1a1e5f8ee824d7cf4ee05ce5ee8bbe2bee 10.49MB / 160.74MB 0.3s
2026-09-15T12:25:53.8737254Z #159 sha256:b728637e1a8755007b6010b2bde0863dc7360f6ef5b69aff3bf21ac808db4768 0B / 664B 0.2s
2026-09-15T12:25:54.0230467Z #159 sha256:5fe51573ed66fd052af35d4bf256ae56e573177901fe5b3d80350de619c1ce3d 44.30MB / 44.30MB 1.1s
2026-09-15T12:25:54.0234803Z #159 sha256:612630c430ac0ae44b8b3802af5399b690e7af6d91d45793258d0f7df53373da 31.46MB / 504.89MB 0.8s
2026-09-15T12:25:54.0236114Z #159 sha256:b728637e1a8755007b6010b2bde0863dc7360f6ef5b69aff3bf21ac808db4768 664B / 664B 0.2s done
2026-09-15T12:25:54.1839282Z #159 sha256:5fe51573ed66fd052af35d4bf256ae56e573177901fe5b3d80350de619c1ce3d 44.30MB / 44.30MB 1.1s done
2026-09-15T12:25:54.1840357Z #159 sha256:aa0dbb51786a9c7a9544810cac087e1a1e5f8ee824d7cf4ee05ce5ee8bbe2bee 20.97MB / 160.74MB 0.6s
2026-09-15T12:25:54.1841310Z #159 sha256:b74d1b21fb9605007fee7003b19e08e5979618fc687143e72ec8d516c242e858 95.42MB / 355.14MB 0.3s
2026-09-15T12:25:54.3330684Z #159 sha256:aa0dbb51786a9c7a9544810cac087e1a1e5f8ee824d7cf4ee05ce5ee8bbe2bee 31.46MB / 160.74MB 0.8s
2026-09-15T12:25:54.3331784Z #159 sha256:b74d1b21fb9605007fee7003b19e08e5979618fc687143e72ec8d516c242e858 163.58MB / 355.14MB 0.5s
2026-09-15T12:25:54.3332741Z #159 sha256:5eec61f5a023d9a780c20838c05d7c6c81e1af461857e4644b840fb152443fee 0B / 4.46MB 0.2s
2026-09-15T12:25:54.4831850Z #159 sha256:b74d1b21fb9605007fee7003b19e08e5979618fc687143e72ec8d516c242e858 241.17MB / 355.14MB 0.6s
2026-09-15T12:25:54.4832910Z #159 sha256:5eec61f5a023d9a780c20838c05d7c6c81e1af461857e4644b840fb152443fee 4.46MB / 4.46MB 0.3s done
2026-09-15T12:25:54.5852960Z #159 sha256:612630c430ac0ae44b8b3802af5399b690e7af6d91d45793258d0f7df53373da 62.91MB / 504.89MB 1.4s
2026-09-15T12:25:54.5853914Z #159 sha256:aa0dbb51786a9c7a9544810cac087e1a1e5f8ee824d7cf4ee05ce5ee8bbe2bee 46.14MB / 160.74MB 1.1s
2026-09-15T12:25:54.5854820Z #159 sha256:2880b575b2c0305ef29b874726246d84e775031e0fa9bdcf761075e56691c37a 859.02kB / 859.02kB 0.2s done
2026-09-15T12:25:54.7357736Z #159 sha256:aa0dbb51786a9c7a9544810cac087e1a1e5f8ee824d7cf4ee05ce5ee8bbe2bee 54.53MB / 160.74MB 1.2s
2026-09-15T12:25:54.7358580Z #159 sha256:b74d1b21fb9605007fee7003b19e08e5979618fc687143e72ec8d516c242e858 316.67MB / 355.14MB 0.8s
2026-09-15T12:25:54.7359263Z #159 sha256:c0fb1797710794b02191ceed9de46d2594b6ddc0ad48cd67fb64df56c6ee9a48 0B / 653.39MB 0.2s
2026-09-15T12:25:54.8852086Z #159 sha256:aa0dbb51786a9c7a9544810cac087e1a1e5f8ee824d7cf4ee05ce5ee8bbe2bee 62.91MB / 160.74MB 1.4s
2026-09-15T12:25:54.8854068Z #159 sha256:b74d1b21fb9605007fee7003b19e08e5979618fc687143e72ec8d516c242e858 355.14MB / 355.14MB 0.9s
2026-09-15T12:25:55.0356594Z #159 sha256:612630c430ac0ae44b8b3802af5399b690e7af6d91d45793258d0f7df53373da 89.13MB / 504.89MB 1.8s
2026-09-15T12:25:55.0357550Z #159 sha256:aa0dbb51786a9c7a9544810cac087e1a1e5f8ee824d7cf4ee05ce5ee8bbe2bee 73.40MB / 160.74MB 1.5s
2026-09-15T12:25:55.1852828Z #159 sha256:aa0dbb51786a9c7a9544810cac087e1a1e5f8ee824d7cf4ee05ce5ee8bbe2bee 83.89MB / 160.74MB 1.7s
2026-09-15T12:25:55.1853661Z #159 sha256:c0fb1797710794b02191ceed9de46d2594b6ddc0ad48cd67fb64df56c6ee9a48 41.94MB / 653.39MB 0.6s
2026-09-15T12:25:55.4854549Z #159 sha256:aa0dbb51786a9c7a9544810cac087e1a1e5f8ee824d7cf4ee05ce5ee8bbe2bee 94.37MB / 160.74MB 2.0s
2026-09-15T12:25:55.6356814Z #159 sha256:612630c430ac0ae44b8b3802af5399b690e7af6d91d45793258d0f7df53373da 117.44MB / 504.89MB 2.4s
2026-09-15T12:25:55.6358650Z #159 sha256:aa0dbb51786a9c7a9544810cac087e1a1e5f8ee824d7cf4ee05ce5ee8bbe2bee 104.86MB / 160.74MB 2.1s
2026-09-15T12:25:55.6359822Z #159 sha256:c0fb1797710794b02191ceed9de46d2594b6ddc0ad48cd67fb64df56c6ee9a48 80.74MB / 653.39MB 1.1s
2026-09-15T12:25:55.7853678Z #159 sha256:aa0dbb51786a9c7a9544810cac087e1a1e5f8ee824d7cf4ee05ce5ee8bbe2bee 115.34MB / 160.74MB 2.3s
2026-09-15T12:25:56.0854432Z #159 sha256:aa0dbb51786a9c7a9544810cac087e1a1e5f8ee824d7cf4ee05ce5ee8bbe2bee 125.83MB / 160.74MB 2.6s
2026-09-15T12:25:56.2362494Z #159 sha256:612630c430ac0ae44b8b3802af5399b690e7af6d91d45793258d0f7df53373da 146.80MB / 504.89MB 3.0s
2026-09-15T12:25:56.2363401Z #159 sha256:aa0dbb51786a9c7a9544810cac087e1a1e5f8ee824d7cf4ee05ce5ee8bbe2bee 136.31MB / 160.74MB 2.7s
2026-09-15T12:25:56.2364234Z #159 sha256:c0fb1797710794b02191ceed9de46d2594b6ddc0ad48cd67fb64df56c6ee9a48 127.93MB / 653.39MB 1.7s
2026-09-15T12:25:56.5353156Z #159 sha256:aa0dbb51786a9c7a9544810cac087e1a1e5f8ee824d7cf4ee05ce5ee8bbe2bee 146.80MB / 160.74MB 3.0s
2026-09-15T12:25:56.5354124Z #159 sha256:b74d1b21fb9605007fee7003b19e08e5979618fc687143e72ec8d516c242e858 355.14MB / 355.14MB 2.6s done
2026-09-15T12:25:56.6853444Z #159 sha256:aa0dbb51786a9c7a9544810cac087e1a1e5f8ee824d7cf4ee05ce5ee8bbe2bee 157.29MB / 160.74MB 3.2s
2026-09-15T12:25:56.6854489Z #159 sha256:6a7c4f6d8c3863707c14af40aad062db2bb477271491c7d3e99e03394dd261e3 394B / 394B 0.1s done
2026-09-15T12:25:56.8355913Z #159 sha256:612630c430ac0ae44b8b3802af5399b690e7af6d91d45793258d0f7df53373da 173.02MB / 504.89MB 3.6s
2026-09-15T12:25:56.8356848Z #159 sha256:c0fb1797710794b02191ceed9de46d2594b6ddc0ad48cd67fb64df56c6ee9a48 169.87MB / 653.39MB 2.3s
2026-09-15T12:25:56.8357708Z #159 sha256:08f5f5b2a2b0d2a960804adef3bd1783c5f2c20f42db5e290dc05d9529d11ae2 4.19MB / 41.60MB 0.2s
2026-09-15T12:25:56.9853779Z #159 sha256:08f5f5b2a2b0d2a960804adef3bd1783c5f2c20f42db5e290dc05d9529d11ae2 41.60MB / 41.60MB 0.3s
2026-09-15T12:25:57.2852535Z #159 sha256:c0fb1797710794b02191ceed9de46d2594b6ddc0ad48cd67fb64df56c6ee9a48 207.62MB / 653.39MB 2.7s
2026-09-15T12:25:57.4356039Z #159 sha256:612630c430ac0ae44b8b3802af5399b690e7af6d91d45793258d0f7df53373da 199.23MB / 504.89MB 4.2s
2026-09-15T12:25:57.7353677Z #159 sha256:c0fb1797710794b02191ceed9de46d2594b6ddc0ad48cd67fb64df56c6ee9a48 241.17MB / 653.39MB 3.2s
2026-09-15T12:25:57.8856675Z #159 sha256:aa0dbb51786a9c7a9544810cac087e1a1e5f8ee824d7cf4ee05ce5ee8bbe2bee 160.74MB / 160.74MB 4.3s done
2026-09-15T12:25:57.8858124Z #159 sha256:08f5f5b2a2b0d2a960804adef3bd1783c5f2c20f42db5e290dc05d9529d11ae2 41.60MB / 41.60MB 1.1s done
2026-09-15T12:25:57.8859155Z #159 extracting sha256:08f5f5b2a2b0d2a960804adef3bd1783c5f2c20f42db5e290dc05d9529d11ae2
2026-09-15T12:25:58.1853146Z #159 sha256:612630c430ac0ae44b8b3802af5399b690e7af6d91d45793258d0f7df53373da 230.69MB / 504.89MB 5.0s
2026-09-15T12:25:58.1854527Z #159 sha256:c0fb1797710794b02191ceed9de46d2594b6ddc0ad48cd67fb64df56c6ee9a48 285.21MB / 653.39MB 3.6s
2026-09-15T12:25:58.6351973Z #159 sha256:612630c430ac0ae44b8b3802af5399b690e7af6d91d45793258d0f7df53373da 261.10MB / 504.89MB 5.4s
2026-09-15T12:25:58.6352684Z #159 sha256:c0fb1797710794b02191ceed9de46d2594b6ddc0ad48cd67fb64df56c6ee9a48 325.06MB / 653.39MB 4.1s
2026-09-15T12:25:58.7524598Z #159 extracting sha256:08f5f5b2a2b0d2a960804adef3bd1783c5f2c20f42db5e290dc05d9529d11ae2 1.0s done
2026-09-15T12:25:58.8601013Z #159 extracting sha256:6a7c4f6d8c3863707c14af40aad062db2bb477271491c7d3e99e03394dd261e3
2026-09-15T12:25:59.1602563Z #159 sha256:612630c430ac0ae44b8b3802af5399b690e7af6d91d45793258d0f7df53373da 293.60MB / 504.89MB 6.0s
2026-09-15T12:25:59.1603187Z #159 sha256:c0fb1797710794b02191ceed9de46d2594b6ddc0ad48cd67fb64df56c6ee9a48 367.00MB / 653.39MB 4.5s
2026-09-15T12:25:59.4603287Z #159 extracting sha256:6a7c4f6d8c3863707c14af40aad062db2bb477271491c7d3e99e03394dd261e3 0.6s done
2026-09-15T12:25:59.7601296Z #159 sha256:612630c430ac0ae44b8b3802af5399b690e7af6d91d45793258d0f7df53373da 324.01MB / 504.89MB 6.6s
2026-09-15T12:25:59.7601903Z #159 sha256:c0fb1797710794b02191ceed9de46d2594b6ddc0ad48cd67fb64df56c6ee9a48 407.90MB / 653.39MB 5.1s
2026-09-15T12:26:00.2102737Z #159 sha256:612630c430ac0ae44b8b3802af5399b690e7af6d91d45793258d0f7df53373da 351.27MB / 504.89MB 7.1s
2026-09-15T12:26:00.3605190Z #159 sha256:c0fb1797710794b02191ceed9de46d2594b6ddc0ad48cd67fb64df56c6ee9a48 448.79MB / 653.39MB 5.7s
2026-09-15T12:26:00.6610081Z #159 sha256:612630c430ac0ae44b8b3802af5399b690e7af6d91d45793258d0f7df53373da 377.49MB / 504.89MB 7.5s
2026-09-15T12:26:00.6610751Z #159 sha256:c0fb1797710794b02191ceed9de46d2594b6ddc0ad48cd67fb64df56c6ee9a48 482.34MB / 653.39MB 6.0s
2026-09-15T12:26:01.2603434Z #159 sha256:c0fb1797710794b02191ceed9de46d2594b6ddc0ad48cd67fb64df56c6ee9a48 520.09MB / 653.39MB 6.6s
2026-09-15T12:26:01.4105093Z #159 sha256:612630c430ac0ae44b8b3802af5399b690e7af6d91d45793258d0f7df53373da 411.04MB / 504.89MB 8.3s
2026-09-15T12:26:01.7107630Z #159 sha256:c0fb1797710794b02191ceed9de46d2594b6ddc0ad48cd67fb64df56c6ee9a48 554.70MB / 653.39MB 7.1s
2026-09-15T12:26:01.8603198Z #159 sha256:612630c430ac0ae44b8b3802af5399b690e7af6d91d45793258d0f7df53373da 440.40MB / 504.89MB 8.7s
2026-09-15T12:26:02.1610352Z #159 sha256:c0fb1797710794b02191ceed9de46d2594b6ddc0ad48cd67fb64df56c6ee9a48 592.45MB / 653.39MB 7.5s
2026-09-15T12:26:02.4601528Z #159 sha256:612630c430ac0ae44b8b3802af5399b690e7af6d91d45793258d0f7df53373da 468.71MB / 504.89MB 9.3s
2026-09-15T12:26:02.6100665Z #159 sha256:c0fb1797710794b02191ceed9de46d2594b6ddc0ad48cd67fb64df56c6ee9a48 631.24MB / 653.39MB 8.0s
2026-09-15T12:26:02.9107737Z #159 sha256:612630c430ac0ae44b8b3802af5399b690e7af6d91d45793258d0f7df53373da 494.93MB / 504.89MB 9.8s
2026-09-15T12:26:07.7106367Z #159 sha256:c0fb1797710794b02191ceed9de46d2594b6ddc0ad48cd67fb64df56c6ee9a48 653.39MB / 653.39MB 13.1s
2026-09-15T12:26:08.0110347Z #159 sha256:612630c430ac0ae44b8b3802af5399b690e7af6d91d45793258d0f7df53373da 504.89MB / 504.89MB 14.9s
2026-09-15T12:26:08.4028958Z #159 sha256:612630c430ac0ae44b8b3802af5399b690e7af6d91d45793258d0f7df53373da 504.89MB / 504.89MB 15.1s done
2026-09-15T12:26:08.4031270Z #159 sha256:c0fb1797710794b02191ceed9de46d2594b6ddc0ad48cd67fb64df56c6ee9a48 653.39MB / 653.39MB 13.7s done
2026-09-15T12:26:08.4032529Z #159 extracting sha256:c0fb1797710794b02191ceed9de46d2594b6ddc0ad48cd67fb64df56c6ee9a48
2026-09-15T12:26:18.1715564Z #159 extracting sha256:c0fb1797710794b02191ceed9de46d2594b6ddc0ad48cd67fb64df56c6ee9a48 9.9s done
2026-09-15T12:26:18.1715983Z #159 DONE 32.0s
2026-09-15T12:26:18.3213375Z 
2026-09-15T12:26:18.3214009Z #159 [combine-layer 70/70] COPY --link --from=zvbi /opt/ffdest/opt/ffbuild/. /opt/ffbuild
2026-09-15T12:26:18.3215235Z #159 extracting sha256:2880b575b2c0305ef29b874726246d84e775031e0fa9bdcf761075e56691c37a 0.2s done
2026-09-15T12:26:18.3215916Z #159 DONE 32.1s
2026-09-15T12:26:18.4721304Z 
2026-09-15T12:26:18.4722001Z #159 [combine-layer 70/70] COPY --link --from=zvbi /opt/ffdest/opt/ffbuild/. /opt/ffbuild
2026-09-15T12:26:18.4722594Z #159 extracting sha256:5eec61f5a023d9a780c20838c05d7c6c81e1af461857e4644b840fb152443fee
2026-09-15T12:26:18.5032839Z #159 extracting sha256:5eec61f5a023d9a780c20838c05d7c6c81e1af461857e4644b840fb152443fee 0.2s done
2026-09-15T12:26:18.5033536Z #159 DONE 32.3s
2026-09-15T12:26:18.6538589Z 
2026-09-15T12:26:18.6539330Z #159 [combine-layer 70/70] COPY --link --from=zvbi /opt/ffdest/opt/ffbuild/. /opt/ffbuild
2026-09-15T12:26:18.6539843Z #159 extracting sha256:b74d1b21fb9605007fee7003b19e08e5979618fc687143e72ec8d516c242e858
2026-09-15T12:26:30.9209795Z #159 extracting sha256:b74d1b21fb9605007fee7003b19e08e5979618fc687143e72ec8d516c242e858 12.4s done
2026-09-15T12:26:30.9210226Z #159 DONE 44.8s
2026-09-15T12:26:31.0758536Z 
2026-09-15T12:26:31.0759295Z #159 [combine-layer 70/70] COPY --link --from=zvbi /opt/ffdest/opt/ffbuild/. /opt/ffbuild
2026-09-15T12:26:31.0760099Z #159 extracting sha256:b728637e1a8755007b6010b2bde0863dc7360f6ef5b69aff3bf21ac808db4768 done
2026-09-15T12:26:31.0760763Z #159 extracting sha256:aa0dbb51786a9c7a9544810cac087e1a1e5f8ee824d7cf4ee05ce5ee8bbe2bee
2026-09-15T12:26:33.6376596Z #159 extracting sha256:aa0dbb51786a9c7a9544810cac087e1a1e5f8ee824d7cf4ee05ce5ee8bbe2bee 2.7s done
2026-09-15T12:26:33.6377293Z #159 DONE 47.5s
2026-09-15T12:26:33.8164293Z 
2026-09-15T12:26:33.8166325Z #159 [combine-layer 70/70] COPY --link --from=zvbi /opt/ffdest/opt/ffbuild/. /opt/ffbuild
2026-09-15T12:26:33.8167188Z #159 extracting sha256:0e4ac1414efd8a9794c3f9c4846d98e136ca4bd66de75732bd517034b5833da3 0.0s done
2026-09-15T12:26:33.8168134Z #159 extracting sha256:612630c430ac0ae44b8b3802af5399b690e7af6d91d45793258d0f7df53373da
2026-09-15T12:26:39.6189915Z #159 extracting sha256:612630c430ac0ae44b8b3802af5399b690e7af6d91d45793258d0f7df53373da 6.0s done
2026-09-15T12:26:39.6190367Z #159 DONE 53.4s
2026-09-15T12:26:39.7696374Z 
2026-09-15T12:26:39.7696997Z #159 [combine-layer 70/70] COPY --link --from=zvbi /opt/ffdest/opt/ffbuild/. /opt/ffbuild
2026-09-15T12:26:39.7698096Z #159 extracting sha256:5fe51573ed66fd052af35d4bf256ae56e573177901fe5b3d80350de619c1ce3d
2026-09-15T12:26:40.5875824Z #159 extracting sha256:5fe51573ed66fd052af35d4bf256ae56e573177901fe5b3d80350de619c1ce3d 1.0s done
2026-09-15T12:26:40.5878852Z #159 DONE 54.4s
2026-09-15T12:26:40.7086944Z 
2026-09-15T12:26:40.7088528Z #159 [combine-layer 70/70] COPY --link --from=zvbi /opt/ffdest/opt/ffbuild/. /opt/ffbuild
2026-09-15T12:26:40.7089255Z #159 extracting sha256:a68a245d9debc1254919426b251adfc4ba62e90a43eee65b0cf036f11eb6f4ee 0.1s done
2026-09-15T12:26:40.7089779Z #159 DONE 54.5s
2026-09-15T12:26:40.8591863Z 
2026-09-15T12:26:40.8592455Z #159 [combine-layer 70/70] COPY --link --from=zvbi /opt/ffdest/opt/ffbuild/. /opt/ffbuild
2026-09-15T12:26:40.8592966Z #159 extracting sha256:0a08583b9b930fb472883cabc92b6c3a33fecb3c96e2188a73bd132ee01b153e
2026-09-15T12:26:40.9321423Z #159 extracting sha256:0a08583b9b930fb472883cabc92b6c3a33fecb3c96e2188a73bd132ee01b153e 0.2s done
2026-09-15T12:26:40.9322113Z #159 DONE 54.8s
2026-09-15T12:26:41.0805799Z 
2026-09-15T12:26:41.0806523Z #159 [combine-layer 70/70] COPY --link --from=zvbi /opt/ffdest/opt/ffbuild/. /opt/ffbuild
2026-09-15T12:26:41.0807972Z #159 extracting sha256:3ee34c475f8833370501c322acbc06125dbd27f60ac6b82e7d6c7b0a2ec21be5 0.1s done
2026-09-15T12:26:41.0808711Z #159 DONE 54.9s
2026-09-15T12:26:41.2312309Z 
2026-09-15T12:26:41.2312887Z #159 [combine-layer 70/70] COPY --link --from=zvbi /opt/ffdest/opt/ffbuild/. /opt/ffbuild
2026-09-15T12:26:41.2313413Z #159 extracting sha256:d263e667bf4eaa61487cd1219f4c6558c1d84c3c9c25bf964c8888eaecaf4059
2026-09-15T12:26:42.3321088Z #159 extracting sha256:d263e667bf4eaa61487cd1219f4c6558c1d84c3c9c25bf964c8888eaecaf4059 1.3s done
2026-09-15T12:26:42.3321849Z #159 DONE 56.2s
2026-09-15T12:26:42.4825385Z 
2026-09-15T12:26:42.4826107Z #159 [combine-layer 70/70] COPY --link --from=zvbi /opt/ffdest/opt/ffbuild/. /opt/ffbuild
2026-09-15T12:26:42.4826630Z #159 extracting sha256:b1631fbc26f7a1ee023ebef1474a55c995b592f9459bafb85f99f347819ac7af
2026-09-15T12:26:43.4553101Z #159 extracting sha256:b1631fbc26f7a1ee023ebef1474a55c995b592f9459bafb85f99f347819ac7af 1.1s done
2026-09-15T12:26:43.4553551Z #159 DONE 57.3s
2026-09-15T12:26:43.6058667Z 
2026-09-15T12:26:43.6059326Z #159 [combine-layer 70/70] COPY --link --from=zvbi /opt/ffdest/opt/ffbuild/. /opt/ffbuild
2026-09-15T12:26:43.6059938Z #159 extracting sha256:d24870dc793e88d7843f0b5baf6c6a07bb9cf8c21c8cc1a95999538f34db7b6c
2026-09-15T12:26:44.0460895Z #159 extracting sha256:d24870dc793e88d7843f0b5baf6c6a07bb9cf8c21c8cc1a95999538f34db7b6c 0.6s done
2026-09-15T12:26:44.0461447Z #159 DONE 57.9s
2026-09-15T12:26:44.1970466Z 
2026-09-15T12:26:44.1971238Z #159 [combine-layer 70/70] COPY --link --from=zvbi /opt/ffdest/opt/ffbuild/. /opt/ffbuild
2026-09-15T12:26:44.1971784Z #159 extracting sha256:5f1356ea84ef89eafcb3bea09ac4bdb29334492f275a9de1c1bd2606653d495b
2026-09-15T12:26:44.6776252Z #159 extracting sha256:5f1356ea84ef89eafcb3bea09ac4bdb29334492f275a9de1c1bd2606653d495b 0.6s done
2026-09-15T12:26:44.6777014Z #159 DONE 58.5s
2026-09-15T12:26:44.8282852Z 
2026-09-15T12:26:44.8283581Z #159 [combine-layer 70/70] COPY --link --from=zvbi /opt/ffdest/opt/ffbuild/. /opt/ffbuild
2026-09-15T12:26:44.8284130Z #159 extracting sha256:2b9c078c2801f6a37da4bf832e6ac7f69fd3fa7db07e375fe2561bbfc95d3564
2026-09-15T12:26:45.2185707Z #159 extracting sha256:2b9c078c2801f6a37da4bf832e6ac7f69fd3fa7db07e375fe2561bbfc95d3564 0.5s done
2026-09-15T12:26:45.2186291Z #159 DONE 59.0s
2026-09-15T12:26:45.3691997Z 
2026-09-15T12:26:45.3692795Z #159 [combine-layer 70/70] COPY --link --from=zvbi /opt/ffdest/opt/ffbuild/. /opt/ffbuild
2026-09-15T12:26:45.3693416Z #159 extracting sha256:5ca23e32e760f4d92246b6cdd47209c6da053ad6dc5ba1c4b2aaf67d72398804
2026-09-15T12:26:45.5794500Z #159 extracting sha256:5ca23e32e760f4d92246b6cdd47209c6da053ad6dc5ba1c4b2aaf67d72398804 0.4s done
2026-09-15T12:26:45.5794968Z #159 DONE 59.4s
2026-09-15T12:26:45.7298630Z 
2026-09-15T12:26:45.7299277Z #159 [combine-layer 70/70] COPY --link --from=zvbi /opt/ffdest/opt/ffbuild/. /opt/ffbuild
2026-09-15T12:26:45.7300187Z #159 extracting sha256:940e4c8cc824bb2a06c94eb63efc6d6bf1aec8deb2f111cf9b86063304fd8399
2026-09-15T12:26:45.8702350Z #159 extracting sha256:940e4c8cc824bb2a06c94eb63efc6d6bf1aec8deb2f111cf9b86063304fd8399 0.3s done
2026-09-15T12:26:45.8702973Z #159 DONE 59.7s
2026-09-15T12:26:46.0217753Z 
2026-09-15T12:26:46.0218695Z #159 [combine-layer 70/70] COPY --link --from=zvbi /opt/ffdest/opt/ffbuild/. /opt/ffbuild
2026-09-15T12:26:46.0219375Z #159 extracting sha256:6a91a78ea0feca92d0d7baaf50c42596043bd7d287570a7f87ba02276b644847 0.0s done
2026-09-15T12:26:46.0220013Z #159 extracting sha256:a842657f70ff48a9487948f3ffb7abbdc95c589cd82f8a03a43359b188276f8b 0.0s done
2026-09-15T12:26:46.0220620Z #159 extracting sha256:4dc34f157d09b8159284641fa147535a287ea4a0ed60681dba97c34e7a92e895 done
2026-09-15T12:26:46.0221150Z #159 extracting sha256:747ed6a6c0ddb3309b3062b44e43e6c18032caad5587a9f239b56cbaf6bcda76 0.1s done
2026-09-15T12:26:46.0221785Z #159 extracting sha256:693b058674ae427f62262222dfee116b86754245d3a4ca8c105f32f0babefc7a 0.1s done
2026-09-15T12:26:46.0222318Z #159 DONE 59.9s
2026-09-15T12:26:46.1895298Z 
2026-09-15T12:26:46.1896770Z #159 [combine-layer 70/70] COPY --link --from=zvbi /opt/ffdest/opt/ffbuild/. /opt/ffbuild
2026-09-15T12:26:46.1897439Z #159 extracting sha256:94604c77b5ba03fd510a0c2462be0a877ab9c097b8ba85463ba0954e43d1c346 done
2026-09-15T12:26:46.1898323Z #159 extracting sha256:b05a2f5333e329cdf47c3abf58696cb1077ff51873e8bedc5e3dcf962f428976 done
2026-09-15T12:26:46.1899108Z #159 extracting sha256:968bfc697d37f43d9756da3a281057cc19af4daeef717ddc341da2245d8e891e done
2026-09-15T12:26:46.1899877Z #159 extracting sha256:46de5dccccd8ac2985e42427b1a908a4bc73400ece75e8b2d4a6cc114bde4025
2026-09-15T12:26:46.4718780Z #159 extracting sha256:46de5dccccd8ac2985e42427b1a908a4bc73400ece75e8b2d4a6cc114bde4025 0.4s done
2026-09-15T12:26:46.4719259Z #159 DONE 60.3s
2026-09-15T12:26:46.6220840Z 
2026-09-15T12:26:46.6221529Z #159 [combine-layer 70/70] COPY --link --from=zvbi /opt/ffdest/opt/ffbuild/. /opt/ffbuild
2026-09-15T12:26:46.6222094Z #159 extracting sha256:a6cc31f163d7c9489cdaa79b60b4f00101218a25a4c1f34deea945226c7c21af
2026-09-15T12:26:47.1326382Z #159 extracting sha256:a6cc31f163d7c9489cdaa79b60b4f00101218a25a4c1f34deea945226c7c21af 0.7s done
2026-09-15T12:26:47.1327341Z #159 DONE 61.0s
2026-09-15T12:26:47.2835331Z 
2026-09-15T12:26:47.2836060Z #159 [combine-layer 70/70] COPY --link --from=zvbi /opt/ffdest/opt/ffbuild/. /opt/ffbuild
2026-09-15T12:26:47.2836602Z #159 extracting sha256:dae02c9ad2d8bad4884cd42f1840ee7c5ad7a565382f33b89bce6ea11a491777
2026-09-15T12:26:47.5633223Z #159 extracting sha256:dae02c9ad2d8bad4884cd42f1840ee7c5ad7a565382f33b89bce6ea11a491777 0.4s done
2026-09-15T12:26:47.5633880Z #159 DONE 61.4s
2026-09-15T12:26:47.7140504Z 
2026-09-15T12:26:47.7141276Z #159 [combine-layer 70/70] COPY --link --from=zvbi /opt/ffdest/opt/ffbuild/. /opt/ffbuild
2026-09-15T12:26:47.7141888Z #159 extracting sha256:595e25b496faa45e1e1abdff6f8f08bdc3d7dcab4bad7c7c5616b08ce301246b
2026-09-15T12:26:48.2365293Z #159 extracting sha256:595e25b496faa45e1e1abdff6f8f08bdc3d7dcab4bad7c7c5616b08ce301246b 0.7s done
2026-09-15T12:26:48.2365900Z #159 DONE 62.1s
2026-09-15T12:26:48.3867735Z 
2026-09-15T12:26:48.3868652Z #159 [combine-layer 70/70] COPY --link --from=zvbi /opt/ffdest/opt/ffbuild/. /opt/ffbuild
2026-09-15T12:26:48.3869222Z #159 extracting sha256:fa476170fb86e8dfada76f1f21b7cfa6bed224d326793f7dc790997fede22486
2026-09-15T12:26:48.7162885Z #159 extracting sha256:fa476170fb86e8dfada76f1f21b7cfa6bed224d326793f7dc790997fede22486 0.5s done
2026-09-15T12:26:48.7163712Z #159 DONE 62.5s
2026-09-15T12:26:48.8668900Z 
2026-09-15T12:26:48.8669633Z #159 [combine-layer 70/70] COPY --link --from=zvbi /opt/ffdest/opt/ffbuild/. /opt/ffbuild
2026-09-15T12:26:48.8670341Z #159 extracting sha256:5e1d2c91235a22367035350d1c2456862793339555c0f1a57159c318f5b66615
2026-09-15T12:26:49.2573764Z #159 extracting sha256:5e1d2c91235a22367035350d1c2456862793339555c0f1a57159c318f5b66615 0.5s done
2026-09-15T12:26:49.2574186Z #159 DONE 63.1s
2026-09-15T12:26:49.4079609Z 
2026-09-15T12:26:49.4080180Z #159 [combine-layer 70/70] COPY --link --from=zvbi /opt/ffdest/opt/ffbuild/. /opt/ffbuild
2026-09-15T12:26:49.4080718Z #159 extracting sha256:dbe5241094a78c642c066a9baadc722fc847bf548457e8b035e35cf8e5d5bb3b
2026-09-15T12:26:49.6879354Z #159 extracting sha256:dbe5241094a78c642c066a9baadc722fc847bf548457e8b035e35cf8e5d5bb3b 0.4s done
2026-09-15T12:26:49.6880021Z #159 DONE 63.5s
2026-09-15T12:26:49.8393428Z 
2026-09-15T12:26:49.8394214Z #159 [combine-layer 70/70] COPY --link --from=zvbi /opt/ffdest/opt/ffbuild/. /opt/ffbuild
2026-09-15T12:26:49.8394779Z #159 extracting sha256:013d42d373a946164e7cf18087abc720ccf157d672b54a31f1edaf3b6536a2d0
2026-09-15T12:26:49.8581090Z #159 extracting sha256:013d42d373a946164e7cf18087abc720ccf157d672b54a31f1edaf3b6536a2d0 0.2s done
2026-09-15T12:26:49.8583327Z #159 DONE 63.7s
2026-09-15T12:26:50.0093106Z 
2026-09-15T12:26:50.0095350Z #159 [combine-layer 70/70] COPY --link --from=zvbi /opt/ffdest/opt/ffbuild/. /opt/ffbuild
2026-09-15T12:26:50.0097103Z #159 extracting sha256:73197916e89afa434a9a33e8aad405f24c14a532d1b6d4c5e54b02ee214afcb2
2026-09-15T12:26:50.3789030Z #159 extracting sha256:73197916e89afa434a9a33e8aad405f24c14a532d1b6d4c5e54b02ee214afcb2 0.5s done
2026-09-15T12:26:50.3789582Z #159 DONE 64.2s
2026-09-15T12:26:50.4985162Z 
2026-09-15T12:26:50.4985970Z #159 [combine-layer 70/70] COPY --link --from=zvbi /opt/ffdest/opt/ffbuild/. /opt/ffbuild
2026-09-15T12:26:50.4986632Z #159 extracting sha256:23db6e48e3f0e402f0dfde7812ef00fb8dad51525e2d446660fca474df694c51 0.0s done
2026-09-15T12:26:50.4987168Z #159 extracting sha256:f14adcf2c334450677110607610fe31b1f0fda7cc0650cc2a974491a09fda8b0 0.0s done
2026-09-15T12:26:50.4987684Z #159 extracting sha256:7a3d59ec049dcaf00c231399aa44bd713e29e576845db85a6c2e5efb64ac8b7b 0.0s done
2026-09-15T12:26:50.4990652Z #159 extracting sha256:6406cded3f01e1db36ef1a57f6d21c0bb802d31c664cec21ea6be9bb381b1340 0.0s done
2026-09-15T12:26:50.4991424Z #159 extracting sha256:6ad21c258f1070486dd07b77d5c7c098dafef06a0d4cd758062c5dc590cebdf2 done
2026-09-15T12:26:50.4991952Z #159 extracting sha256:e5aeec732a7f3e08e6c76291362d0de5fd4850715056268507ec695e54577ac2 0.0s done
2026-09-15T12:26:50.4992461Z #159 extracting sha256:de1ac289041c2bb363347de841af7741b1a01f0a5bd66961aa2a6d2e00f1774c 0.0s done
2026-09-15T12:26:50.4992820Z #159 DONE 64.3s
2026-09-15T12:26:50.6305496Z 
2026-09-15T12:26:50.6306237Z #159 [combine-layer 70/70] COPY --link --from=zvbi /opt/ffdest/opt/ffbuild/. /opt/ffbuild
2026-09-15T12:26:50.6306980Z #159 extracting sha256:be8760fc1faec4296c030e59c37ea05e207e2682b2711c2c2434bb7cfa8e9630 done
2026-09-15T12:26:50.6307563Z #159 extracting sha256:01617158b8cd3b73a6705da952c6d28aadcd064c4154f39be7c3b88e71679f30 done
2026-09-15T12:26:50.6308240Z #159 extracting sha256:166ebec4dc3d226d066b177f01884ad069ef3d56f226696c6a37555df79ba501 done
2026-09-15T12:26:50.6308721Z #159 extracting sha256:12a21127b344c21319afeff411cec11b3ad12a1fe459bff9166b4da622b0ffdf done
2026-09-15T12:26:50.6309336Z #159 extracting sha256:d0c869b6f75a9bd0cc2dbd3ec18583e27f48093f45a6880416386a5f4db1d8c0 done
2026-09-15T12:26:50.6309899Z #159 extracting sha256:ca753f73a75e2b1d72d4fdcaba17b31ba70f0228e5aa9efe044314d6fdf23952 done
2026-09-15T12:26:50.6310502Z #159 extracting sha256:7b123e2cb9f6d3c278306cae664a6b49bafc637937d75ca4e9534fd3f53fe05e done
2026-09-15T12:26:50.6311032Z #159 extracting sha256:7afe0460313656dffe4463dd41078e9f97e921e09cda5205db4899ee0dc93f8d 0.0s done
2026-09-15T12:26:50.6311645Z #159 extracting sha256:c667d3b059606e8abece596c1c31bc9bdf7e8259a9585bc32927b4f1dd6689c6 0.0s done
2026-09-15T12:26:50.6312236Z #159 extracting sha256:317da281fe770ebbe0316090bc361187cd230af14170870849577a72b7a657f5 0.1s done
2026-09-15T12:26:50.7392504Z #159 extracting sha256:bfe886e4a86252e49e4a0faa81575586efcb397a23d80073fcc109a59d0d0a33 done
2026-09-15T12:26:50.7393929Z #159 extracting sha256:08e4617bd09cfc7427efa0f7bb46e51ccdef29b2af4e52948b7e302460159475 done
2026-09-15T12:26:50.7395094Z #159 extracting sha256:fd07ba9452244d716f2c18dde3542eca35d00b5aa0e1b47de55c1a44b19cc50f 0.0s done
2026-09-15T12:26:50.7395930Z #159 extracting sha256:4d93562424f04bccbf60c7681a56659703c8c500f144044a6ef8a94b9a2914b6 0.0s done
2026-09-15T12:26:50.7396588Z #159 extracting sha256:6d24cda17bba78d364d7bc1485558b8a5d0f6f3eaf8f1c723a6f68c01ad5af50 done
2026-09-15T12:26:50.7397082Z #159 extracting sha256:48f196bb063e2ce554fc9835b63a9f1a44ae51a775923f7a37ded480052383dc done
2026-09-15T12:26:50.7397569Z #159 extracting sha256:c5ee72cb614431d006f7db531fc30908dde95c7bf19297b74099087c6d43fbb4 0.0s done
2026-09-15T12:26:50.8489938Z #159 extracting sha256:92cc581489983b46a0fc7aa31e4c7602cdab89eabc4ed58fae34726e56b5a1c4 0.1s done
2026-09-15T12:26:50.8490698Z #159 extracting sha256:e4a6b9a84973ae2741ec0e7e5c6491deaf182701cb710f31f75e1ad093248606 0.0s done
2026-09-15T12:26:50.8491531Z #159 extracting sha256:facdea38e917c9e0ea4d5b078fc261e5988878f9cca814831288bf9aa0a4e528 0.0s done
2026-09-15T12:26:50.8492246Z #159 extracting sha256:8cc1ffa4161467707de7313394770744e3e851f99c096605446d89daa94f8588 0.0s done
2026-09-15T12:26:51.0962166Z #159 extracting sha256:2572d43174e2534f3db85618ed5cc0ad94ecd9da3358da69eb9f139dd9c65b24 0.0s done
2026-09-15T12:26:51.0963690Z #159 extracting sha256:4739d605ea459e9de34f3645f9260884e2b3bf8403855856b2724230c2598562 done
2026-09-15T12:26:51.0972794Z #159 extracting sha256:bf632184a60c6dde8e87c4d2de65a89d816c1d5846b0ab7333ba26fb5389b80c done
2026-09-15T12:26:51.0973780Z #159 extracting sha256:db49126aab75842d3591f5380b97fef5f16fec80ecf89590087e94fe23c5fa68 0.0s done
2026-09-15T12:26:51.0974880Z #159 extracting sha256:f869d82511bfe9e85dd90799e132d87f66fdb649dcdbf595122671cbee835d0c done
2026-09-15T12:26:51.0975998Z #159 extracting sha256:9bb8eecdbabcf0e7667fe4823557b5bf377eca4b0127b042fdf559d1a2d7d4a0 0.0s done
2026-09-15T12:26:51.0977103Z #159 extracting sha256:51acd9785fbc9dc2feac656a9b38b341ba372df8c1f8d97681930afd1113b5a7
2026-09-15T12:26:51.3918827Z #159 extracting sha256:51acd9785fbc9dc2feac656a9b38b341ba372df8c1f8d97681930afd1113b5a7 0.4s done
2026-09-15T12:26:51.4982702Z #159 extracting sha256:2c16e4bddfe00dbe9b002a42e83710162098a2cfc15040a71571302e32284152 0.0s done
2026-09-15T12:26:51.4983344Z #159 extracting sha256:7173df781371e84852761bd7d9d2e4dee02bee16f8f5c62f7e54f6fcc0939972 done
2026-09-15T12:26:51.4983943Z #159 extracting sha256:f573ba29422ee21eec8f7d93d072d6e542fc6de36f645bf4a0b657fdf404c54f done
2026-09-15T12:26:51.4984823Z #159 extracting sha256:248c540a88e3cac32d3ff60da5b8b2020192162fa75d50816fdcadd76ecdbceb 0.0s done
2026-09-15T12:26:51.4985671Z #159 extracting sha256:a5d21de981516fe19356aace81ec63184f1880db44d21f4f1fa0563124d92c3e 0.0s done
2026-09-15T12:26:51.4986228Z #159 extracting sha256:5f641df5ac60f8c7f409b6ffcb0016f38929b1f420eead98ccb0910c713835f7 done
2026-09-15T12:26:51.7191204Z #159 extracting sha256:297cd665d666e862470f078e287622e47e1ce5b8cf7c3ecdc749550f66180eed 0.0s done
2026-09-15T12:26:51.7191773Z #159 extracting sha256:4c9fd589f47a2c23f8f1e5d68000219971091305d0e42072456db0307bf9be20 done
2026-09-15T12:26:51.7192320Z #159 extracting sha256:14a4895849fe11e2826bd2d2f7cf069cb05e97daf1df4fb6063609626f413edb 0.0s done
2026-09-15T12:26:51.7192869Z #159 extracting sha256:e29731ac1f485901c0c18998f00de9cb7c3e47aad6eeee7c01aea249dd4134a0 0.0s done
2026-09-15T12:26:51.7193359Z #159 extracting sha256:7c535c419222cc44c895448c484825abfda3eb629e37b408438c0b4927597bd7 done
2026-09-15T12:26:52.9077336Z #159 ...
2026-09-15T12:26:52.9077575Z 
2026-09-15T12:26:52.9078029Z #198 [stage-72 1/3] COPY --link --from=combine-layer /opt/ffbuild/. /opt/ffbuild
2026-09-15T12:26:52.9078553Z #198 CACHED
2026-09-15T12:26:52.9078710Z 
2026-09-15T12:26:52.9078930Z #199 [stage-72 2/3] COPY --link --from=combine-layer /opt/mingw/. /
2026-09-15T12:26:52.9079351Z #199 CACHED
2026-09-15T12:26:53.0656739Z 
2026-09-15T12:26:53.0657235Z #200 [stage-72 3/3] COPY --link --from=vulkan /opt/glslc /usr/bin/glslc
2026-09-15T12:26:53.0657776Z #200 CACHED
2026-09-15T12:26:53.0658275Z 
2026-09-15T12:26:53.0658798Z #201 [auth] btbn/ffmpeg-builds/win64-lgpl-9.0:pull,push token for ghcr.io
2026-09-15T12:26:53.2168631Z #201 DONE 0.0s
2026-09-15T12:26:53.2168852Z 
2026-09-15T12:26:53.2168944Z #202 exporting to image
2026-09-15T12:26:53.2169203Z #202 exporting layers done
2026-09-15T12:26:53.2169597Z #202 exporting manifest sha256:2220c90dbe94a51594f90b18ecb1bee13925465af3308c86062ee4510a4dde64 done
2026-09-15T12:26:53.2170140Z #202 exporting config sha256:837079bf7755756770924a889681bf1be4bff87b077140baa7964dd95739b33e done
2026-09-15T12:26:53.2170507Z #202 pushing layers
2026-09-15T12:26:53.8421658Z #202 pushing layers 0.9s done
2026-09-15T12:26:53.8422525Z #202 pushing manifest for ghcr.io/btbn/ffmpeg-builds/win64-lgpl-9.0:latest@sha256:2220c90dbe94a51594f90b18ecb1bee13925465af3308c86062ee4510a4dde64
2026-09-15T12:26:53.9675400Z #202 pushing manifest for ghcr.io/btbn/ffmpeg-builds/win64-lgpl-9.0:latest@sha256:2220c90dbe94a51594f90b18ecb1bee13925465af3308c86062ee4510a4dde64 0.1s done
2026-09-15T12:26:53.9676012Z #202 DONE 1.0s
2026-09-15T12:26:53.9676318Z 
2026-09-15T12:26:53.9676806Z #203 exporting cache to registry
2026-09-15T12:26:53.9677204Z #203 preparing build cache for export
2026-09-15T12:26:58.4549463Z #203 preparing build cache for export 5.5s done
2026-09-15T12:26:58.4549791Z #203 sending cache export
2026-09-15T12:26:58.9834990Z #203 writing layer sha256:0050cc4f50ac541d4c38ea67f694d0efb106920bebbe9ef03ac24a71a7454ec1
2026-09-15T12:26:58.9835837Z #203 writing layer sha256:013d42d373a946164e7cf18087abc720ccf157d672b54a31f1edaf3b6536a2d0
2026-09-15T12:26:59.0871303Z #203 writing layer sha256:0050cc4f50ac541d4c38ea67f694d0efb106920bebbe9ef03ac24a71a7454ec1 0.1s done
2026-09-15T12:26:59.0871992Z #203 writing layer sha256:015e0ffda747531db01ef0d4d80daad93ff6fe5a0ee91905cbcfdb1d02986bfa
2026-09-15T12:26:59.1921222Z #203 writing layer sha256:013d42d373a946164e7cf18087abc720ccf157d672b54a31f1edaf3b6536a2d0 0.1s done
2026-09-15T12:26:59.1922225Z #203 writing layer sha256:015e0ffda747531db01ef0d4d80daad93ff6fe5a0ee91905cbcfdb1d02986bfa 0.1s done
2026-09-15T12:26:59.1922935Z #203 writing layer sha256:01617158b8cd3b73a6705da952c6d28aadcd064c4154f39be7c3b88e71679f30
2026-09-15T12:26:59.1923538Z #203 writing layer sha256:0305221b15116e0de945d52afbf3b46780c25fe4ac6a5f2423368f395467fb9a
2026-09-15T12:26:59.1924072Z #203 writing layer sha256:037af5b304926e5ac82123fec11ecd6d94df94e09a86ad26540c8ce327863682
2026-09-15T12:26:59.3099221Z #203 writing layer sha256:01617158b8cd3b73a6705da952c6d28aadcd064c4154f39be7c3b88e71679f30 0.1s done
2026-09-15T12:26:59.3099931Z #203 writing layer sha256:0305221b15116e0de945d52afbf3b46780c25fe4ac6a5f2423368f395467fb9a 0.1s done
2026-09-15T12:26:59.3100453Z #203 writing layer sha256:037af5b304926e5ac82123fec11ecd6d94df94e09a86ad26540c8ce327863682 0.1s done
2026-09-15T12:26:59.3101051Z #203 writing layer sha256:08696d6e592da91437f3c8e0651ab8710ce3a1ec607dfc52f497ea65c94d58b4
2026-09-15T12:26:59.3101641Z #203 writing layer sha256:08e4617bd09cfc7427efa0f7bb46e51ccdef29b2af4e52948b7e302460159475
2026-09-15T12:26:59.3102205Z #203 writing layer sha256:08f5f5b2a2b0d2a960804adef3bd1783c5f2c20f42db5e290dc05d9529d11ae2
2026-09-15T12:26:59.4211263Z #203 writing layer sha256:08696d6e592da91437f3c8e0651ab8710ce3a1ec607dfc52f497ea65c94d58b4 0.1s done
2026-09-15T12:26:59.4212245Z #203 writing layer sha256:08e4617bd09cfc7427efa0f7bb46e51ccdef29b2af4e52948b7e302460159475 0.1s done
2026-09-15T12:26:59.4213124Z #203 writing layer sha256:08f5f5b2a2b0d2a960804adef3bd1783c5f2c20f42db5e290dc05d9529d11ae2 0.1s done
2026-09-15T12:26:59.4213941Z #203 writing layer sha256:0a08583b9b930fb472883cabc92b6c3a33fecb3c96e2188a73bd132ee01b153e
2026-09-15T12:26:59.4214654Z #203 writing layer sha256:0ac3c9c23593a426eed5b2f3e99475487cb12b9323bd87af4c06209a6a8dfdd9
2026-09-15T12:26:59.4215118Z #203 writing layer sha256:0e4ac1414efd8a9794c3f9c4846d98e136ca4bd66de75732bd517034b5833da3
2026-09-15T12:26:59.4215606Z #203 writing layer sha256:0e901bb5f19fea7280bb8842620b1c0dabaa181cb8bfec318309ad8f56be3a49
2026-09-15T12:26:59.5279560Z #203 writing layer sha256:0a08583b9b930fb472883cabc92b6c3a33fecb3c96e2188a73bd132ee01b153e 0.1s done
2026-09-15T12:26:59.5280157Z #203 writing layer sha256:0ac3c9c23593a426eed5b2f3e99475487cb12b9323bd87af4c06209a6a8dfdd9 0.1s done
2026-09-15T12:26:59.5280722Z #203 writing layer sha256:0e4ac1414efd8a9794c3f9c4846d98e136ca4bd66de75732bd517034b5833da3 0.1s done
2026-09-15T12:26:59.5281252Z #203 writing layer sha256:0f28ae8beaa13dd877155fcb132940ecb1fc258091b3d50c97636db1f467c897 0.1s done
2026-09-15T12:26:59.5281758Z #203 writing layer sha256:0f91bc2d2f8a1585ab1457ebc5164e407ecf23897c26978968c39e3a6948ed5f
2026-09-15T12:26:59.5282249Z #203 writing layer sha256:1063948e9fe2891448e7e70a1c31cbefdced8fa4b6eea6b0484c7dedf00d8129
2026-09-15T12:26:59.5282700Z #203 writing layer sha256:1133e1c53cb89f8a569058cea306cd7924cfb57b69e73504062d81be0fb7285d
2026-09-15T12:26:59.6378156Z #203 writing layer sha256:0e901bb5f19fea7280bb8842620b1c0dabaa181cb8bfec318309ad8f56be3a49 0.1s done
2026-09-15T12:26:59.6378895Z #203 writing layer sha256:0f91bc2d2f8a1585ab1457ebc5164e407ecf23897c26978968c39e3a6948ed5f 0.1s done
2026-09-15T12:26:59.6379491Z #203 writing layer sha256:1063948e9fe2891448e7e70a1c31cbefdced8fa4b6eea6b0484c7dedf00d8129 0.1s done
2026-09-15T12:26:59.6380524Z #203 writing layer sha256:1133e1c53cb89f8a569058cea306cd7924cfb57b69e73504062d81be0fb7285d 0.1s done
2026-09-15T12:26:59.6381021Z #203 writing layer sha256:12a21127b344c21319afeff411cec11b3ad12a1fe459bff9166b4da622b0ffdf
2026-09-15T12:26:59.6381506Z #203 writing layer sha256:141643999bf2cc059e9f7cde5a15a8addb27909072476c8d50019819d1dd5efd
2026-09-15T12:26:59.6381958Z #203 writing layer sha256:14a4895849fe11e2826bd2d2f7cf069cb05e97daf1df4fb6063609626f413edb
2026-09-15T12:26:59.7425544Z #203 writing layer sha256:12a21127b344c21319afeff411cec11b3ad12a1fe459bff9166b4da622b0ffdf 0.1s done
2026-09-15T12:26:59.7426170Z #203 writing layer sha256:141643999bf2cc059e9f7cde5a15a8addb27909072476c8d50019819d1dd5efd 0.1s done
2026-09-15T12:26:59.7426708Z #203 writing layer sha256:166ebec4dc3d226d066b177f01884ad069ef3d56f226696c6a37555df79ba501 0.1s done
2026-09-15T12:26:59.7427230Z #203 writing layer sha256:17990881527326cb9bc509e55ec35476fe06ae139bac456a919507378bf04eab
2026-09-15T12:26:59.7427717Z #203 writing layer sha256:1a6f92ec69ee4e7900c7b9ceb0792176e6993581170c97dd34f005e33e878265
2026-09-15T12:26:59.8494467Z #203 writing layer sha256:14a4895849fe11e2826bd2d2f7cf069cb05e97daf1df4fb6063609626f413edb 0.1s done
2026-09-15T12:26:59.8495114Z #203 writing layer sha256:17990881527326cb9bc509e55ec35476fe06ae139bac456a919507378bf04eab 0.1s done
2026-09-15T12:26:59.8495731Z #203 writing layer sha256:1b696f369bbcef705781713ee934e09789b651759bb90009a58314adc8c7322a
2026-09-15T12:26:59.8496394Z #203 writing layer sha256:1ca1b893b21a332d6dd7eb7dcf892583458091098f2752829d1681d3d5eeb3c1
2026-09-15T12:26:59.8497020Z #203 writing layer sha256:1e65120d8fb56e5b7c3008a8236eb0d5e6c10ac1d6844d73b9f319faafcffa0a
2026-09-15T12:26:59.9543284Z #203 writing layer sha256:1a6f92ec69ee4e7900c7b9ceb0792176e6993581170c97dd34f005e33e878265 0.1s done
2026-09-15T12:26:59.9544133Z #203 writing layer sha256:1b696f369bbcef705781713ee934e09789b651759bb90009a58314adc8c7322a 0.1s done
2026-09-15T12:26:59.9545102Z #203 writing layer sha256:1ca1b893b21a332d6dd7eb7dcf892583458091098f2752829d1681d3d5eeb3c1 0.1s done
2026-09-15T12:26:59.9545993Z #203 writing layer sha256:1e65120d8fb56e5b7c3008a8236eb0d5e6c10ac1d6844d73b9f319faafcffa0a 0.1s done
2026-09-15T12:26:59.9546549Z #203 writing layer sha256:1e684f53ff8c61acf93a23d3d8a9a6f0be88cc646dda53cee74e78bb91e8e59b
2026-09-15T12:26:59.9547032Z #203 writing layer sha256:20b5ad84ae088df2cb2d38fdc4b166b905b2933bd6559274f8fd33140e717454
2026-09-15T12:26:59.9547489Z #203 writing layer sha256:217f6d9081293c46b280fce5dde217927e575fb01a6f47c6bcf9678ebb921969
2026-09-15T12:26:59.9548122Z #203 writing layer sha256:21f07f9d543e53fba421762f3f0bcfa0d4272b8af365b75afeb2d974347a4303
2026-09-15T12:27:00.0584149Z #203 writing layer sha256:1e684f53ff8c61acf93a23d3d8a9a6f0be88cc646dda53cee74e78bb91e8e59b 0.1s done
2026-09-15T12:27:00.0585208Z #203 writing layer sha256:20b5ad84ae088df2cb2d38fdc4b166b905b2933bd6559274f8fd33140e717454 0.1s done
2026-09-15T12:27:00.0585967Z #203 writing layer sha256:217f6d9081293c46b280fce5dde217927e575fb01a6f47c6bcf9678ebb921969 0.1s done
2026-09-15T12:27:00.0586702Z #203 writing layer sha256:21f07f9d543e53fba421762f3f0bcfa0d4272b8af365b75afeb2d974347a4303 0.1s done
2026-09-15T12:27:00.0587392Z #203 writing layer sha256:23db6e48e3f0e402f0dfde7812ef00fb8dad51525e2d446660fca474df694c51
2026-09-15T12:27:00.0588174Z #203 writing layer sha256:248c540a88e3cac32d3ff60da5b8b2020192162fa75d50816fdcadd76ecdbceb
2026-09-15T12:27:00.1651572Z #203 writing layer sha256:23db6e48e3f0e402f0dfde7812ef00fb8dad51525e2d446660fca474df694c51 0.1s done
2026-09-15T12:27:00.1652299Z #203 writing layer sha256:248c540a88e3cac32d3ff60da5b8b2020192162fa75d50816fdcadd76ecdbceb 0.1s done
2026-09-15T12:27:00.1652928Z #203 writing layer sha256:2572d43174e2534f3db85618ed5cc0ad94ecd9da3358da69eb9f139dd9c65b24
2026-09-15T12:27:00.1653554Z #203 writing layer sha256:2880b575b2c0305ef29b874726246d84e775031e0fa9bdcf761075e56691c37a
2026-09-15T12:27:00.1654033Z #203 writing layer sha256:297cd665d666e862470f078e287622e47e1ce5b8cf7c3ecdc749550f66180eed
2026-09-15T12:27:00.2715578Z #203 writing layer sha256:2572d43174e2534f3db85618ed5cc0ad94ecd9da3358da69eb9f139dd9c65b24 0.1s done
2026-09-15T12:27:00.2716495Z #203 writing layer sha256:297cd665d666e862470f078e287622e47e1ce5b8cf7c3ecdc749550f66180eed 0.1s done
2026-09-15T12:27:00.2717249Z #203 writing layer sha256:2b9c078c2801f6a37da4bf832e6ac7f69fd3fa7db07e375fe2561bbfc95d3564
2026-09-15T12:27:00.4310667Z #203 writing layer sha256:2880b575b2c0305ef29b874726246d84e775031e0fa9bdcf761075e56691c37a 0.1s done
2026-09-15T12:27:00.4311346Z #203 writing layer sha256:297cd665d666e862470f078e287622e47e1ce5b8cf7c3ecdc749550f66180eed 0.1s done
2026-09-15T12:27:00.4311902Z #203 writing layer sha256:2b9c078c2801f6a37da4bf832e6ac7f69fd3fa7db07e375fe2561bbfc95d3564 0.0s done
2026-09-15T12:27:00.4312451Z #203 writing layer sha256:2c16e4bddfe00dbe9b002a42e83710162098a2cfc15040a71571302e32284152 0.1s done
2026-09-15T12:27:00.4312956Z #203 writing layer sha256:2d132e10ef456ab2c1baa065f97c6ccc53fc89ac063735780969a043897e5980
2026-09-15T12:27:00.4313439Z #203 writing layer sha256:2d93b02695f0f93386c1b32122dfa22d065f84936877d3d1641be47a41590bbe
2026-09-15T12:27:00.4313898Z #203 writing layer sha256:2dc427fbbd9d1f5010deeef981c1d3e18f2574b6d23813f712ad6426ca71e277
2026-09-15T12:27:00.4314358Z #203 writing layer sha256:2e026380bb421be04c6bb344439e8840ced4a310d787cdb41cc6c2d8ac1b3178
2026-09-15T12:27:00.5408366Z #203 writing layer sha256:2d132e10ef456ab2c1baa065f97c6ccc53fc89ac063735780969a043897e5980 0.1s done
2026-09-15T12:27:00.5409144Z #203 writing layer sha256:2d93b02695f0f93386c1b32122dfa22d065f84936877d3d1641be47a41590bbe 0.1s done
2026-09-15T12:27:00.5409736Z #203 writing layer sha256:317da281fe770ebbe0316090bc361187cd230af14170870849577a72b7a657f5 0.1s done
2026-09-15T12:27:00.5410230Z #203 writing layer sha256:324dc7330075265474be062a0590017d4bc332848ef6d2e60f2f61041c7d879e
2026-09-15T12:27:00.6447311Z #203 writing layer sha256:2dc427fbbd9d1f5010deeef981c1d3e18f2574b6d23813f712ad6426ca71e277 0.1s done
2026-09-15T12:27:00.6448151Z #203 writing layer sha256:2e026380bb421be04c6bb344439e8840ced4a310d787cdb41cc6c2d8ac1b3178 0.1s done
2026-09-15T12:27:00.6448789Z #203 writing layer sha256:317da281fe770ebbe0316090bc361187cd230af14170870849577a72b7a657f5 0.1s done
2026-09-15T12:27:00.6449349Z #203 writing layer sha256:324dc7330075265474be062a0590017d4bc332848ef6d2e60f2f61041c7d879e 0.1s done
2026-09-15T12:27:00.6449876Z #203 writing layer sha256:32a31e88608a99281ffefc71ac2513a0467605513623b7e3e625ddc7896417d9
2026-09-15T12:27:00.6450465Z #203 writing layer sha256:3645da46a8554de500fcce85cd418acc2652cf8bc36bc2db72db6224a9454fd1
2026-09-15T12:27:00.6451043Z #203 writing layer sha256:3aa5bcf30d435eb425f84e5b95ce8cd1f431f7ad9dd7a2a172fc19cef3f3262f
2026-09-15T12:27:00.6451505Z #203 writing layer sha256:3ccc01d1c31a69fcc6909a11e8255ce59356bb08a0bb083f147b08c934d2c120
2026-09-15T12:27:00.7573024Z #203 writing layer sha256:32a31e88608a99281ffefc71ac2513a0467605513623b7e3e625ddc7896417d9 0.1s done
2026-09-15T12:27:00.7573644Z #203 writing layer sha256:3645da46a8554de500fcce85cd418acc2652cf8bc36bc2db72db6224a9454fd1 0.1s done
2026-09-15T12:27:00.7574178Z #203 writing layer sha256:3aa5bcf30d435eb425f84e5b95ce8cd1f431f7ad9dd7a2a172fc19cef3f3262f 0.1s done
2026-09-15T12:27:00.7574699Z #203 writing layer sha256:3ccc01d1c31a69fcc6909a11e8255ce59356bb08a0bb083f147b08c934d2c120 0.1s done
2026-09-15T12:27:00.7575211Z #203 writing layer sha256:3ee34c475f8833370501c322acbc06125dbd27f60ac6b82e7d6c7b0a2ec21be5 0.1s done
2026-09-15T12:27:00.7575700Z #203 writing layer sha256:430fe478d7e99e72fc1ac3a4a7d8d10abeece3399131c1dd0ff53546e32168c4
2026-09-15T12:27:00.7576180Z #203 writing layer sha256:44a9e50ee98feaca3bb70c89aac8328125a6750d8d4f84ab4980b0341110de38
2026-09-15T12:27:00.7576649Z #203 writing layer sha256:461376629ba208473fbbb0c71ed50221bb525b2edd811ed14f0f3d9dfe438d04
2026-09-15T12:27:00.7577128Z #203 writing layer sha256:466ab2fe5b5df4c9ccc52ab975041ebd04699cc947b2090abcc0eec2e1aaef31
2026-09-15T12:27:00.8590786Z #203 writing layer sha256:430fe478d7e99e72fc1ac3a4a7d8d10abeece3399131c1dd0ff53546e32168c4 0.1s done
2026-09-15T12:27:00.8591999Z #203 writing layer sha256:466ab2fe5b5df4c9ccc52ab975041ebd04699cc947b2090abcc0eec2e1aaef31 0.1s done
2026-09-15T12:27:00.8592638Z #203 writing layer sha256:46de5dccccd8ac2985e42427b1a908a4bc73400ece75e8b2d4a6cc114bde4025
2026-09-15T12:27:00.9839902Z #203 writing layer sha256:44a9e50ee98feaca3bb70c89aac8328125a6750d8d4f84ab4980b0341110de38 0.1s done
2026-09-15T12:27:00.9840555Z #203 writing layer sha256:461376629ba208473fbbb0c71ed50221bb525b2edd811ed14f0f3d9dfe438d04 0.1s done
2026-09-15T12:27:00.9841096Z #203 writing layer sha256:46de5dccccd8ac2985e42427b1a908a4bc73400ece75e8b2d4a6cc114bde4025 0.0s done
2026-09-15T12:27:00.9841593Z #203 writing layer sha256:4739d605ea459e9de34f3645f9260884e2b3bf8403855856b2724230c2598562
2026-09-15T12:27:00.9842096Z #203 writing layer sha256:48d054dde562a6ac75bb0790b1b26050a62c27092eee84d40ebc625b50a11957
2026-09-15T12:27:00.9842541Z #203 writing layer sha256:48f196bb063e2ce554fc9835b63a9f1a44ae51a775923f7a37ded480052383dc
2026-09-15T12:27:01.1041921Z #203 writing layer sha256:4739d605ea459e9de34f3645f9260884e2b3bf8403855856b2724230c2598562 0.1s done
2026-09-15T12:27:01.1043026Z #203 writing layer sha256:48d054dde562a6ac75bb0790b1b26050a62c27092eee84d40ebc625b50a11957 0.1s done
2026-09-15T12:27:01.1043711Z #203 writing layer sha256:48f196bb063e2ce554fc9835b63a9f1a44ae51a775923f7a37ded480052383dc done
2026-09-15T12:27:01.1044462Z #203 writing layer sha256:4c9fd589f47a2c23f8f1e5d68000219971091305d0e42072456db0307bf9be20
2026-09-15T12:27:01.1045099Z #203 writing layer sha256:4d3507e6a1f41f7f2cd7c30b32fff9d3db5a18f23576c548c29f5c96d614b3f5
2026-09-15T12:27:01.1045698Z #203 writing layer sha256:4d93562424f04bccbf60c7681a56659703c8c500f144044a6ef8a94b9a2914b6 done
2026-09-15T12:27:01.1046234Z #203 writing layer sha256:4db9cb1938e169a59758e44973d16ceee6505eb27722182ae0c2df76c2af90b3
2026-09-15T12:27:01.2046625Z #203 writing layer sha256:4c9fd589f47a2c23f8f1e5d68000219971091305d0e42072456db0307bf9be20 0.1s done
2026-09-15T12:27:01.2047368Z #203 writing layer sha256:4d3507e6a1f41f7f2cd7c30b32fff9d3db5a18f23576c548c29f5c96d614b3f5 0.1s done
2026-09-15T12:27:01.2048144Z #203 writing layer sha256:4db9cb1938e169a59758e44973d16ceee6505eb27722182ae0c2df76c2af90b3 0.1s done
2026-09-15T12:27:01.2048752Z #203 writing layer sha256:4dc34f157d09b8159284641fa147535a287ea4a0ed60681dba97c34e7a92e895
2026-09-15T12:27:01.3244039Z #203 writing layer sha256:4dc34f157d09b8159284641fa147535a287ea4a0ed60681dba97c34e7a92e895 0.0s done
2026-09-15T12:27:01.3244732Z #203 writing layer sha256:4ea0969b6eda0abcae152d7e4cb555373eb652f0cf42d81603efb85dc0fca470 0.1s done
2026-09-15T12:27:01.3245580Z #203 writing layer sha256:4fce819830ee14e06e5fdeb28bdaa10812f5e6f01ca19fb06ea7d0fd7b2e025f
2026-09-15T12:27:01.3247068Z #203 writing layer sha256:51acd9785fbc9dc2feac656a9b38b341ba372df8c1f8d97681930afd1113b5a7
2026-09-15T12:27:01.4281590Z #203 writing layer sha256:4fce819830ee14e06e5fdeb28bdaa10812f5e6f01ca19fb06ea7d0fd7b2e025f 0.1s done
2026-09-15T12:27:01.4282519Z #203 writing layer sha256:51acd9785fbc9dc2feac656a9b38b341ba372df8c1f8d97681930afd1113b5a7 0.1s done
2026-09-15T12:27:01.4283062Z #203 writing layer sha256:5275a9372dc1072ea15a67fa3f88c99d8fe14ff022c5c3907fbe1b0c6c028347
2026-09-15T12:27:01.4283571Z #203 writing layer sha256:577f3fec5ce23e140c9a82c674e08c9f4a41d08ea98add15da50037688103967 0.1s done
2026-09-15T12:27:01.4284063Z #203 writing layer sha256:57bfaad07b4fd0947c7d027c81e1de7fa12972991c2ef43bd0fcc59ecee1f13f
2026-09-15T12:27:01.4284519Z #203 writing layer sha256:58df9ce85d48635a5727f73373ca7ff908defd630c9f2edb6d0ca23529ce6776
2026-09-15T12:27:01.4284970Z #203 writing layer sha256:5905ee5452bc44cc01306d79d0ef80bd4a50caea3f17db2cdff29a77451006cc
2026-09-15T12:27:01.5307111Z #203 writing layer sha256:5275a9372dc1072ea15a67fa3f88c99d8fe14ff022c5c3907fbe1b0c6c028347 0.1s done
2026-09-15T12:27:01.5307770Z #203 writing layer sha256:57bfaad07b4fd0947c7d027c81e1de7fa12972991c2ef43bd0fcc59ecee1f13f 0.1s done
2026-09-15T12:27:01.5308958Z #203 writing layer sha256:58df9ce85d48635a5727f73373ca7ff908defd630c9f2edb6d0ca23529ce6776 0.1s done
2026-09-15T12:27:01.5309472Z #203 writing layer sha256:5905ee5452bc44cc01306d79d0ef80bd4a50caea3f17db2cdff29a77451006cc 0.1s done
2026-09-15T12:27:01.5309987Z #203 writing layer sha256:595e25b496faa45e1e1abdff6f8f08bdc3d7dcab4bad7c7c5616b08ce301246b
2026-09-15T12:27:01.5310474Z #203 writing layer sha256:5c71bf52ee04f45d39f560a36a7d35b436e6a52e052973c0532fdb94e4d53fda
2026-09-15T12:27:01.6509156Z #203 writing layer sha256:595e25b496faa45e1e1abdff6f8f08bdc3d7dcab4bad7c7c5616b08ce301246b 0.1s done
2026-09-15T12:27:01.6509758Z #203 writing layer sha256:5ca23e32e760f4d92246b6cdd47209c6da053ad6dc5ba1c4b2aaf67d72398804 0.1s done
2026-09-15T12:27:01.6510271Z #203 writing layer sha256:5e1d2c91235a22367035350d1c2456862793339555c0f1a57159c318f5b66615
2026-09-15T12:27:01.7548502Z #203 writing layer sha256:5e1d2c91235a22367035350d1c2456862793339555c0f1a57159c318f5b66615 0.1s done
2026-09-15T12:27:01.7549180Z #203 writing layer sha256:5eec61f5a023d9a780c20838c05d7c6c81e1af461857e4644b840fb152443fee
2026-09-15T12:27:01.7549807Z #203 writing layer sha256:5f1356ea84ef89eafcb3bea09ac4bdb29334492f275a9de1c1bd2606653d495b
2026-09-15T12:27:01.8606674Z #203 writing layer sha256:5c71bf52ee04f45d39f560a36a7d35b436e6a52e052973c0532fdb94e4d53fda 0.2s done
2026-09-15T12:27:01.8607276Z #203 writing layer sha256:5e1d2c91235a22367035350d1c2456862793339555c0f1a57159c318f5b66615 0.1s done
2026-09-15T12:27:01.8607798Z #203 writing layer sha256:5eec61f5a023d9a780c20838c05d7c6c81e1af461857e4644b840fb152443fee 0.1s done
2026-09-15T12:27:01.8608702Z #203 writing layer sha256:5f641df5ac60f8c7f409b6ffcb0016f38929b1f420eead98ccb0910c713835f7
2026-09-15T12:27:01.9683408Z #203 writing layer sha256:5f1356ea84ef89eafcb3bea09ac4bdb29334492f275a9de1c1bd2606653d495b 0.1s done
2026-09-15T12:27:01.9684038Z #203 writing layer sha256:5fe51573ed66fd052af35d4bf256ae56e573177901fe5b3d80350de619c1ce3d 0.1s done
2026-09-15T12:27:01.9684754Z #203 writing layer sha256:612630c430ac0ae44b8b3802af5399b690e7af6d91d45793258d0f7df53373da
2026-09-15T12:27:01.9685483Z #203 writing layer sha256:623975e47bc4ea1c3e609812292bad9685decb69d0bda981846da6dfa0e07f5d
2026-09-15T12:27:02.0794830Z #203 writing layer sha256:5f641df5ac60f8c7f409b6ffcb0016f38929b1f420eead98ccb0910c713835f7 0.1s done
2026-09-15T12:27:02.0795535Z #203 writing layer sha256:612630c430ac0ae44b8b3802af5399b690e7af6d91d45793258d0f7df53373da 0.1s done
2026-09-15T12:27:02.0796182Z #203 writing layer sha256:623975e47bc4ea1c3e609812292bad9685decb69d0bda981846da6dfa0e07f5d 0.1s done
2026-09-15T12:27:02.0796734Z #203 writing layer sha256:6406cded3f01e1db36ef1a57f6d21c0bb802d31c664cec21ea6be9bb381b1340
2026-09-15T12:27:02.0797437Z #203 writing layer sha256:6431b589080acb4f05ea0c92b02b25dc5a4a5b824097d6c271454d7c58b53fff
2026-09-15T12:27:02.0798735Z #203 writing layer sha256:693b058674ae427f62262222dfee116b86754245d3a4ca8c105f32f0babefc7a
2026-09-15T12:27:02.1854809Z #203 writing layer sha256:6406cded3f01e1db36ef1a57f6d21c0bb802d31c664cec21ea6be9bb381b1340 0.1s done
2026-09-15T12:27:02.1855437Z #203 writing layer sha256:6431b589080acb4f05ea0c92b02b25dc5a4a5b824097d6c271454d7c58b53fff 0.1s done
2026-09-15T12:27:02.1855961Z #203 writing layer sha256:693b058674ae427f62262222dfee116b86754245d3a4ca8c105f32f0babefc7a 0.1s done
2026-09-15T12:27:02.1856442Z #203 writing layer sha256:697e2d8ee33b0b0c1f350db9200f9a7e37bf78909d6a7895266dcc9c4cd00ea1
2026-09-15T12:27:02.1856914Z #203 writing layer sha256:6a7c4f6d8c3863707c14af40aad062db2bb477271491c7d3e99e03394dd261e3
2026-09-15T12:27:02.2998719Z #203 writing layer sha256:693b058674ae427f62262222dfee116b86754245d3a4ca8c105f32f0babefc7a 0.1s done
2026-09-15T12:27:02.2999426Z #203 writing layer sha256:6a7c4f6d8c3863707c14af40aad062db2bb477271491c7d3e99e03394dd261e3 0.1s done
2026-09-15T12:27:02.3000101Z #203 writing layer sha256:6a91a78ea0feca92d0d7baaf50c42596043bd7d287570a7f87ba02276b644847
2026-09-15T12:27:02.4105995Z #203 writing layer sha256:697e2d8ee33b0b0c1f350db9200f9a7e37bf78909d6a7895266dcc9c4cd00ea1 0.1s done
2026-09-15T12:27:02.4107149Z #203 writing layer sha256:6a91a78ea0feca92d0d7baaf50c42596043bd7d287570a7f87ba02276b644847 0.1s done
2026-09-15T12:27:02.4107787Z #203 writing layer sha256:6aaa26a6e62ae1c4f5f4655c241d5507f8bd718e206b25c9cf24a1f9a6e4baac 0.1s done
2026-09-15T12:27:02.4108643Z #203 writing layer sha256:6ad21c258f1070486dd07b77d5c7c098dafef06a0d4cd758062c5dc590cebdf2
2026-09-15T12:27:02.4109214Z #203 writing layer sha256:6c2199fd0444287514ed9ef6f3ccf93a2a534ab9293676749cf822d2e26cb699
2026-09-15T12:27:02.4109665Z #203 writing layer sha256:6d0734ca105cef842e0a734c71f539a087f18c38afbe1be17cef9b292430b5eb
2026-09-15T12:27:02.5288201Z #203 writing layer sha256:6ad21c258f1070486dd07b77d5c7c098dafef06a0d4cd758062c5dc590cebdf2 0.1s done
2026-09-15T12:27:02.5289402Z #203 writing layer sha256:6c2199fd0444287514ed9ef6f3ccf93a2a534ab9293676749cf822d2e26cb699 0.1s done
2026-09-15T12:27:02.5290334Z #203 writing layer sha256:6d0734ca105cef842e0a734c71f539a087f18c38afbe1be17cef9b292430b5eb 0.1s done
2026-09-15T12:27:02.5291167Z #203 writing layer sha256:6d24cda17bba78d364d7bc1485558b8a5d0f6f3eaf8f1c723a6f68c01ad5af50
2026-09-15T12:27:02.5291761Z #203 writing layer sha256:716643a990178fbb51187cdfb4f1cbf1ad2023aafff8857b3865ae60f04a7181
2026-09-15T12:27:02.5292233Z #203 writing layer sha256:7173df781371e84852761bd7d9d2e4dee02bee16f8f5c62f7e54f6fcc0939972
2026-09-15T12:27:02.6351054Z #203 writing layer sha256:6d24cda17bba78d364d7bc1485558b8a5d0f6f3eaf8f1c723a6f68c01ad5af50 0.1s done
2026-09-15T12:27:02.6351661Z #203 writing layer sha256:716643a990178fbb51187cdfb4f1cbf1ad2023aafff8857b3865ae60f04a7181 0.1s done
2026-09-15T12:27:02.6352196Z #203 writing layer sha256:7173df781371e84852761bd7d9d2e4dee02bee16f8f5c62f7e54f6fcc0939972 0.1s done
2026-09-15T12:27:02.6352719Z #203 writing layer sha256:73197916e89afa434a9a33e8aad405f24c14a532d1b6d4c5e54b02ee214afcb2
2026-09-15T12:27:02.7491034Z #203 writing layer sha256:73197916e89afa434a9a33e8aad405f24c14a532d1b6d4c5e54b02ee214afcb2 0.0s done
2026-09-15T12:27:02.7491662Z #203 writing layer sha256:747ed6a6c0ddb3309b3062b44e43e6c18032caad5587a9f239b56cbaf6bcda76 0.1s done
2026-09-15T12:27:02.7492193Z #203 writing layer sha256:76e87af3b6ab3ff4dfe62b6bab1f2e6f214cfd86989a8e33fc6afd21107d8dc7
2026-09-15T12:27:02.8542837Z #203 writing layer sha256:747ed6a6c0ddb3309b3062b44e43e6c18032caad5587a9f239b56cbaf6bcda76 0.1s done
2026-09-15T12:27:02.8543442Z #203 writing layer sha256:78611ad52fc1adbe68a6b026e49d6a251001c9a54bf11b90fd2eb4da7f9b9ddf 0.1s done
2026-09-15T12:27:02.8543962Z #203 writing layer sha256:7915c6ea0b2f947462b53a4832ff9cbbe1f9d815ee98033bd0918971d00358a3
2026-09-15T12:27:02.8544444Z #203 writing layer sha256:798421bbf6f8e20fbe3adaed87d948df4b25d3cfeff51a0a4483ee1c4a33b050
2026-09-15T12:27:02.8544911Z #203 writing layer sha256:7a3d59ec049dcaf00c231399aa44bd713e29e576845db85a6c2e5efb64ac8b7b
2026-09-15T12:27:02.9583603Z #203 writing layer sha256:76e87af3b6ab3ff4dfe62b6bab1f2e6f214cfd86989a8e33fc6afd21107d8dc7 0.1s done
2026-09-15T12:27:02.9584546Z #203 writing layer sha256:7915c6ea0b2f947462b53a4832ff9cbbe1f9d815ee98033bd0918971d00358a3 0.1s done
2026-09-15T12:27:02.9585325Z #203 writing layer sha256:798421bbf6f8e20fbe3adaed87d948df4b25d3cfeff51a0a4483ee1c4a33b050 0.1s done
2026-09-15T12:27:02.9585859Z #203 writing layer sha256:7a3d59ec049dcaf00c231399aa44bd713e29e576845db85a6c2e5efb64ac8b7b 0.1s done
2026-09-15T12:27:02.9586354Z #203 writing layer sha256:7ad249ea76eaae8a44d65f607b14e705ed1e549ea9f8f7370ea529c27f285562
2026-09-15T12:27:02.9586827Z #203 writing layer sha256:7afe0460313656dffe4463dd41078e9f97e921e09cda5205db4899ee0dc93f8d
2026-09-15T12:27:02.9587277Z #203 writing layer sha256:7b123e2cb9f6d3c278306cae664a6b49bafc637937d75ca4e9534fd3f53fe05e
2026-09-15T12:27:03.0640378Z #203 writing layer sha256:7ad249ea76eaae8a44d65f607b14e705ed1e549ea9f8f7370ea529c27f285562 0.1s done
2026-09-15T12:27:03.0641098Z #203 writing layer sha256:7afe0460313656dffe4463dd41078e9f97e921e09cda5205db4899ee0dc93f8d 0.0s done
2026-09-15T12:27:03.0642032Z #203 writing layer sha256:7b123e2cb9f6d3c278306cae664a6b49bafc637937d75ca4e9534fd3f53fe05e 0.1s done
2026-09-15T12:27:03.0642642Z #203 writing layer sha256:7c535c419222cc44c895448c484825abfda3eb629e37b408438c0b4927597bd7
2026-09-15T12:27:03.0643126Z #203 writing layer sha256:7eb0f12bd67bd80e0048d878e38e42f18a3fe9b226bfd4ec2000c260cae0580b
2026-09-15T12:27:03.1776946Z #203 writing layer sha256:7c535c419222cc44c895448c484825abfda3eb629e37b408438c0b4927597bd7 0.1s done
2026-09-15T12:27:03.1777934Z #203 writing layer sha256:7eb0f12bd67bd80e0048d878e38e42f18a3fe9b226bfd4ec2000c260cae0580b 0.1s done
2026-09-15T12:27:03.1778760Z #203 writing layer sha256:8127e34208a7fdc7fe42d2a6138bcd22557cb71196458896bdb2455214530fc4
2026-09-15T12:27:03.1779312Z #203 writing layer sha256:8400d371516dd8890ab3a71d1a9361ce3dc328d8ca434618423ab5565aa6542c
2026-09-15T12:27:03.1779906Z #203 writing layer sha256:876fdce1ccac885725596e4adf38397d49a6bd39f19765d6bf8ca8df9eb626aa
2026-09-15T12:27:03.1780518Z #203 writing layer sha256:8b620e2f6714123b57a555d3305c60620285167030590aae8e547cc544f30036
2026-09-15T12:27:03.2860197Z #203 writing layer sha256:8127e34208a7fdc7fe42d2a6138bcd22557cb71196458896bdb2455214530fc4 0.1s done
2026-09-15T12:27:03.2860885Z #203 writing layer sha256:8400d371516dd8890ab3a71d1a9361ce3dc328d8ca434618423ab5565aa6542c 0.1s done
2026-09-15T12:27:03.2861464Z #203 writing layer sha256:8b620e2f6714123b57a555d3305c60620285167030590aae8e547cc544f30036 0.1s done
2026-09-15T12:27:03.2861999Z #203 writing layer sha256:8b8abb073381ff8360caff7065940f3f8c797eacb512e66fa0070eb3bd0f6704
2026-09-15T12:27:03.2862592Z #203 writing layer sha256:8c65b7ba5f6dc08c7bfd5ed46d7cabf4bcf92842ac89bb8dc8d3df894c50e141
2026-09-15T12:27:03.2863129Z #203 writing layer sha256:8cc1ffa4161467707de7313394770744e3e851f99c096605446d89daa94f8588
2026-09-15T12:27:03.4008550Z #203 writing layer sha256:876fdce1ccac885725596e4adf38397d49a6bd39f19765d6bf8ca8df9eb626aa 0.1s done
2026-09-15T12:27:03.4009200Z #203 writing layer sha256:8b8abb073381ff8360caff7065940f3f8c797eacb512e66fa0070eb3bd0f6704 0.1s done
2026-09-15T12:27:03.4009877Z #203 writing layer sha256:8c65b7ba5f6dc08c7bfd5ed46d7cabf4bcf92842ac89bb8dc8d3df894c50e141 0.1s done
2026-09-15T12:27:03.4010501Z #203 writing layer sha256:8cc1ffa4161467707de7313394770744e3e851f99c096605446d89daa94f8588 0.1s done
2026-09-15T12:27:03.4011090Z #203 writing layer sha256:92cc581489983b46a0fc7aa31e4c7602cdab89eabc4ed58fae34726e56b5a1c4
2026-09-15T12:27:03.4011578Z #203 writing layer sha256:940e4c8cc824bb2a06c94eb63efc6d6bf1aec8deb2f111cf9b86063304fd8399
2026-09-15T12:27:03.5088458Z #203 writing layer sha256:92cc581489983b46a0fc7aa31e4c7602cdab89eabc4ed58fae34726e56b5a1c4 0.1s done
2026-09-15T12:27:03.5089318Z #203 writing layer sha256:94604c77b5ba03fd510a0c2462be0a877ab9c097b8ba85463ba0954e43d1c346
2026-09-15T12:27:03.6131739Z #203 writing layer sha256:940e4c8cc824bb2a06c94eb63efc6d6bf1aec8deb2f111cf9b86063304fd8399 0.1s done
2026-09-15T12:27:03.6132342Z #203 writing layer sha256:94604c77b5ba03fd510a0c2462be0a877ab9c097b8ba85463ba0954e43d1c346 done
2026-09-15T12:27:03.6132894Z #203 writing layer sha256:968bfc697d37f43d9756da3a281057cc19af4daeef717ddc341da2245d8e891e 0.1s done
2026-09-15T12:27:03.6133396Z #203 writing layer sha256:9bb8eecdbabcf0e7667fe4823557b5bf377eca4b0127b042fdf559d1a2d7d4a0
2026-09-15T12:27:03.7240512Z #203 writing layer sha256:968bfc697d37f43d9756da3a281057cc19af4daeef717ddc341da2245d8e891e 0.1s done
2026-09-15T12:27:03.7241452Z #203 writing layer sha256:9bb8eecdbabcf0e7667fe4823557b5bf377eca4b0127b042fdf559d1a2d7d4a0 0.0s done
2026-09-15T12:27:03.7242314Z #203 writing layer sha256:9bea4093d5f3e3339ad35f88a18f78ccae48324a0511621bc15207c53fad221e 0.1s done
2026-09-15T12:27:03.7242941Z #203 writing layer sha256:9f2b90d2c42f2daa2151cccb24ee0aafacfa2c06f0da6c7fd58a6d91c90c4cae
2026-09-15T12:27:03.7243470Z #203 writing layer sha256:9f464461e4ece5bc01a0e5e7605b2fc2ba08033de7c782ebe8f896169f575af7
2026-09-15T12:27:03.7243946Z #203 writing layer sha256:a22bb53ada18c729ecd6f68ddcd720a49d4c3bfc70febdcb78adc8ba11b28934
2026-09-15T12:27:03.7244790Z #203 writing layer sha256:a34203d1c3f618559bcebe89a2f5af1e65f1eaa66f3d8fd345230696188d7354
2026-09-15T12:27:03.8396450Z #203 writing layer sha256:9f2b90d2c42f2daa2151cccb24ee0aafacfa2c06f0da6c7fd58a6d91c90c4cae 0.1s done
2026-09-15T12:27:03.8397781Z #203 writing layer sha256:9f464461e4ece5bc01a0e5e7605b2fc2ba08033de7c782ebe8f896169f575af7 0.1s done
2026-09-15T12:27:03.8398911Z #203 writing layer sha256:a22bb53ada18c729ecd6f68ddcd720a49d4c3bfc70febdcb78adc8ba11b28934 0.1s done
2026-09-15T12:27:03.8399466Z #203 writing layer sha256:a34203d1c3f618559bcebe89a2f5af1e65f1eaa66f3d8fd345230696188d7354 0.1s done
2026-09-15T12:27:03.8399979Z #203 writing layer sha256:a5d21de981516fe19356aace81ec63184f1880db44d21f4f1fa0563124d92c3e
2026-09-15T12:27:03.8400452Z #203 writing layer sha256:a68a245d9debc1254919426b251adfc4ba62e90a43eee65b0cf036f11eb6f4ee
2026-09-15T12:27:03.8400937Z #203 writing layer sha256:a6cc31f163d7c9489cdaa79b60b4f00101218a25a4c1f34deea945226c7c21af
2026-09-15T12:27:03.9539527Z #203 writing layer sha256:a5d21de981516fe19356aace81ec63184f1880db44d21f4f1fa0563124d92c3e 0.1s done
2026-09-15T12:27:03.9540341Z #203 writing layer sha256:a68a245d9debc1254919426b251adfc4ba62e90a43eee65b0cf036f11eb6f4ee 0.1s done
2026-09-15T12:27:03.9540880Z #203 writing layer sha256:a6cc31f163d7c9489cdaa79b60b4f00101218a25a4c1f34deea945226c7c21af 0.1s done
2026-09-15T12:27:03.9541385Z #203 writing layer sha256:a842657f70ff48a9487948f3ffb7abbdc95c589cd82f8a03a43359b188276f8b
2026-09-15T12:27:03.9541865Z #203 writing layer sha256:aa0dbb51786a9c7a9544810cac087e1a1e5f8ee824d7cf4ee05ce5ee8bbe2bee
2026-09-15T12:27:04.0597638Z #203 writing layer sha256:aa0dbb51786a9c7a9544810cac087e1a1e5f8ee824d7cf4ee05ce5ee8bbe2bee 0.1s done
2026-09-15T12:27:04.0598785Z #203 writing layer sha256:aa6f25c711da67364b188896721752d67f2119f99753ace274049ea5324c1369
2026-09-15T12:27:04.1747801Z #203 writing layer sha256:a842657f70ff48a9487948f3ffb7abbdc95c589cd82f8a03a43359b188276f8b 0.1s done
2026-09-15T12:27:04.1748657Z #203 writing layer sha256:aa6f25c711da67364b188896721752d67f2119f99753ace274049ea5324c1369 0.1s done
2026-09-15T12:27:04.1749291Z #203 writing layer sha256:b05a2f5333e329cdf47c3abf58696cb1077ff51873e8bedc5e3dcf962f428976
2026-09-15T12:27:04.1749893Z #203 writing layer sha256:b1631fbc26f7a1ee023ebef1474a55c995b592f9459bafb85f99f347819ac7af
2026-09-15T12:27:04.2950086Z #203 writing layer sha256:b05a2f5333e329cdf47c3abf58696cb1077ff51873e8bedc5e3dcf962f428976 0.1s done
2026-09-15T12:27:04.2950780Z #203 writing layer sha256:b728637e1a8755007b6010b2bde0863dc7360f6ef5b69aff3bf21ac808db4768 0.1s done
2026-09-15T12:27:04.2951418Z #203 writing layer sha256:b74d1b21fb9605007fee7003b19e08e5979618fc687143e72ec8d516c242e858 0.1s done
2026-09-15T12:27:04.2951931Z #203 writing layer sha256:baf8b298583c62eafb1c75ae2fe707cf871601ba6a92c443300a7692aeb7e084
2026-09-15T12:27:04.2952978Z #203 writing layer sha256:be8760fc1faec4296c030e59c37ea05e207e2682b2711c2c2434bb7cfa8e9630
2026-09-15T12:27:04.3978016Z #203 writing layer sha256:b1631fbc26f7a1ee023ebef1474a55c995b592f9459bafb85f99f347819ac7af 0.1s done
2026-09-15T12:27:04.3978659Z #203 writing layer sha256:be8760fc1faec4296c030e59c37ea05e207e2682b2711c2c2434bb7cfa8e9630 0.1s done
2026-09-15T12:27:04.3979169Z #203 writing layer sha256:bf632184a60c6dde8e87c4d2de65a89d816c1d5846b0ab7333ba26fb5389b80c
2026-09-15T12:27:04.5065711Z #203 writing layer sha256:baf8b298583c62eafb1c75ae2fe707cf871601ba6a92c443300a7692aeb7e084 0.1s done
2026-09-15T12:27:04.5066391Z #203 writing layer sha256:be8760fc1faec4296c030e59c37ea05e207e2682b2711c2c2434bb7cfa8e9630 0.1s done
2026-09-15T12:27:04.5066959Z #203 writing layer sha256:bf632184a60c6dde8e87c4d2de65a89d816c1d5846b0ab7333ba26fb5389b80c 0.0s done
2026-09-15T12:27:04.5067582Z #203 writing layer sha256:bfe886e4a86252e49e4a0faa81575586efcb397a23d80073fcc109a59d0d0a33 0.1s done
2026-09-15T12:27:04.5068316Z #203 writing layer sha256:c0ade0b578ddc081e88e535a5b4ee31e99e72ed88c20d6793147a9eb883566b3
2026-09-15T12:27:04.5068916Z #203 writing layer sha256:c0fb1797710794b02191ceed9de46d2594b6ddc0ad48cd67fb64df56c6ee9a48
2026-09-15T12:27:04.5069869Z #203 writing layer sha256:c5ee72cb614431d006f7db531fc30908dde95c7bf19297b74099087c6d43fbb4
2026-09-15T12:27:04.6100972Z #203 writing layer sha256:bfe886e4a86252e49e4a0faa81575586efcb397a23d80073fcc109a59d0d0a33 0.1s done
2026-09-15T12:27:04.6101750Z #203 writing layer sha256:c0ade0b578ddc081e88e535a5b4ee31e99e72ed88c20d6793147a9eb883566b3 0.1s done
2026-09-15T12:27:04.6102302Z #203 writing layer sha256:c0fb1797710794b02191ceed9de46d2594b6ddc0ad48cd67fb64df56c6ee9a48 0.1s done
2026-09-15T12:27:04.6102815Z #203 writing layer sha256:c5ee72cb614431d006f7db531fc30908dde95c7bf19297b74099087c6d43fbb4 0.1s done
2026-09-15T12:27:04.6103301Z #203 writing layer sha256:c63d5c803c10e30f42dabb816c056848e6e573e2fbe48b85a9243ff8bac91390
2026-09-15T12:27:04.6103801Z #203 writing layer sha256:c667d3b059606e8abece596c1c31bc9bdf7e8259a9585bc32927b4f1dd6689c6
2026-09-15T12:27:04.7239688Z #203 writing layer sha256:c5ee72cb614431d006f7db531fc30908dde95c7bf19297b74099087c6d43fbb4 0.1s done
2026-09-15T12:27:04.7240458Z #203 writing layer sha256:c63d5c803c10e30f42dabb816c056848e6e573e2fbe48b85a9243ff8bac91390 0.1s done
2026-09-15T12:27:04.7241110Z #203 writing layer sha256:c667d3b059606e8abece596c1c31bc9bdf7e8259a9585bc32927b4f1dd6689c6 0.1s done
2026-09-15T12:27:04.7241621Z #203 writing layer sha256:c6d9e495f1258d6aa423eea47b358a8d9e1c711a56fefd35f5a3fe740512f661 0.1s done
2026-09-15T12:27:04.7242237Z #203 writing layer sha256:ca1d72a05473f3f28323888cb5275cb1013fcbc362790685fbda79db43657275
2026-09-15T12:27:04.7242823Z #203 writing layer sha256:ca753f73a75e2b1d72d4fdcaba17b31ba70f0228e5aa9efe044314d6fdf23952
2026-09-15T12:27:04.7243332Z #203 writing layer sha256:cb8b061cfa8cfc37dadb7f906e133b569722f16c6b56db5fcbc06ee7a4a9aaec
2026-09-15T12:27:04.8263427Z #203 writing layer sha256:ca1d72a05473f3f28323888cb5275cb1013fcbc362790685fbda79db43657275 0.1s done
2026-09-15T12:27:04.8264302Z #203 writing layer sha256:ca753f73a75e2b1d72d4fdcaba17b31ba70f0228e5aa9efe044314d6fdf23952 0.1s done
2026-09-15T12:27:04.8265202Z #203 writing layer sha256:cb8b061cfa8cfc37dadb7f906e133b569722f16c6b56db5fcbc06ee7a4a9aaec 0.1s done
2026-09-15T12:27:04.8265795Z #203 writing layer sha256:cbb3a6a47001d6a37cdf91904d18d65b443a15ec7275f3e1e9816502913e3bbe
2026-09-15T12:27:04.8266281Z #203 writing layer sha256:ccf8292bee59e04f429c4823cc34f33708b30fc6ea51eecb8f63bc58ad86adbe
2026-09-15T12:27:04.8266738Z #203 writing layer sha256:d00c0def5b4e74c0f7d1d345dff470ae0e079b7dc6cea641e6d20b4f051c4c8e
2026-09-15T12:27:04.8267184Z #203 writing layer sha256:d0c869b6f75a9bd0cc2dbd3ec18583e27f48093f45a6880416386a5f4db1d8c0
2026-09-15T12:27:04.9386009Z #203 writing layer sha256:cbb3a6a47001d6a37cdf91904d18d65b443a15ec7275f3e1e9816502913e3bbe 0.1s done
2026-09-15T12:27:04.9387060Z #203 writing layer sha256:ccf8292bee59e04f429c4823cc34f33708b30fc6ea51eecb8f63bc58ad86adbe 0.1s done
2026-09-15T12:27:04.9387726Z #203 writing layer sha256:d00c0def5b4e74c0f7d1d345dff470ae0e079b7dc6cea641e6d20b4f051c4c8e 0.1s done
2026-09-15T12:27:04.9388756Z #203 writing layer sha256:d0c869b6f75a9bd0cc2dbd3ec18583e27f48093f45a6880416386a5f4db1d8c0 0.1s done
2026-09-15T12:27:04.9389374Z #203 writing layer sha256:d22735fedc890e1a6e7accd21fb29c42010d0862bfbd21b4d23223026661934c
2026-09-15T12:27:04.9389922Z #203 writing layer sha256:d24870dc793e88d7843f0b5baf6c6a07bb9cf8c21c8cc1a95999538f34db7b6c
2026-09-15T12:27:05.1169580Z #203 writing layer sha256:d22735fedc890e1a6e7accd21fb29c42010d0862bfbd21b4d23223026661934c 0.1s done
2026-09-15T12:27:05.1170229Z #203 writing layer sha256:d24870dc793e88d7843f0b5baf6c6a07bb9cf8c21c8cc1a95999538f34db7b6c 0.1s done
2026-09-15T12:27:05.1170777Z #203 writing layer sha256:d263e667bf4eaa61487cd1219f4c6558c1d84c3c9c25bf964c8888eaecaf4059 0.1s done
2026-09-15T12:27:05.1171280Z #203 writing layer sha256:d3d73a8473b17110b55f8782a11b3bab16e00340f19048347e6602c9c5a19069
2026-09-15T12:27:05.1171776Z #203 writing layer sha256:d7a9760f1510c3d182b8a4775606c96115dccad2fd9daf73a1b7cb44c4d8d6f9
2026-09-15T12:27:05.2269936Z #203 writing layer sha256:d263e667bf4eaa61487cd1219f4c6558c1d84c3c9c25bf964c8888eaecaf4059 0.1s done
2026-09-15T12:27:05.2270526Z #203 writing layer sha256:d3d73a8473b17110b55f8782a11b3bab16e00340f19048347e6602c9c5a19069 0.1s done
2026-09-15T12:27:05.2271041Z #203 writing layer sha256:dae02c9ad2d8bad4884cd42f1840ee7c5ad7a565382f33b89bce6ea11a491777 0.1s done
2026-09-15T12:27:05.2271556Z #203 writing layer sha256:db49126aab75842d3591f5380b97fef5f16fec80ecf89590087e94fe23c5fa68
2026-09-15T12:27:05.3417059Z #203 writing layer sha256:d7a9760f1510c3d182b8a4775606c96115dccad2fd9daf73a1b7cb44c4d8d6f9 0.1s done
2026-09-15T12:27:05.3417669Z #203 writing layer sha256:dae02c9ad2d8bad4884cd42f1840ee7c5ad7a565382f33b89bce6ea11a491777 0.1s done
2026-09-15T12:27:05.3418456Z #203 writing layer sha256:dbe5241094a78c642c066a9baadc722fc847bf548457e8b035e35cf8e5d5bb3b 0.1s done
2026-09-15T12:27:05.3419096Z #203 writing layer sha256:de1ac289041c2bb363347de841af7741b1a01f0a5bd66961aa2a6d2e00f1774c
2026-09-15T12:27:05.4451469Z #203 writing layer sha256:dbe5241094a78c642c066a9baadc722fc847bf548457e8b035e35cf8e5d5bb3b done
2026-09-15T12:27:05.4452256Z #203 writing layer sha256:de1ac289041c2bb363347de841af7741b1a01f0a5bd66961aa2a6d2e00f1774c 0.1s done
2026-09-15T12:27:05.5580110Z #203 writing layer sha256:e29731ac1f485901c0c18998f00de9cb7c3e47aad6eeee7c01aea249dd4134a0
2026-09-15T12:27:05.5580698Z #203 writing layer sha256:db49126aab75842d3591f5380b97fef5f16fec80ecf89590087e94fe23c5fa68 0.2s done
2026-09-15T12:27:05.5581346Z #203 writing layer sha256:e29731ac1f485901c0c18998f00de9cb7c3e47aad6eeee7c01aea249dd4134a0 0.1s done
2026-09-15T12:27:05.5581942Z #203 writing layer sha256:e39740da2e7d83100f0b64e916c5ba40b3e0a1f918e56237fa9d8c58cf683679
2026-09-15T12:27:05.5582497Z #203 writing layer sha256:e4a6b9a84973ae2741ec0e7e5c6491deaf182701cb710f31f75e1ad093248606
2026-09-15T12:27:05.6622588Z #203 writing layer sha256:e39740da2e7d83100f0b64e916c5ba40b3e0a1f918e56237fa9d8c58cf683679 0.1s done
2026-09-15T12:27:05.6623277Z #203 writing layer sha256:e4a6b9a84973ae2741ec0e7e5c6491deaf182701cb710f31f75e1ad093248606 done
2026-09-15T12:27:05.6623873Z #203 writing layer sha256:e5aeec732a7f3e08e6c76291362d0de5fd4850715056268507ec695e54577ac2 0.1s done
2026-09-15T12:27:05.6624416Z #203 writing layer sha256:e8b9b7438a0c0cad3eda58a03d4601ec4d345eda5da1222ff04242de0481e824
2026-09-15T12:27:05.6624984Z #203 writing layer sha256:ea00555553c158727aa83323e5551dddcb56c1b423703d53ae95b87dbe4970ac
2026-09-15T12:27:05.6625527Z #203 writing layer sha256:f0c7db04a006e9e961e4308b2c654962ad522b6339afafd26b39e33a1c9f9c48
2026-09-15T12:27:05.7638329Z #203 writing layer sha256:e8b9b7438a0c0cad3eda58a03d4601ec4d345eda5da1222ff04242de0481e824 0.1s done
2026-09-15T12:27:05.7639089Z #203 writing layer sha256:ea00555553c158727aa83323e5551dddcb56c1b423703d53ae95b87dbe4970ac 0.1s done
2026-09-15T12:27:05.7641368Z #203 writing layer sha256:f0c7db04a006e9e961e4308b2c654962ad522b6339afafd26b39e33a1c9f9c48 0.1s done
2026-09-15T12:27:05.7642055Z #203 writing layer sha256:f14adcf2c334450677110607610fe31b1f0fda7cc0650cc2a974491a09fda8b0
2026-09-15T12:27:05.7642727Z #203 writing layer sha256:f4f12826f242e0c6c04199a5c87bbbfd4be4085d37cda2c045c412f5d90da949
2026-09-15T12:27:05.7643395Z #203 writing layer sha256:f573ba29422ee21eec8f7d93d072d6e542fc6de36f645bf4a0b657fdf404c54f
2026-09-15T12:27:05.8689240Z #203 writing layer sha256:f14adcf2c334450677110607610fe31b1f0fda7cc0650cc2a974491a09fda8b0 0.1s done
2026-09-15T12:27:05.8690140Z #203 writing layer sha256:f4f12826f242e0c6c04199a5c87bbbfd4be4085d37cda2c045c412f5d90da949 0.1s done
2026-09-15T12:27:05.8690978Z #203 writing layer sha256:f573ba29422ee21eec8f7d93d072d6e542fc6de36f645bf4a0b657fdf404c54f 0.1s done
2026-09-15T12:27:05.8691677Z #203 writing layer sha256:f869d82511bfe9e85dd90799e132d87f66fdb649dcdbf595122671cbee835d0c
2026-09-15T12:27:05.8692188Z #203 writing layer sha256:fa476170fb86e8dfada76f1f21b7cfa6bed224d326793f7dc790997fede22486
2026-09-15T12:27:05.9725460Z #203 writing layer sha256:f573ba29422ee21eec8f7d93d072d6e542fc6de36f645bf4a0b657fdf404c54f 0.1s done
2026-09-15T12:27:05.9726525Z #203 writing layer sha256:f869d82511bfe9e85dd90799e132d87f66fdb649dcdbf595122671cbee835d0c 0.1s done
2026-09-15T12:27:05.9727060Z #203 writing layer sha256:fa476170fb86e8dfada76f1f21b7cfa6bed224d326793f7dc790997fede22486 0.1s done
2026-09-15T12:27:05.9727570Z #203 writing layer sha256:fa8c0191914604f776d220631f59311725808a7a51d93000a850e3b3d6bef32d
2026-09-15T12:27:05.9728161Z #203 writing layer sha256:facdea38e917c9e0ea4d5b078fc261e5988878f9cca814831288bf9aa0a4e528
2026-09-15T12:27:06.0935046Z #203 writing layer sha256:fa476170fb86e8dfada76f1f21b7cfa6bed224d326793f7dc790997fede22486 0.1s done
2026-09-15T12:27:06.0935734Z #203 writing layer sha256:fa8c0191914604f776d220631f59311725808a7a51d93000a850e3b3d6bef32d 0.1s done
2026-09-15T12:27:06.0936302Z #203 writing layer sha256:fd07ba9452244d716f2c18dde3542eca35d00b5aa0e1b47de55c1a44b19cc50f 0.1s done
2026-09-15T12:27:06.0936822Z #203 writing layer sha256:ff82dbbefc9badb41feb5df3539f20f01ebc192d6e0667bd7293886cfe6e8041
2026-09-15T12:27:06.2208811Z #203 writing layer sha256:facdea38e917c9e0ea4d5b078fc261e5988878f9cca814831288bf9aa0a4e528 0.1s done
2026-09-15T12:27:06.2210011Z #203 writing layer sha256:fd07ba9452244d716f2c18dde3542eca35d00b5aa0e1b47de55c1a44b19cc50f 0.1s done
2026-09-15T12:27:06.2211118Z #203 writing layer sha256:ff82dbbefc9badb41feb5df3539f20f01ebc192d6e0667bd7293886cfe6e8041 0.1s done
2026-09-15T12:27:06.3721621Z #203 writing config sha256:dbdc3cb9b108a385c973ea4618ef97575cce84e252e10e20d7ba657f6e1c815e
2026-09-15T12:27:07.8770375Z #203 writing config sha256:dbdc3cb9b108a385c973ea4618ef97575cce84e252e10e20d7ba657f6e1c815e 1.7s done
2026-09-15T12:27:08.0284672Z #203 writing cache image manifest sha256:a7154c3ed1f6c0d65d2f6f682c0febaeb6eecad48e1cf0a899ac6b202138f6c0
2026-09-15T12:27:08.8042531Z #203 sending cache export 10.3s done
2026-09-15T12:27:08.8043280Z #203 writing cache image manifest sha256:a7154c3ed1f6c0d65d2f6f682c0febaeb6eecad48e1cf0a899ac6b202138f6c0 0.9s done
2026-09-15T12:27:08.8043997Z #203 DONE 15.8s
2026-09-15T12:27:08.8044123Z 
2026-09-15T12:27:08.8044504Z #159 [combine-layer 70/70] COPY --link --from=zvbi /opt/ffdest/opt/ffbuild/. /opt/ffbuild
2026-09-15T12:27:08.9081537Z #159 ...
2026-09-15T12:27:08.9081745Z 
2026-09-15T12:27:08.9081902Z #204 resolving provenance for metadata file
2026-09-15T12:27:08.9082253Z #204 DONE 0.0s
2026-09-15T12:27:08.9082365Z 
2026-09-15T12:27:08.9082578Z #159 [combine-layer 70/70] COPY --link --from=zvbi /opt/ffdest/opt/ffbuild/. /opt/ffbuild
2026-09-15T12:27:08.9155684Z ##[group]ImageID
2026-09-15T12:27:08.9156557Z sha256:837079bf7755756770924a889681bf1be4bff87b077140baa7964dd95739b33e
2026-09-15T12:27:08.9157216Z ##[endgroup]
2026-09-15T12:27:08.9157666Z ##[group]Digest
2026-09-15T12:27:08.9158200Z sha256:2220c90dbe94a51594f90b18ecb1bee13925465af3308c86062ee4510a4dde64
2026-09-15T12:27:08.9158862Z ##[endgroup]
2026-09-15T12:27:08.9159556Z ##[group]Metadata
2026-09-15T12:27:08.9160880Z ::stop-commands::***
2026-09-15T12:27:08.9161209Z {
2026-09-15T12:27:08.9161477Z   "buildx.build.provenance": {
2026-09-15T12:27:08.9161815Z     "builder": {
2026-09-15T12:27:08.9162077Z       "id": ""
2026-09-15T12:27:08.9162318Z     },
2026-09-15T12:27:08.9162670Z     "buildType": "https://mobyproject.org/buildkit@v1",
2026-09-15T12:27:08.9163083Z     "materials": [
2026-09-15T12:27:08.9163350Z       {
2026-09-15T12:27:08.9163817Z         "uri": "pkg:docker/ghcr.io/btbn/ffmpeg-builds/base-win64@latest?platform=linux%2Famd64",
2026-09-15T12:27:08.9164360Z         "digest": {
2026-09-15T12:27:08.9164770Z           "sha256": "f0d05267fd9d4538c73926ebf50e7edfe962c361f487c6c8302469d6616963be"
2026-09-15T12:27:08.9165209Z         }
2026-09-15T12:27:08.9165420Z       }
2026-09-15T12:27:08.9165636Z     ],
2026-09-15T12:27:08.9165853Z     "invocation": {
2026-09-15T12:27:08.9166106Z       "configSource": {
2026-09-15T12:27:08.9166430Z         "entryPoint": "Dockerfile"
2026-09-15T12:27:08.9166749Z       },
2026-09-15T12:27:08.9167001Z       "parameters": {
2026-09-15T12:27:08.9167538Z         "frontend": "dockerfile.v0",
2026-09-15T12:27:08.9168012Z         "locals": [
2026-09-15T12:27:08.9168281Z           {
2026-09-15T12:27:08.9168525Z             "name": "context"
2026-09-15T12:27:08.9168815Z           },
2026-09-15T12:27:08.9169047Z           {
2026-09-15T12:27:08.9169301Z             "name": "dockerfile"
2026-09-15T12:27:08.9169595Z           }
2026-09-15T12:27:08.9169823Z         ],
2026-09-15T12:27:08.9170061Z         "root": {
2026-09-15T12:27:08.9170301Z           "configSource": {
2026-09-15T12:27:08.9170565Z             "path": "Dockerfile"
2026-09-15T12:27:08.9170826Z           },
2026-09-15T12:27:08.9171040Z           "request": {
2026-09-15T12:27:08.9171294Z             "args": {
2026-09-15T12:27:08.9171565Z               "vcs:localdir:context": ".",
2026-09-15T12:27:08.9171901Z               "vcs:localdir:dockerfile": ".",
2026-09-15T12:27:08.9172308Z               "vcs:revision": "3e6685eda92f9288c15ac320139622dcedca09a4",
2026-09-15T12:27:08.9172789Z               "vcs:source": "https://github.com/BtbN/FFmpeg-Builds"
2026-09-15T12:27:08.9173225Z             }
2026-09-15T12:27:08.9173450Z           }
2026-09-15T12:27:08.9173668Z         },
2026-09-15T12:27:08.9173918Z         "compatibilityVersion": 30
2026-09-15T12:27:08.9174252Z       },
2026-09-15T12:27:08.9174467Z       "environment": {
2026-09-15T12:27:08.9174735Z         "dockerfileVersion": "1.26.0",
2026-09-15T12:27:08.9175056Z         "github_actor": "BtbN",
2026-09-15T12:27:08.9175342Z         "github_actor_id": "294293",
2026-09-15T12:27:08.9175696Z         "github_event_name": "schedule",
2026-09-15T12:27:08.9176055Z         "github_event_payload": {
2026-09-15T12:27:08.9176377Z           "repository": {
2026-09-15T12:27:08.9176689Z             "allow_forking": true,
2026-09-15T12:27:08.9177203Z             "archive_url": "https://api.github.com/repos/BtbN/FFmpeg-Builds/{archive_format}{/ref}",
2026-09-15T12:27:08.9177709Z             "archived": false,
2026-09-15T12:27:08.9178730Z             "assignees_url": "https://api.github.com/repos/BtbN/FFmpeg-Builds/assignees{/user}",
2026-09-15T12:27:08.9179498Z             "blobs_url": "https://api.github.com/repos/BtbN/FFmpeg-Builds/git/blobs{/sha}",
2026-09-15T12:27:08.9180260Z             "branches_url": "https://api.github.com/repos/BtbN/FFmpeg-Builds/branches{/branch}",
2026-09-15T12:27:08.9180915Z             "clone_url": "https://github.com/BtbN/FFmpeg-Builds.git",
2026-09-15T12:27:08.9181625Z             "collaborators_url": "https://api.github.com/repos/BtbN/FFmpeg-Builds/collaborators{/collaborator}",
2026-09-15T12:27:08.9182470Z             "comments_url": "https://api.github.com/repos/BtbN/FFmpeg-Builds/comments{/number}",
2026-09-15T12:27:08.9183183Z             "commits_url": "https://api.github.com/repos/BtbN/FFmpeg-Builds/commits{/sha}",
2026-09-15T12:27:08.9184137Z             "compare_url": "https://api.github.com/repos/BtbN/FFmpeg-Builds/compare/{base}...{head}",
2026-09-15T12:27:08.9184862Z             "contents_url": "https://api.github.com/repos/BtbN/FFmpeg-Builds/contents/{+path}",
2026-09-15T12:27:08.9185525Z             "contributors_url": "https://api.github.com/repos/BtbN/FFmpeg-Builds/contributors",
2026-09-15T12:27:08.9186103Z             "created_at": "2020-09-01T19:19:40Z",
2026-09-15T12:27:08.9186452Z             "default_branch": "master",
2026-09-15T12:27:08.9186913Z             "deployments_url": "https://api.github.com/repos/BtbN/FFmpeg-Builds/deployments",
2026-09-15T12:27:08.9187450Z             "description": null,
2026-09-15T12:27:08.9187736Z             "disabled": false,
2026-09-15T12:27:08.9188329Z             "downloads_url": "https://api.github.com/repos/BtbN/FFmpeg-Builds/downloads",
2026-09-15T12:27:08.9189061Z             "events_url": "https://api.github.com/repos/BtbN/FFmpeg-Builds/events",
2026-09-15T12:27:08.9189657Z             "fork": false,
2026-09-15T12:27:08.9190027Z             "forks": 1530,
2026-09-15T12:27:08.9190344Z             "forks_count": 1530,
2026-09-15T12:27:08.9190799Z             "forks_url": "https://api.github.com/repos/BtbN/FFmpeg-Builds/forks",
2026-09-15T12:27:08.9191475Z             "full_name": "BtbN/FFmpeg-Builds",
2026-09-15T12:27:08.9192057Z             "git_commits_url": "https://api.github.com/repos/BtbN/FFmpeg-Builds/git/commits{/sha}",
2026-09-15T12:27:08.9192881Z             "git_refs_url": "https://api.github.com/repos/BtbN/FFmpeg-Builds/git/refs{/sha}",
2026-09-15T12:27:08.9193613Z             "git_tags_url": "https://api.github.com/repos/BtbN/FFmpeg-Builds/git/tags{/sha}",
2026-09-15T12:27:08.9194217Z             "git_url": "git://github.com/BtbN/FFmpeg-Builds.git",
2026-09-15T12:27:08.9194646Z             "has_discussions": false,
2026-09-15T12:27:08.9194996Z             "has_downloads": false,
2026-09-15T12:27:08.9195338Z             "has_issues": true,
2026-09-15T12:27:08.9195651Z             "has_pages": false,
2026-09-15T12:27:08.9195970Z             "has_projects": false,
2026-09-15T12:27:08.9196314Z             "has_pull_requests": true,
2026-09-15T12:27:08.9196664Z             "has_wiki": true,
2026-09-15T12:27:08.9196966Z             "homepage": null,
2026-09-15T12:27:08.9197422Z             "hooks_url": "https://api.github.com/repos/BtbN/FFmpeg-Builds/hooks",
2026-09-15T12:27:08.9198222Z             "html_url": "https://github.com/BtbN/FFmpeg-Builds",
2026-09-15T12:27:08.9198646Z             "id": 292087234,
2026-09-15T12:27:08.9198970Z             "is_template": false,
2026-09-15T12:27:08.9199561Z             "issue_comment_url": "https://api.github.com/repos/BtbN/FFmpeg-Builds/issues/comments{/number}",
2026-09-15T12:27:08.9200385Z             "issue_events_url": "https://api.github.com/repos/BtbN/FFmpeg-Builds/issues/events{/number}",
2026-09-15T12:27:08.9201131Z             "issues_url": "https://api.github.com/repos/BtbN/FFmpeg-Builds/issues{/number}",
2026-09-15T12:27:08.9201815Z             "keys_url": "https://api.github.com/repos/BtbN/FFmpeg-Builds/keys{/key_id}",
2026-09-15T12:27:08.9202457Z             "labels_url": "https://api.github.com/repos/BtbN/FFmpeg-Builds/labels{/name}",
2026-09-15T12:27:08.9202993Z             "language": "Shell",
2026-09-15T12:27:08.9203482Z             "languages_url": "https://api.github.com/repos/BtbN/FFmpeg-Builds/languages",
2026-09-15T12:27:08.9204012Z             "license": {
2026-09-15T12:27:08.9204303Z               "key": "mit",
2026-09-15T12:27:08.9204601Z               "name": "MIT License",
2026-09-15T12:27:08.9204964Z               "node_id": "MDc6TGljZW5zZTEz",
2026-09-15T12:27:08.9205321Z               "spdx_id": "MIT",
2026-09-15T12:27:08.9205702Z               "url": "https://api.github.com/licenses/mit"
2026-09-15T12:27:08.9206086Z             },
2026-09-15T12:27:08.9206506Z             "merges_url": "https://api.github.com/repos/BtbN/FFmpeg-Builds/merges",
2026-09-15T12:27:08.9207220Z             "milestones_url": "https://api.github.com/repos/BtbN/FFmpeg-Builds/milestones{/number}",
2026-09-15T12:27:08.9208043Z             "mirror_url": null,
2026-09-15T12:27:08.9208357Z             "name": "FFmpeg-Builds",
2026-09-15T12:27:08.9208754Z             "node_id": "MDEwOlJlcG9zaXRvcnkyOTIwODcyMzQ=",
2026-09-15T12:27:08.9209469Z             "notifications_url": "https://api.github.com/repos/BtbN/FFmpeg-Builds/notifications{?since,all,participating}",
2026-09-15T12:27:08.9210155Z             "open_issues": 27,
2026-09-15T12:27:08.9210480Z             "open_issues_count": 27,
2026-09-15T12:27:08.9210824Z             "owner": {
2026-09-15T12:27:08.9211250Z               "avatar_url": "https://avatars.githubusercontent.com/u/294293?v=4",
2026-09-15T12:27:08.9211888Z               "events_url": "https://api.github.com/users/BtbN/events{/privacy}",
2026-09-15T12:27:08.9212494Z               "followers_url": "https://api.github.com/users/BtbN/followers",
2026-09-15T12:27:08.9213134Z               "following_url": "https://api.github.com/users/BtbN/following{/other_user}",
2026-09-15T12:27:08.9213780Z               "gists_url": "https://api.github.com/users/BtbN/gists{/gist_id}",
2026-09-15T12:27:08.9214243Z               "gravatar_id": "",
2026-09-15T12:27:08.9214764Z               "html_url": "https://github.com/BtbN",
2026-09-15T12:27:08.9215131Z               "id": 294293,
2026-09-15T12:27:08.9215403Z               "login": "BtbN",
2026-09-15T12:27:08.9215742Z               "node_id": "MDQ6VXNlcjI5NDI5Mw==",
2026-09-15T12:27:08.9216257Z               "organizations_url": "https://api.github.com/users/BtbN/orgs",
2026-09-15T12:27:08.9216870Z               "received_events_url": "https://api.github.com/users/BtbN/received_events",
2026-09-15T12:27:08.9217481Z               "repos_url": "https://api.github.com/users/BtbN/repos",
2026-09-15T12:27:08.9218039Z               "site_admin": false,
2026-09-15T12:27:08.9218513Z               "starred_url": "https://api.github.com/users/BtbN/starred{/owner}{/repo}",
2026-09-15T12:27:08.9219184Z               "subscriptions_url": "https://api.github.com/users/BtbN/subscriptions",
2026-09-15T12:27:08.9219700Z               "type": "User",
2026-09-15T12:27:08.9220073Z               "url": "https://api.github.com/users/BtbN",
2026-09-15T12:27:08.9220487Z               "user_view_type": "public"
2026-09-15T12:27:08.9220831Z             },
2026-09-15T12:27:08.9221109Z             "private": false,
2026-09-15T12:27:08.9221463Z             "pull_request_creation_policy": "all",
2026-09-15T12:27:08.9222007Z             "pulls_url": "https://api.github.com/repos/BtbN/FFmpeg-Builds/pulls{/number}",
2026-09-15T12:27:08.9222559Z             "pushed_at": "2026-09-14T13:38:48Z",
2026-09-15T12:27:08.9223081Z             "releases_url": "https://api.github.com/repos/BtbN/FFmpeg-Builds/releases{/id}",
2026-09-15T12:27:08.9223623Z             "size": 1673,
2026-09-15T12:27:08.9224006Z             "ssh_url": "git@github.com:BtbN/FFmpeg-Builds.git",
2026-09-15T12:27:08.9224444Z             "stargazers_count": 11670,
2026-09-15T12:27:08.9224991Z             "stargazers_url": "https://api.github.com/repos/BtbN/FFmpeg-Builds/stargazers",
2026-09-15T12:27:08.9225731Z             "statuses_url": "https://api.github.com/repos/BtbN/FFmpeg-Builds/statuses/{sha}",
2026-09-15T12:27:08.9226477Z             "subscribers_url": "https://api.github.com/repos/BtbN/FFmpeg-Builds/subscribers",
2026-09-15T12:27:08.9227263Z             "subscription_url": "https://api.github.com/repos/BtbN/FFmpeg-Builds/subscription",
2026-09-15T12:27:08.9228006Z             "svn_url": "https://github.com/BtbN/FFmpeg-Builds",
2026-09-15T12:27:08.9228560Z             "tags_url": "https://api.github.com/repos/BtbN/FFmpeg-Builds/tags",
2026-09-15T12:27:08.9229205Z             "teams_url": "https://api.github.com/repos/BtbN/FFmpeg-Builds/teams",
2026-09-15T12:27:08.9229683Z             "topics": [],
2026-09-15T12:27:08.9230151Z             "trees_url": "https://api.github.com/repos/BtbN/FFmpeg-Builds/git/trees{/sha}",
2026-09-15T12:27:08.9230708Z             "updated_at": "2026-09-15T09:28:21Z",
2026-09-15T12:27:08.9231326Z             "url": "https://api.github.com/repos/BtbN/FFmpeg-Builds",
2026-09-15T12:27:08.9231799Z             "visibility": "public",
2026-09-15T12:27:08.9232130Z             "watchers": 11670,
2026-09-15T12:27:08.9232492Z             "watchers_count": 11670,
2026-09-15T12:27:08.9232730Z             "web_commit_signoff_required": false
2026-09-15T12:27:08.9233015Z           },
2026-09-15T12:27:08.9233343Z           "schedule": "0 12 * * *",
2026-09-15T12:27:08.9233682Z           "workflow": ".github/workflows/build.yml"
2026-09-15T12:27:08.9234067Z         },
2026-09-15T12:27:08.9234297Z         "github_job": "build_targets",
2026-09-15T12:27:08.9234599Z         "github_ref": "refs/heads/master",
2026-09-15T12:27:08.9234924Z         "github_ref_name": "master",
2026-09-15T12:27:08.9235236Z         "github_ref_protected": "false",
2026-09-15T12:27:08.9235548Z         "github_ref_type": "branch",
2026-09-15T12:27:08.9235890Z         "github_repository": "BtbN/FFmpeg-Builds",
2026-09-15T12:27:08.9236253Z         "github_repository_id": "292087234",
2026-09-15T12:27:08.9236582Z         "github_repository_owner": "BtbN",
2026-09-15T12:27:08.9237078Z         "github_repository_owner_id": "294293",
2026-09-15T12:27:08.9237420Z         "github_run_attempt": "1",
2026-09-15T12:27:08.9237719Z         "github_run_id": "34967781095",
2026-09-15T12:27:08.9238299Z         "github_run_number": "3118",
2026-09-15T12:27:08.9245574Z         "github_runner_arch": "X64",
2026-09-15T12:27:08.9245958Z         "github_runner_environment": "github-hosted",
2026-09-15T12:27:08.9246339Z         "github_runner_image_os": "ubuntu24",
2026-09-15T12:27:08.9246715Z         "github_runner_image_version": "20260907.300.1",
2026-09-15T12:27:08.9247120Z         "github_runner_name": "GitHub Actions 1000086436",
2026-09-15T12:27:08.9247487Z         "github_runner_os": "Linux",
2026-09-15T12:27:08.9248101Z         "github_runner_tracking_id": "github_715e6ac6-ad2c-42c6-b565-208997b654b7",
2026-09-15T12:27:08.9248630Z         "github_server_url": "https://github.com",
2026-09-15T12:27:08.9249011Z         "github_triggering_actor": "BtbN",
2026-09-15T12:27:08.9249374Z         "github_workflow": "Build FFmpeg",
2026-09-15T12:27:08.9249902Z         "github_workflow_ref": "BtbN/FFmpeg-Builds/.github/workflows/build.yml@refs/heads/master",
2026-09-15T12:27:08.9250559Z         "github_workflow_sha": "3e6685eda92f9288c15ac320139622dcedca09a4",
2026-09-15T12:27:08.9250983Z         "platform": "linux/amd64"
2026-09-15T12:27:08.9251257Z       }
2026-09-15T12:27:08.9251474Z     }
2026-09-15T12:27:08.9251692Z   },
2026-09-15T12:27:08.9252369Z   "buildx.build.ref": "builder-a16d9762-b3a1-43a9-8bdc-6bf3883a455b/builder-a16d9762-b3a1-43a9-8bdc-6bf3883a455b0/0qji22eulwhqydnvj6vxm2h7w",
2026-09-15T12:27:08.9253717Z   "cache.manifest": "{\"mediaType\":\"application/vnd.oci.image.manifest.v1+json\",\"digest\":\"sha256:a7154c3ed1f6c0d65d2f6f682c0febaeb6eecad48e1cf0a899ac6b202138f6c0\",\"size\":98935}",
2026-09-15T12:27:08.9254519Z   "containerimage.config.digest": "sha256:837079bf7755756770924a889681bf1be4bff87b077140baa7964dd95739b33e",
2026-09-15T12:27:08.9254938Z   "containerimage.descriptor": {
2026-09-15T12:27:08.9255232Z     "mediaType": "application/vnd.oci.image.manifest.v1+json",
2026-09-15T12:27:08.9255627Z     "digest": "sha256:2220c90dbe94a51594f90b18ecb1bee13925465af3308c86062ee4510a4dde64",
2026-09-15T12:27:08.9256066Z     "size": 3542,
2026-09-15T12:27:08.9256305Z     "platform": {
2026-09-15T12:27:08.9256565Z       "architecture": "amd64",
2026-09-15T12:27:08.9256836Z       "os": "linux"
2026-09-15T12:27:08.9257074Z     }
2026-09-15T12:27:08.9257320Z   },
2026-09-15T12:27:08.9257774Z   "containerimage.digest": "sha256:2220c90dbe94a51594f90b18ecb1bee13925465af3308c86062ee4510a4dde64",
2026-09-15T12:27:08.9258631Z   "image.name": "ghcr.io/btbn/ffmpeg-builds/win64-lgpl-9.0:latest"
2026-09-15T12:27:08.9259002Z }
2026-09-15T12:27:08.9259822Z ::***::
2026-09-15T12:27:08.9260273Z ##[endgroup]
2026-09-15T12:27:08.9260721Z ##[group]Reference
2026-09-15T12:27:08.9261555Z builder-a16d9762-b3a1-43a9-8bdc-6bf3883a455b/builder-a16d9762-b3a1-43a9-8bdc-6bf3883a455b0/0qji22eulwhqydnvj6vxm2h7w
2026-09-15T12:27:08.9262460Z ##[endgroup]
2026-09-15T12:27:08.9262913Z ##[group]Check build summary support
2026-09-15T12:27:08.9263438Z Build summary supported!
2026-09-15T12:27:08.9263901Z ##[endgroup]
2026-09-15T12:27:08.9367605Z ##[group]Run BtbN/delete-untagged-ghcr-action@main
2026-09-15T12:27:08.9368098Z with:
2026-09-15T12:27:08.9370007Z   token: ***
2026-09-15T12:27:08.9370218Z   package_name: ffmpeg-builds/win64-lgpl-9.0
2026-09-15T12:27:08.9370471Z   repository_owner: BtbN
2026-09-15T12:27:08.9370680Z   repository: BtbN/FFmpeg-Builds
2026-09-15T12:27:08.9370889Z   owner_type: user
2026-09-15T12:27:08.9371073Z   untagged_only: true
2026-09-15T12:27:08.9371274Z   except_untagged_multiplatform: true
2026-09-15T12:27:08.9371497Z   with_sigs: false
2026-09-15T12:27:08.9371674Z   keep_latest: 0
2026-09-15T12:27:08.9371843Z env:
2026-09-15T12:27:08.9372004Z   DOCKER_BUILDKIT: 1
2026-09-15T12:27:08.9372188Z ##[endgroup]
2026-09-15T12:27:08.9427526Z ##[start-action display=Setup Python;id=__BtbN_delete-untagged-ghcr-action.__actions_setup-python]
2026-09-15T12:27:08.9476805Z ##[group]Run actions/setup-python@v6
2026-09-15T12:27:08.9477036Z with:
2026-09-15T12:27:08.9477209Z   python-version: 3.14
2026-09-15T12:27:08.9477439Z   check-latest: false
2026-09-15T12:27:08.9479558Z   token: ***
2026-09-15T12:27:08.9479749Z   update-environment: true
2026-09-15T12:27:08.9479958Z   allow-prereleases: false
2026-09-15T12:27:08.9480153Z   freethreaded: false
2026-09-15T12:27:08.9480331Z env:
2026-09-15T12:27:08.9480489Z   DOCKER_BUILDKIT: 1
2026-09-15T12:27:08.9480672Z ##[endgroup]
2026-09-15T12:27:09.0581713Z ##[group]Installed versions
2026-09-15T12:27:09.0655807Z Successfully set up CPython (3.14.7)
2026-09-15T12:27:09.0656410Z ##[endgroup]
2026-09-15T12:27:09.0742014Z ##[end-action id=__BtbN_delete-untagged-ghcr-action.__actions_setup-python;outcome=success;conclusion=success;duration_ms=131]
2026-09-15T12:27:09.0744300Z ##[start-action display=Install Python dependencies;id=__BtbN_delete-untagged-ghcr-action.__run]
2026-09-15T12:27:09.0758396Z ##[group]Run pip install -r /home/runner/work/_actions/BtbN/delete-untagged-ghcr-action/main/requirements.txt
2026-09-15T12:27:09.0759013Z [36;1mpip install -r /home/runner/work/_actions/BtbN/delete-untagged-ghcr-action/main/requirements.txt[0m
2026-09-15T12:27:09.0819896Z shell: /usr/bin/bash --noprofile --norc -e -o pipefail {0}
2026-09-15T12:27:09.0820191Z env:
2026-09-15T12:27:09.0820364Z   DOCKER_BUILDKIT: 1
2026-09-15T12:27:09.0820610Z   pythonLocation: /opt/hostedtoolcache/Python/3.14.7/x64
2026-09-15T12:27:09.0820966Z   PKG_CONFIG_PATH: /opt/hostedtoolcache/Python/3.14.7/x64/lib/pkgconfig
2026-09-15T12:27:09.0821308Z   Python_ROOT_DIR: /opt/hostedtoolcache/Python/3.14.7/x64
2026-09-15T12:27:09.0821613Z   Python2_ROOT_DIR: /opt/hostedtoolcache/Python/3.14.7/x64
2026-09-15T12:27:09.0821917Z   Python3_ROOT_DIR: /opt/hostedtoolcache/Python/3.14.7/x64
2026-09-15T12:27:09.0822212Z   LD_LIBRARY_PATH: /opt/hostedtoolcache/Python/3.14.7/x64/lib
2026-09-15T12:27:09.0822475Z ##[endgroup]
2026-09-15T12:27:10.0584519Z Collecting requests (from -r /home/runner/work/_actions/BtbN/delete-untagged-ghcr-action/main/requirements.txt (line 1))
2026-09-15T12:27:10.1474685Z   Downloading requests-2.34.2-py3-none-any.whl.metadata (4.8 kB)
2026-09-15T12:27:10.2797419Z Collecting charset_normalizer<4,>=2 (from requests->-r /home/runner/work/_actions/BtbN/delete-untagged-ghcr-action/main/requirements.txt (line 1))
2026-09-15T12:27:10.2986198Z   Downloading charset_normalizer-3.5.1-cp314-cp314-manylinux2014_x86_64.manylinux_2_17_x86_64.manylinux_2_28_x86_64.whl.metadata (45 kB)
2026-09-15T12:27:10.7775440Z Collecting idna<4,>=2.5 (from requests->-r /home/runner/work/_actions/BtbN/delete-untagged-ghcr-action/main/requirements.txt (line 1))
2026-09-15T12:27:10.7970191Z   Downloading idna-3.19-py3-none-any.whl.metadata (9.2 kB)
2026-09-15T12:27:11.0025596Z Collecting urllib3<3,>=1.26 (from requests->-r /home/runner/work/_actions/BtbN/delete-untagged-ghcr-action/main/requirements.txt (line 1))
2026-09-15T12:27:11.0210043Z   Downloading urllib3-2.7.0-py3-none-any.whl.metadata (6.9 kB)
2026-09-15T12:27:11.0496785Z Collecting certifi>=2023.5.7 (from requests->-r /home/runner/work/_actions/BtbN/delete-untagged-ghcr-action/main/requirements.txt (line 1))
2026-09-15T12:27:11.0680071Z   Downloading certifi-2026.7.22-py3-none-any.whl.metadata (2.5 kB)
2026-09-15T12:27:11.0900232Z Downloading requests-2.34.2-py3-none-any.whl (73 kB)
2026-09-15T12:27:11.1167736Z Downloading charset_normalizer-3.5.1-cp314-cp314-manylinux2014_x86_64.manylinux_2_17_x86_64.manylinux_2_28_x86_64.whl (251 kB)
2026-09-15T12:27:11.1710092Z Downloading idna-3.19-py3-none-any.whl (68 kB)
2026-09-15T12:27:11.1920248Z Downloading urllib3-2.7.0-py3-none-any.whl (131 kB)
2026-09-15T12:27:11.2153398Z Downloading certifi-2026.7.22-py3-none-any.whl (136 kB)
2026-09-15T12:27:11.2634417Z Installing collected packages: urllib3, idna, charset_normalizer, certifi, requests
2026-09-15T12:27:11.5128938Z 
2026-09-15T12:27:11.5139140Z Successfully installed certifi-2026.7.22 charset_normalizer-3.5.1 idna-3.19 requests-2.34.2 urllib3-2.7.0
2026-09-15T12:27:11.5694201Z ##[end-action id=__BtbN_delete-untagged-ghcr-action.__run;outcome=success;conclusion=success;duration_ms=2494]
2026-09-15T12:27:11.5696559Z ##[start-action display=Set up Docker Buildx;id=__BtbN_delete-untagged-ghcr-action.__docker_setup-buildx-action]
2026-09-15T12:27:11.5728934Z ##[group]Run docker/setup-buildx-action@v4
2026-09-15T12:27:11.5729179Z with:
2026-09-15T12:27:11.5729358Z   driver: docker-container
2026-09-15T12:27:11.5729557Z   use: true
2026-09-15T12:27:11.5729724Z   keep-state: false
2026-09-15T12:27:11.5729902Z   cache-binary: true
2026-09-15T12:27:11.5730087Z   cleanup: true
2026-09-15T12:27:11.5730256Z env:
2026-09-15T12:27:11.5730414Z   DOCKER_BUILDKIT: 1
2026-09-15T12:27:11.5730651Z   pythonLocation: /opt/hostedtoolcache/Python/3.14.7/x64
2026-09-15T12:27:11.5730998Z   PKG_CONFIG_PATH: /opt/hostedtoolcache/Python/3.14.7/x64/lib/pkgconfig
2026-09-15T12:27:11.5731335Z   Python_ROOT_DIR: /opt/hostedtoolcache/Python/3.14.7/x64
2026-09-15T12:27:11.5731662Z   Python2_ROOT_DIR: /opt/hostedtoolcache/Python/3.14.7/x64
2026-09-15T12:27:11.5731971Z   Python3_ROOT_DIR: /opt/hostedtoolcache/Python/3.14.7/x64
2026-09-15T12:27:11.5732277Z   LD_LIBRARY_PATH: /opt/hostedtoolcache/Python/3.14.7/x64/lib
2026-09-15T12:27:11.5732537Z ##[endgroup]
2026-09-15T12:27:11.7242691Z ##[group]Docker info
2026-09-15T12:27:11.7260311Z [command]/usr/bin/docker version
2026-09-15T12:27:11.7426375Z Client: Docker Engine - Community
2026-09-15T12:27:11.7429070Z  Version:           28.0.4
2026-09-15T12:27:11.7429527Z  API version:       1.48
2026-09-15T12:27:11.7429834Z  Go version:        go1.23.7
2026-09-15T12:27:11.7430139Z  Git commit:        b8034c0
2026-09-15T12:27:11.7430447Z  Built:             Tue Mar 25 15:07:16 2025
2026-09-15T12:27:11.7430786Z  OS/Arch:           linux/amd64
2026-09-15T12:27:11.7431065Z  Context:           default
2026-09-15T12:27:11.7431249Z 
2026-09-15T12:27:11.7431372Z Server: Docker Engine - Community
2026-09-15T12:27:11.7431713Z  Engine:
2026-09-15T12:27:11.7431934Z   Version:          28.0.4
2026-09-15T12:27:11.7432235Z   API version:      1.48 (minimum version 1.24)
2026-09-15T12:27:11.7432593Z   Go version:       go1.23.7
2026-09-15T12:27:11.7432876Z   Git commit:       6430e49
2026-09-15T12:27:11.7433180Z   Built:            Tue Mar 25 15:07:16 2025
2026-09-15T12:27:11.7433522Z   OS/Arch:          linux/amd64
2026-09-15T12:27:11.7433820Z   Experimental:     false
2026-09-15T12:27:11.7434114Z  containerd:
2026-09-15T12:27:11.7434368Z   Version:          v2.3.4
2026-09-15T12:27:11.7434728Z   GitCommit:        db8809540e1a7a9da5d518876894933ff55692ab
2026-09-15T12:27:11.7435118Z  runc:
2026-09-15T12:27:11.7435352Z   Version:          1.5.1
2026-09-15T12:27:11.7435630Z   GitCommit:        v1.5.1-0-g8f2685a4
2026-09-15T12:27:11.7436081Z  docker-init:
2026-09-15T12:27:11.7436349Z   Version:          0.19.0
2026-09-15T12:27:11.7436638Z   GitCommit:        de40ad0
2026-09-15T12:27:11.7468442Z [command]/usr/bin/docker info
2026-09-15T12:27:11.7890812Z Client: Docker Engine - Community
2026-09-15T12:27:11.7891237Z  Version:    28.0.4
2026-09-15T12:27:11.7891442Z  Context:    default
2026-09-15T12:27:11.7892003Z  Debug Mode: false
2026-09-15T12:27:11.7892188Z  Plugins:
2026-09-15T12:27:11.7892386Z   buildx: Docker Buildx (Docker Inc.)
2026-09-15T12:27:11.7892617Z     Version:  v0.37.0
2026-09-15T12:27:11.7892863Z     Path:     /usr/libexec/docker/cli-plugins/docker-buildx
2026-09-15T12:27:11.7893151Z   compose: Docker Compose (Docker Inc.)
2026-09-15T12:27:11.7893374Z     Version:  v2.38.2
2026-09-15T12:27:11.7893615Z     Path:     /usr/libexec/docker/cli-plugins/docker-compose
2026-09-15T12:27:11.7893804Z 
2026-09-15T12:27:11.7893879Z Server:
2026-09-15T12:27:11.7894040Z  Containers: 1
2026-09-15T12:27:11.7894215Z   Running: 1
2026-09-15T12:27:11.7894375Z   Paused: 0
2026-09-15T12:27:11.7894535Z   Stopped: 0
2026-09-15T12:27:11.7894699Z  Images: 2
2026-09-15T12:27:11.7894865Z  Server Version: 28.0.4
2026-09-15T12:27:11.7895234Z  Storage Driver: overlay2
2026-09-15T12:27:11.7895440Z   Backing Filesystem: extfs
2026-09-15T12:27:11.7895638Z   Supports d_type: true
2026-09-15T12:27:11.7895826Z   Using metacopy: false
2026-09-15T12:27:11.7896015Z   Native Overlay Diff: false
2026-09-15T12:27:11.7896209Z   userxattr: false
2026-09-15T12:27:11.7896391Z  Logging Driver: json-file
2026-09-15T12:27:11.7896589Z  Cgroup Driver: systemd
2026-09-15T12:27:11.7896768Z  Cgroup Version: 2
2026-09-15T12:27:11.7896937Z  Plugins:
2026-09-15T12:27:11.7897091Z   Volume: local
2026-09-15T12:27:11.7897288Z   Network: bridge host ipvlan macvlan null overlay
2026-09-15T12:27:11.7897622Z   Log: awslogs fluentd gcplogs gelf journald json-file local splunk syslog
2026-09-15T12:27:11.7898228Z  Swarm: inactive
2026-09-15T12:27:11.7898417Z  Runtimes: io.containerd.runc.v2 runc
2026-09-15T12:27:11.7898644Z  Default Runtime: runc
2026-09-15T12:27:11.7898835Z  Init Binary: docker-init
2026-09-15T12:27:11.7899080Z  containerd version: db8809540e1a7a9da5d518876894933ff55692ab
2026-09-15T12:27:11.7899368Z  runc version: v1.5.1-0-g8f2685a4
2026-09-15T12:27:11.7899582Z  init version: de40ad0
2026-09-15T12:27:11.7899763Z  Security Options:
2026-09-15T12:27:11.7899935Z   apparmor
2026-09-15T12:27:11.7900095Z   seccomp
2026-09-15T12:27:11.7900268Z    Profile: builtin
2026-09-15T12:27:11.7900436Z   cgroupns
2026-09-15T12:27:11.7900603Z  Kernel Version: 6.17.0-1022-azure
2026-09-15T12:27:11.7900856Z  Operating System: Ubuntu 24.04.5 LTS
2026-09-15T12:27:11.7901074Z  OSType: linux
2026-09-15T12:27:11.7901247Z  Architecture: x86_64
2026-09-15T12:27:11.7901429Z  CPUs: 4
2026-09-15T12:27:11.7901590Z  Total Memory: 15.61GiB
2026-09-15T12:27:11.7901775Z  Name: runnervmlun5p
2026-09-15T12:27:11.7902013Z  ID: a4efb8b6-20f9-46f4-b827-91ac0547be3a
2026-09-15T12:27:11.7902250Z  Docker Root Dir: /var/lib/docker
2026-09-15T12:27:11.7913197Z  Debug Mode: false
2026-09-15T12:27:11.7913512Z  Username: githubactions
2026-09-15T12:27:11.7913804Z  Experimental: false
2026-09-15T12:27:11.7914069Z  Insecure Registries:
2026-09-15T12:27:11.7914345Z   ::1/128
2026-09-15T12:27:11.7914552Z   127.0.0.0/8
2026-09-15T12:27:11.7914792Z  Live Restore Enabled: false
2026-09-15T12:27:11.7914984Z 
2026-09-15T12:27:11.7915361Z ##[endgroup]
2026-09-15T12:27:11.8341916Z ##[group]Buildx version
2026-09-15T12:27:11.8362646Z [command]/usr/bin/docker buildx version
2026-09-15T12:27:11.8738965Z github.com/docker/buildx v0.37.0 ac30b249211430b85fb8f37b6e7154b5c47ba0b6
2026-09-15T12:27:11.8764052Z ##[endgroup]
2026-09-15T12:27:11.8902792Z ##[group]Inspecting default docker context
2026-09-15T12:27:11.9029724Z [
2026-09-15T12:27:11.9030031Z   {
2026-09-15T12:27:11.9030290Z     "Name": "default",
2026-09-15T12:27:11.9030534Z     "Metadata": {},
2026-09-15T12:27:11.9030727Z     "Endpoints": {
2026-09-15T12:27:11.9030975Z       "docker": {
2026-09-15T12:27:11.9031239Z         "Host": "unix:///var/run/docker.sock",
2026-09-15T12:27:11.9031517Z         "SkipTLSVerify": false
2026-09-15T12:27:11.9031767Z       }
2026-09-15T12:27:11.9032013Z     },
2026-09-15T12:27:11.9032179Z     "TLSMaterial": {},
2026-09-15T12:27:11.9032417Z     "Storage": {
2026-09-15T12:27:11.9032924Z       "MetadataPath": "<IN MEMORY>",
2026-09-15T12:27:11.9033221Z       "TLSPath": "<IN MEMORY>"
2026-09-15T12:27:11.9033419Z     }
2026-09-15T12:27:11.9033648Z   }
2026-09-15T12:27:11.9033810Z ]
2026-09-15T12:27:11.9034277Z ##[endgroup]
2026-09-15T12:27:11.9457657Z ##[group]Pulling BuildKit image(s)
2026-09-15T12:27:11.9479104Z [command]/usr/bin/docker pull moby/buildkit:buildx-stable-1
2026-09-15T12:27:12.4595687Z buildx-stable-1: Pulling from moby/buildkit
2026-09-15T12:27:12.4652867Z Digest: sha256:28a898719c18a33f4e8000685287fa36fd0dd9560c6440227d3a732d79bb41d8
2026-09-15T12:27:12.4653529Z Status: Image is up to date for moby/buildkit:buildx-stable-1
2026-09-15T12:27:12.4658862Z docker.io/moby/buildkit:buildx-stable-1
2026-09-15T12:27:12.4676904Z ##[endgroup]
2026-09-15T12:27:12.4677378Z ##[group]Creating a new builder instance
2026-09-15T12:27:12.5137549Z [command]/usr/bin/docker buildx create --name builder-922ff4b3-bf46-4351-a04a-ec1bb3f812c9 --driver docker-container --buildkitd-flags --allow-insecure-entitlement security.insecure --allow-insecure-entitlement network.host --use
2026-09-15T12:27:12.5547190Z builder-922ff4b3-bf46-4351-a04a-ec1bb3f812c9
2026-09-15T12:27:12.5576713Z ##[endgroup]
2026-09-15T12:27:12.5577190Z ##[group]Booting builder
2026-09-15T12:27:12.5602088Z [command]/usr/bin/docker buildx inspect --bootstrap --builder builder-922ff4b3-bf46-4351-a04a-ec1bb3f812c9
2026-09-15T12:27:12.5985719Z #1 [internal] booting buildkit
2026-09-15T12:27:12.7490455Z #1 pulling image moby/buildkit:buildx-stable-1
2026-09-15T12:27:13.0954620Z #1 pulling image moby/buildkit:buildx-stable-1 0.5s done
2026-09-15T12:27:13.2464066Z #1 creating container buildx_buildkit_builder-922ff4b3-bf46-4351-a04a-ec1bb3f812c90
2026-09-15T12:27:19.2702501Z #1 creating container buildx_buildkit_builder-922ff4b3-bf46-4351-a04a-ec1bb3f812c90 6.2s done
2026-09-15T12:27:19.2931994Z #1 DONE 6.7s
2026-09-15T12:27:19.3250670Z Name:          builder-922ff4b3-bf46-4351-a04a-ec1bb3f812c9
2026-09-15T12:27:19.3251164Z Driver:        docker-container
2026-09-15T12:27:19.3251547Z Last Activity: 2026-09-15 12:27:12 +0000 UTC
2026-09-15T12:27:19.3251794Z 
2026-09-15T12:27:19.3251886Z Nodes:
2026-09-15T12:27:19.3252242Z Name:                  builder-922ff4b3-bf46-4351-a04a-ec1bb3f812c90
2026-09-15T12:27:19.3252711Z Endpoint:              unix:///var/run/docker.sock
2026-09-15T12:27:19.3253096Z Status:                running
2026-09-15T12:27:19.3253749Z BuildKit daemon flags: --allow-insecure-entitlement security.insecure --allow-insecure-entitlement network.host
2026-09-15T12:27:19.3254937Z BuildKit version:      v0.32.2
2026-09-15T12:27:19.3255425Z Platforms:             linux/amd64, linux/amd64/v2, linux/amd64/v3, linux/amd64/v4, linux/386
2026-09-15T12:27:19.3255906Z Labels:
2026-09-15T12:27:19.3256204Z  org.mobyproject.buildkit.worker.executor:         oci
2026-09-15T12:27:19.3256671Z  org.mobyproject.buildkit.worker.hostname:         49b9ee6e69d6
2026-09-15T12:27:19.3257180Z  org.mobyproject.buildkit.worker.network:          host
2026-09-15T12:27:19.3257670Z  org.mobyproject.buildkit.worker.oci.process-mode: sandbox
2026-09-15T12:27:19.3258387Z  org.mobyproject.buildkit.worker.selinux.enabled:  false
2026-09-15T12:27:19.3258928Z  org.mobyproject.buildkit.worker.snapshotter:      overlayfs
2026-09-15T12:27:19.3259359Z GC Policy rule#0:
2026-09-15T12:27:19.3259605Z  All:            false
2026-09-15T12:27:19.3260020Z  Filters:        type==source.local type==exec.cachemount type==source.git.checkout
2026-09-15T12:27:19.3260480Z  Keep Duration:  48h0m0s
2026-09-15T12:27:19.3260756Z  Max Used Space: 488.3MiB
2026-09-15T12:27:19.3261025Z GC Policy rule#1:
2026-09-15T12:27:19.3261264Z  All:            false
2026-09-15T12:27:19.3261519Z  Keep Duration:  1440h0m0s
2026-09-15T12:27:19.3261806Z  Reserved Space: 9.313GiB
2026-09-15T12:27:19.3262062Z  Max Used Space: 93.13GiB
2026-09-15T12:27:19.3262361Z  Min Free Space: 27.01GiB
2026-09-15T12:27:19.3262614Z GC Policy rule#2:
2026-09-15T12:27:19.3262850Z  All:            false
2026-09-15T12:27:19.3263130Z  Reserved Space: 9.313GiB
2026-09-15T12:27:19.3263760Z  Max Used Space: 93.13GiB
2026-09-15T12:27:19.3264055Z  Min Free Space: 27.01GiB
2026-09-15T12:27:19.3264334Z GC Policy rule#3:
2026-09-15T12:27:19.3264583Z  All:            true
2026-09-15T12:27:19.3264849Z  Reserved Space: 9.313GiB
2026-09-15T12:27:19.3265132Z  Max Used Space: 93.13GiB
2026-09-15T12:27:19.3265408Z  Min Free Space: 27.01GiB
2026-09-15T12:27:19.3302249Z ##[endgroup]
2026-09-15T12:27:19.4021361Z ##[group]Inspect builder
2026-09-15T12:27:19.4023593Z {
2026-09-15T12:27:19.4023857Z   "nodes": [
2026-09-15T12:27:19.4024099Z     {
2026-09-15T12:27:19.4024466Z       "name": "builder-922ff4b3-bf46-4351-a04a-ec1bb3f812c90",
2026-09-15T12:27:19.4024947Z       "endpoint": "unix:///var/run/docker.sock",
2026-09-15T12:27:19.4025330Z       "status": "running",
2026-09-15T12:27:19.4025984Z       "buildkitd-flags": "--allow-insecure-entitlement security.insecure --allow-insecure-entitlement network.host",
2026-09-15T12:27:19.4026991Z       "buildkit": "v0.32.2",
2026-09-15T12:27:19.4027491Z       "platforms": "linux/amd64,linux/amd64/v2,linux/amd64/v3,linux/amd64/v4,linux/386",
2026-09-15T12:27:19.4032030Z       "features": {
2026-09-15T12:27:19.4032509Z         "Automatically load images to the Docker Engine image store": true,
2026-09-15T12:27:19.4033039Z         "Cache export": true,
2026-09-15T12:27:19.4033360Z         "Direct push": true,
2026-09-15T12:27:19.4033675Z         "Docker exporter": true,
2026-09-15T12:27:19.4034006Z         "Multi-platform build": true,
2026-09-15T12:27:19.4034373Z         "OCI exporter": true
2026-09-15T12:27:19.4034667Z       },
2026-09-15T12:27:19.4034897Z       "labels": {
2026-09-15T12:27:19.4035244Z         "org.mobyproject.buildkit.worker.executor": "oci",
2026-09-15T12:27:19.4035804Z         "org.mobyproject.buildkit.worker.hostname": "49b9ee6e69d6",
2026-09-15T12:27:19.4036300Z         "org.mobyproject.buildkit.worker.network": "host",
2026-09-15T12:27:19.4036723Z         "org.mobyproject.buildkit.worker.oci.process-mode": "sandbox",
2026-09-15T12:27:19.4037116Z         "org.mobyproject.buildkit.worker.selinux.enabled": "false",
2026-09-15T12:27:19.4037473Z         "org.mobyproject.buildkit.worker.snapshotter": "overlayfs"
2026-09-15T12:27:19.4037786Z       },
2026-09-15T12:27:19.4038164Z       "gcPolicy": [
2026-09-15T12:27:19.4038362Z         {
2026-09-15T12:27:19.4038553Z           "all": false,
2026-09-15T12:27:19.4038742Z           "filter": [
2026-09-15T12:27:19.4039052Z             "type==source.local type==exec.cachemount type==source.git.checkout"
2026-09-15T12:27:19.4039379Z           ],
2026-09-15T12:27:19.4039561Z           "keepDuration": "48h0m0s",
2026-09-15T12:27:19.4039804Z           "maxUsedSpace": "488.3MiB"
2026-09-15T12:27:19.4040006Z         },
2026-09-15T12:27:19.4040175Z         {
2026-09-15T12:27:19.4040351Z           "all": false,
2026-09-15T12:27:19.4040563Z           "keepDuration": "1440h0m0s",
2026-09-15T12:27:19.4040800Z           "reservedSpace": "9.313GiB",
2026-09-15T12:27:19.4041057Z           "maxUsedSpace": "93.13GiB",
2026-09-15T12:27:19.4041296Z           "minFreeSpace": "27.01GiB"
2026-09-15T12:27:19.4041497Z         },
2026-09-15T12:27:19.4041650Z         {
2026-09-15T12:27:19.4041802Z           "all": false,
2026-09-15T12:27:19.4041980Z           "reservedSpace": "9.313GiB",
2026-09-15T12:27:19.4042214Z           "maxUsedSpace": "93.13GiB",
2026-09-15T12:27:19.4042426Z           "minFreeSpace": "27.01GiB"
2026-09-15T12:27:19.4042623Z         },
2026-09-15T12:27:19.4042771Z         {
2026-09-15T12:27:19.4042924Z           "all": true,
2026-09-15T12:27:19.4043130Z           "reservedSpace": "9.313GiB",
2026-09-15T12:27:19.4043388Z           "maxUsedSpace": "93.13GiB",
2026-09-15T12:27:19.4043657Z           "minFreeSpace": "27.01GiB"
2026-09-15T12:27:19.4043877Z         }
2026-09-15T12:27:19.4044045Z       ]
2026-09-15T12:27:19.4044212Z     }
2026-09-15T12:27:19.4044387Z   ],
2026-09-15T12:27:19.4044623Z   "name": "builder-922ff4b3-bf46-4351-a04a-ec1bb3f812c9",
2026-09-15T12:27:19.4044918Z   "driver": "docker-container",
2026-09-15T12:27:19.4045336Z   "lastActivity": "2026-09-15T12:27:12.000Z"
2026-09-15T12:27:19.4045581Z }
2026-09-15T12:27:19.4045937Z ##[endgroup]
2026-09-15T12:27:19.4046439Z ##[group]BuildKit version
2026-09-15T12:27:19.4046852Z builder-922ff4b3-bf46-4351-a04a-ec1bb3f812c90: v0.32.2
2026-09-15T12:27:19.4047404Z ##[endgroup]
2026-09-15T12:27:19.4123191Z ##[end-action id=__BtbN_delete-untagged-ghcr-action.__docker_setup-buildx-action;outcome=success;conclusion=success;duration_ms=7842]
2026-09-15T12:27:19.4125538Z ##[start-action display=Login to GitHub Container Registry with PAT_TOKEN;id=__BtbN_delete-untagged-ghcr-action.__docker_login-action]
2026-09-15T12:27:19.4150936Z ##[group]Run docker/login-action@v4
2026-09-15T12:27:19.4151162Z with:
2026-09-15T12:27:19.4151329Z   registry: ghcr.io
2026-09-15T12:27:19.4151510Z   username: BtbN
2026-09-15T12:27:19.4153567Z   password: ***
2026-09-15T12:27:19.4153761Z   logout: true
2026-09-15T12:27:19.4153939Z env:
2026-09-15T12:27:19.4154107Z   DOCKER_BUILDKIT: 1
2026-09-15T12:27:19.4154361Z   pythonLocation: /opt/hostedtoolcache/Python/3.14.7/x64
2026-09-15T12:27:19.4154718Z   PKG_CONFIG_PATH: /opt/hostedtoolcache/Python/3.14.7/x64/lib/pkgconfig
2026-09-15T12:27:19.4155062Z   Python_ROOT_DIR: /opt/hostedtoolcache/Python/3.14.7/x64
2026-09-15T12:27:19.4155376Z   Python2_ROOT_DIR: /opt/hostedtoolcache/Python/3.14.7/x64
2026-09-15T12:27:19.4155674Z   Python3_ROOT_DIR: /opt/hostedtoolcache/Python/3.14.7/x64
2026-09-15T12:27:19.4155980Z   LD_LIBRARY_PATH: /opt/hostedtoolcache/Python/3.14.7/x64/lib
2026-09-15T12:27:19.4156253Z ##[endgroup]
2026-09-15T12:27:19.5827418Z Logging into ghcr.io...
2026-09-15T12:27:20.1230261Z Login Succeeded!
2026-09-15T12:27:20.1324266Z ##[end-action id=__BtbN_delete-untagged-ghcr-action.__docker_login-action;outcome=success;conclusion=success;duration_ms=719]
2026-09-15T12:27:20.1326619Z ##[start-action display=Run action;id=__BtbN_delete-untagged-ghcr-action.delete-untagged-ghcr-action]
2026-09-15T12:27:20.1344872Z ##[group]Run args=( "--token" "***" )
2026-09-15T12:27:20.1346889Z [36;1margs=( "--token" "***" )[0m
2026-09-15T12:27:20.1347171Z [36;1margs+=( "--repository_owner" "BtbN" )[0m
2026-09-15T12:27:20.1347451Z [36;1mif [[ -n "BtbN/FFmpeg-Builds" ]]; then[0m
2026-09-15T12:27:20.1347727Z [36;1m  args+=( "--repository" "BtbN/FFmpeg-Builds" )[0m
2026-09-15T12:27:20.1348313Z [36;1mfi[0m
2026-09-15T12:27:20.1348559Z [36;1mif [[ -n "ffmpeg-builds/win64-lgpl-9.0" ]]; then[0m
2026-09-15T12:27:20.1348884Z [36;1m  args+=( "--package_names" "ffmpeg-builds/win64-lgpl-9.0" )[0m
2026-09-15T12:27:20.1349161Z [36;1mfi[0m
2026-09-15T12:27:20.1349345Z [36;1margs+=( "--untagged_only" "true" )[0m
2026-09-15T12:27:20.1349632Z [36;1margs+=( "--except_untagged_multiplatform" "true" )[0m
2026-09-15T12:27:20.1349904Z [36;1margs+=( "--with_sigs" "false")[0m
2026-09-15T12:27:20.1350145Z [36;1margs+=( "--owner_type" "user" )[0m
2026-09-15T12:27:20.1350375Z [36;1mecho "args: ${args[@]}"[0m
2026-09-15T12:27:20.1350771Z [36;1mpython /home/runner/work/_actions/BtbN/delete-untagged-ghcr-action/main/clean_ghcr.py "${args[@]}"[0m
2026-09-15T12:27:20.1381972Z shell: /usr/bin/bash --noprofile --norc -e -o pipefail {0}
2026-09-15T12:27:20.1382256Z env:
2026-09-15T12:27:20.1382425Z   DOCKER_BUILDKIT: 1
2026-09-15T12:27:20.1382671Z   pythonLocation: /opt/hostedtoolcache/Python/3.14.7/x64
2026-09-15T12:27:20.1383028Z   PKG_CONFIG_PATH: /opt/hostedtoolcache/Python/3.14.7/x64/lib/pkgconfig
2026-09-15T12:27:20.1383360Z   Python_ROOT_DIR: /opt/hostedtoolcache/Python/3.14.7/x64
2026-09-15T12:27:20.1383668Z   Python2_ROOT_DIR: /opt/hostedtoolcache/Python/3.14.7/x64
2026-09-15T12:27:20.1383974Z   Python3_ROOT_DIR: /opt/hostedtoolcache/Python/3.14.7/x64
2026-09-15T12:27:20.1384276Z   LD_LIBRARY_PATH: /opt/hostedtoolcache/Python/3.14.7/x64/lib
2026-09-15T12:27:20.1384554Z ##[endgroup]
2026-09-15T12:27:20.1438656Z args: --token *** --repository_owner BtbN --repository BtbN/FFmpeg-Builds --package_names ffmpeg-builds/win64-lgpl-9.0 --untagged_only true --except_untagged_multiplatform true --with_sigs false --owner_type user
2026-09-15T12:27:20.8720091Z WARNING! Using --password via the CLI is insecure. Use --password-stdin.
2026-09-15T12:27:21.3850333Z 
2026-09-15T12:27:21.3851088Z WARNING! Your credentials are stored unencrypted in '/home/runner/.docker/config.json'.
2026-09-15T12:27:21.3851783Z Configure a credential helper to remove this warning. See
2026-09-15T12:27:21.3852120Z https://docs.docker.com/go/credential-store/
2026-09-15T12:27:21.3852301Z 
2026-09-15T12:27:21.3852384Z Login Succeeded
2026-09-15T12:27:23.7767256Z Deleted https://api.github.com/users/BtbN/packages/container/ffmpeg-builds%2Fwin64-lgpl-9.0/versions/1246476694
2026-09-15T12:27:23.7768009Z Deleted 1 package
2026-09-15T12:27:23.7985030Z ##[end-action id=__BtbN_delete-untagged-ghcr-action.delete-untagged-ghcr-action;outcome=success;conclusion=success;duration_ms=3665]
2026-09-15T12:27:23.8084296Z Post job cleanup.
2026-09-15T12:27:23.8088489Z ##[start-action display=Login to GitHub Container Registry with PAT_TOKEN;id=__6768742c-bb36-49f9-8075-eb80b9a2284c.__docker_login-action]
2026-09-15T12:27:23.8110391Z Post job cleanup.
2026-09-15T12:27:23.9788999Z ##[group]Logout from ghcr.io
2026-09-15T12:27:23.9819890Z [command]/usr/bin/docker logout ghcr.io
2026-09-15T12:27:23.9928333Z Removing login credentials for ghcr.io
2026-09-15T12:27:23.9949044Z ##[endgroup]
2026-09-15T12:27:23.9949527Z ##[group]Post cache
2026-09-15T12:27:23.9949807Z State not set
2026-09-15T12:27:23.9950238Z ##[endgroup]
2026-09-15T12:27:24.0065999Z ##[end-action id=__6768742c-bb36-49f9-8075-eb80b9a2284c.__docker_login-action;outcome=success;conclusion=success;duration_ms=197]
2026-09-15T12:27:24.0069285Z ##[start-action display=Set up Docker Buildx;id=__6768742c-bb36-49f9-8075-eb80b9a2284c.__docker_setup-buildx-action]
2026-09-15T12:27:24.0110997Z Post job cleanup.
2026-09-15T12:27:24.1586737Z ##[group]Removing builder
2026-09-15T12:27:24.2389270Z [command]/usr/bin/docker buildx rm builder-922ff4b3-bf46-4351-a04a-ec1bb3f812c9
2026-09-15T12:27:24.4170829Z builder-922ff4b3-bf46-4351-a04a-ec1bb3f812c9 removed
2026-09-15T12:27:24.4200544Z ##[endgroup]
2026-09-15T12:27:24.4201350Z ##[group]Cleaning up certificates
2026-09-15T12:27:24.4205875Z ##[endgroup]
2026-09-15T12:27:24.4206351Z ##[group]Post cache
2026-09-15T12:27:24.4207300Z State not set
2026-09-15T12:27:24.4207727Z ##[endgroup]
2026-09-15T12:27:24.4289868Z ##[end-action id=__6768742c-bb36-49f9-8075-eb80b9a2284c.__docker_setup-buildx-action;outcome=success;conclusion=success;duration_ms=421]
2026-09-15T12:27:24.4292178Z ##[start-action display=Setup Python;id=__6768742c-bb36-49f9-8075-eb80b9a2284c.__actions_setup-python]
2026-09-15T12:27:24.4326311Z Post job cleanup.
2026-09-15T12:27:24.5399518Z ##[end-action id=__6768742c-bb36-49f9-8075-eb80b9a2284c.__actions_setup-python;outcome=success;conclusion=success;duration_ms=110]
2026-09-15T12:27:24.5456794Z Post job cleanup.
2026-09-15T12:27:24.7422906Z ##[group]Generating build summary
2026-09-15T12:27:24.7915284Z exporting build record to /home/runner/work/_temp/docker-actions-toolkit-nXl3B2/export
2026-09-15T12:27:24.9137247Z [command]/usr/bin/docker buildx history export --builder builder-a16d9762-b3a1-43a9-8bdc-6bf3883a455b --output /home/runner/work/_temp/docker-actions-toolkit-nXl3B2/export/BtbN~FFmpeg-Builds~0QJI22.dockerbuild 0qji22eulwhqydnvj6vxm2h7w --finalize
2026-09-15T12:27:25.4326386Z Build record written to /home/runner/work/_temp/docker-actions-toolkit-nXl3B2/export/BtbN~FFmpeg-Builds~0QJI22.dockerbuild (263.96 KB)
2026-09-15T12:27:25.4327594Z Uploading BtbN~FFmpeg-Builds~0QJI22.dockerbuild as an artifact
2026-09-15T12:27:25.4333313Z Artifact name is valid!
2026-09-15T12:27:25.4335202Z Root directory input is valid!
2026-09-15T12:27:25.7449570Z Uploading artifact: BtbN~FFmpeg-Builds~0QJI22.dockerbuild
2026-09-15T12:27:25.7490028Z Beginning upload of artifact content to blob storage
2026-09-15T12:27:26.1532205Z Uploaded bytes 270297
2026-09-15T12:27:26.2090123Z Finished uploading artifact content to blob storage!
2026-09-15T12:27:26.2090781Z SHA256 digest of uploaded artifact is 8184cab7f622c48287d58d0ffc20d63672c59dfe6900b009e244e590f17a7c93
2026-09-15T12:27:26.2091413Z Finalizing artifact upload
2026-09-15T12:27:26.5570600Z Artifact BtbN~FFmpeg-Builds~0QJI22.dockerbuild successfully finalized. Artifact ID 10396726255
2026-09-15T12:27:26.5571520Z Artifact download URL: https://github.com/BtbN/FFmpeg-Builds/actions/runs/34967781095/artifacts/10396726255
2026-09-15T12:27:26.5596391Z Writing summary
2026-09-15T12:27:26.5606541Z ##[endgroup]
2026-09-15T12:27:26.5607204Z ##[group]Removing temp folder /home/runner/work/_temp/docker-actions-toolkit-IQsxSb
2026-09-15T12:27:26.5611243Z ##[endgroup]
2026-09-15T12:27:26.5611750Z ##[group]Post cache
2026-09-15T12:27:26.5612073Z State not set
2026-09-15T12:27:26.5612529Z ##[endgroup]
2026-09-15T12:27:26.5741884Z Post job cleanup.
2026-09-15T12:27:26.7410393Z ##[group]Logout from ghcr.io
2026-09-15T12:27:26.7440762Z [command]/usr/bin/docker logout ghcr.io
2026-09-15T12:27:26.7545527Z Removing login credentials for ghcr.io
2026-09-15T12:27:26.7568759Z ##[endgroup]
2026-09-15T12:27:26.7569251Z ##[group]Post cache
2026-09-15T12:27:26.7569888Z State not set
2026-09-15T12:27:26.7570317Z ##[endgroup]
2026-09-15T12:27:26.7701689Z Post job cleanup.
2026-09-15T12:27:26.9113325Z ##[group]Removing builder
2026-09-15T12:27:26.9854751Z [command]/usr/bin/docker buildx rm builder-a16d9762-b3a1-43a9-8bdc-6bf3883a455b
2026-09-15T12:27:30.5728119Z builder-a16d9762-b3a1-43a9-8bdc-6bf3883a455b removed
2026-09-15T12:27:30.5761198Z ##[endgroup]
2026-09-15T12:27:30.5761744Z ##[group]Post cache
2026-09-15T12:27:30.5763402Z State not set
2026-09-15T12:27:30.5763844Z ##[endgroup]
2026-09-15T12:27:30.5917647Z Post job cleanup.
2026-09-15T12:27:30.6617348Z [command]/usr/bin/git version
2026-09-15T12:27:30.6649989Z git version 2.55.0
2026-09-15T12:27:30.6684770Z Temporarily overriding HOME='/home/runner/work/_temp/3aad37ed-bfbc-4ba7-8239-a30eb3f572b3' before making global git config changes
2026-09-15T12:27:30.6685769Z Adding repository directory to the temporary git global config as a safe directory
2026-09-15T12:27:30.6689059Z [command]/usr/bin/git config --global --add safe.directory /home/runner/work/FFmpeg-Builds/FFmpeg-Builds
2026-09-15T12:27:30.6716509Z Removing SSH command configuration
2026-09-15T12:27:30.6721697Z [command]/usr/bin/git config --local --name-only --get-regexp core\.sshCommand
2026-09-15T12:27:30.6751795Z [command]/usr/bin/git submodule foreach --recursive sh -c "git config --local --name-only --get-regexp 'core\.sshCommand' && git config --local --unset-all 'core.sshCommand' || :"
2026-09-15T12:27:30.6959815Z Removing HTTP extra header
2026-09-15T12:27:30.6964048Z [command]/usr/bin/git config --local --name-only --get-regexp http\.https\:\/\/github\.com\/\.extraheader
2026-09-15T12:27:30.6991678Z [command]/usr/bin/git submodule foreach --recursive sh -c "git config --local --name-only --get-regexp 'http\.https\:\/\/github\.com\/\.extraheader' && git config --local --unset-all 'http.https://github.com/.extraheader' || :"
2026-09-15T12:27:30.7180810Z Removing includeIf entries pointing to credentials config files
2026-09-15T12:27:30.7185530Z [command]/usr/bin/git config --local --name-only --get-regexp ^includeIf\.gitdir:
2026-09-15T12:27:30.7208043Z includeif.gitdir:/home/runner/work/FFmpeg-Builds/FFmpeg-Builds/.git.path
2026-09-15T12:27:30.7208617Z includeif.gitdir:/home/runner/work/FFmpeg-Builds/FFmpeg-Builds/.git/worktrees/*.path
2026-09-15T12:27:30.7209057Z includeif.gitdir:/github/workspace/.git.path
2026-09-15T12:27:30.7209407Z includeif.gitdir:/github/workspace/.git/worktrees/*.path
2026-09-15T12:27:30.7214518Z [command]/usr/bin/git config --local --get-all includeif.gitdir:/home/runner/work/FFmpeg-Builds/FFmpeg-Builds/.git.path
2026-09-15T12:27:30.7232323Z /home/runner/work/_temp/git-credentials-9fe6ce14-41ab-4cac-814b-f43dfca4e499.config
2026-09-15T12:27:30.7239985Z [command]/usr/bin/git config --local --unset includeif.gitdir:/home/runner/work/FFmpeg-Builds/FFmpeg-Builds/.git.path \/home\/runner\/work\/_temp\/git\-credentials\-9fe6ce14\-41ab\-4cac\-814b\-f43dfca4e499\.config
2026-09-15T12:27:30.7267265Z [command]/usr/bin/git config --local --get-all includeif.gitdir:/home/runner/work/FFmpeg-Builds/FFmpeg-Builds/.git/worktrees/*.path
2026-09-15T12:27:30.7285779Z /home/runner/work/_temp/git-credentials-9fe6ce14-41ab-4cac-814b-f43dfca4e499.config
2026-09-15T12:27:30.7299274Z [command]/usr/bin/git config --local --unset includeif.gitdir:/home/runner/work/FFmpeg-Builds/FFmpeg-Builds/.git/worktrees/*.path \/home\/runner\/work\/_temp\/git\-credentials\-9fe6ce14\-41ab\-4cac\-814b\-f43dfca4e499\.config
2026-09-15T12:27:30.7324358Z [command]/usr/bin/git config --local --get-all includeif.gitdir:/github/workspace/.git.path
2026-09-15T12:27:30.7342543Z /github/runner_temp/git-credentials-9fe6ce14-41ab-4cac-814b-f43dfca4e499.config
2026-09-15T12:27:30.7348687Z [command]/usr/bin/git config --local --unset includeif.gitdir:/github/workspace/.git.path \/github\/runner_temp\/git\-credentials\-9fe6ce14\-41ab\-4cac\-814b\-f43dfca4e499\.config
2026-09-15T12:27:30.7373084Z [command]/usr/bin/git config --local --get-all includeif.gitdir:/github/workspace/.git/worktrees/*.path
2026-09-15T12:27:30.7390272Z /github/runner_temp/git-credentials-9fe6ce14-41ab-4cac-814b-f43dfca4e499.config
2026-09-15T12:27:30.7397357Z [command]/usr/bin/git config --local --unset includeif.gitdir:/github/workspace/.git/worktrees/*.path \/github\/runner_temp\/git\-credentials\-9fe6ce14\-41ab\-4cac\-814b\-f43dfca4e499\.config
2026-09-15T12:27:30.7423686Z [command]/usr/bin/git submodule foreach --recursive git config --local --show-origin --name-only --get-regexp remote.origin.url
2026-09-15T12:27:30.7603624Z Removing credentials config '/home/runner/work/_temp/git-credentials-9fe6ce14-41ab-4cac-814b-f43dfca4e499.config'
2026-09-15T12:27:30.7727008Z Cleaning up orphan processes
